2026/09/29 07:46:56 INF MediaMTX v1.21.1, windows, amd64
2026/09/29 07:46:56 INF configuration loaded from D:\k1motion\mediamtx.yml
2026/09/29 07:46:56 INF [path cam_5064cd2c] [RTSP source] started
2026/09/29 07:46:56 INF [path cam_1e437edf] [RTSP source] started
2026/09/29 07:46:56 INF [RTSP] started with listeners on :8554 (TCP/RTSP)
2026/09/29 07:46:56 INF [path cam_1e437edf_sub] [RTSP source] started
2026/09/29 07:46:56 INF [RTMP] started with listener on :1935 (TCP/RTMP)
2026/09/29 07:46:56 INF [path cam_3059f25c] [RTSP source] started
2026/09/29 07:46:56 INF [HLS] started with listener on :8888 (TCP/HTTP)
2026/09/29 07:46:56 INF [WebRTC] started with listeners on :8889 (TCP/HTTP), :8189 (UDP/ICE)
2026/09/29 07:46:56 INF [SRT] started with listener on :8890 (UDP/SRT)
2026/09/29 07:46:56 INF [MoQ] started with listeners on :8892 (TCP/HTTP2), :8892 (UDP/HTTP3), :8893 (UDP/QUIC)
2026/09/29 07:46:56 INF [API] started with listener on :9997 (TCP/HTTP)
2026/09/29 07:46:56 WAR [path cam_5064cd2c] [recorder] skipping track 2 (Generic)
2026/09/29 07:46:56 INF [path cam_5064cd2c] [recorder] recording 1 track (H265)
2026/09/29 07:46:56 INF [path cam_5064cd2c] stream is available and online, 2 tracks (H265, Generic)
2026/09/29 07:46:56 WAR [path cam_3059f25c] [recorder] skipping track 2 (G711)
2026/09/29 07:46:56 WAR [path cam_3059f25c] [recorder] skipping track 3 (Generic)
2026/09/29 07:46:56 INF [path cam_3059f25c] [recorder] recording 1 track (H265)
2026/09/29 07:46:56 INF [path cam_3059f25c] stream is available and online, 3 tracks (H265, G711, Generic)
2026/09/29 07:46:56 WAR [path cam_1e437edf] [recorder] skipping track 2 (Generic)
2026/09/29 07:46:56 INF [path cam_1e437edf] [recorder] recording 1 track (H265)
2026/09/29 07:46:56 INF [path cam_1e437edf] stream is available and online, 2 tracks (H265, Generic)
2026/09/29 07:46:56 INF [path cam_1e437edf_sub] stream is available and online, 2 tracks (H264, Generic)
2026/09/29 07:46:57 WAR [path cam_5064cd2c] [RTSP source] 4 decode errors, last was: received RTP packet with unknown payload type: 50
2026/09/29 07:46:57 WAR [path cam_3059f25c] [RTSP source] 4 decode errors, last was: received RTP packet with unknown payload type: 50
2026/09/29 07:46:58 WAR [path cam_5064cd2c] [RTSP source] 6 decode errors, last was: received RTP packet with unknown payload type: 50
2026/09/29 07:46:58 WAR [path cam_3059f25c] [RTSP source] 5 decode errors, last was: received RTP packet with unknown payload type: 50
2026/09/29 07:46:59 WAR [path cam_5064cd2c] [RTSP source] 5 decode errors, last was: received RTP packet with unknown payload type: 50
2026/09/29 07:46:59 WAR [path cam_3059f25c] [RTSP source] 5 decode errors, last was: received RTP packet with unknown payload type: 50
2026/09/29 07:47:00 WAR [path cam_5064cd2c] [RTSP source] 4 decode errors, last was: received RTP packet with unknown payload type: 50
2026/09/29 07:47:00 WAR [path cam_3059f25c] [RTSP source] 5 decode errors, last was: received RTP packet with unknown payload type: 50
2026/09/29 07:47:01 WAR [path cam_5064cd2c] [RTSP source] 6 decode errors, last was: received RTP packet with unknown payload type: 50
2026/09/29 07:47:01 WAR [path cam_3059f25c] [RTSP source] 5 decode errors, last was: received RTP packet with unknown payload type: 50
2026/09/29 07:47:02 WAR [path cam_5064cd2c] [RTSP source] 5 decode errors, last was: received RTP packet with unknown payload type: 50
2026/09/29 07:47:02 WAR [path cam_3059f25c] [RTSP source] 5 decode errors, last was: received RTP packet with unknown payload type: 50
2026/09/29 07:47:03 WAR [path cam_5064cd2c] [RTSP source] 4 decode errors, last was: received RTP packet with unknown payload type: 50
2026/09/29 07:47:03 WAR [path cam_3059f25c] [RTSP source] 5 decode errors, last was: received RTP packet with unknown payload type: 50
2026/09/29 07:47:04 WAR [path cam_3059f25c] [RTSP source] 5 decode errors, last was: received RTP packet with unknown payload type: 50
2026/09/29 07:47:04 WAR [path cam_5064cd2c] [RTSP source] 6 decode errors, last was: received RTP packet with unknown payload type: 50
2026/09/29 07:47:05 WAR [path cam_3059f25c] [RTSP source] 5 decode errors, last was: received RTP packet with unknown payload type: 50
2026/09/29 07:47:05 WAR [path cam_5064cd2c] [RTSP source] 5 decode errors, last was: received RTP packet with unknown payload type: 50
2026/09/29 07:47:06 WAR [path cam_5064cd2c] [RTSP source] 4 decode errors, last was: received RTP packet with unknown payload type: 50
2026/09/29 07:47:06 WAR [path cam_3059f25c] [RTSP source] 5 decode errors, last was: received RTP packet with unknown payload type: 50
2026/09/29 07:47:07 WAR [path cam_5064cd2c] [RTSP source] 6 decode errors, last was: received RTP packet with unknown payload type: 50
2026/09/29 07:47:07 WAR [path cam_3059f25c] [RTSP source] 5 decode errors, last was: received RTP packet with unknown payload type: 50
2026/09/29 07:47:08 WAR [path cam_5064cd2c] [RTSP source] 4 decode errors, last was: received RTP packet with unknown payload type: 50
2026/09/29 07:47:08 WAR [path cam_3059f25c] [RTSP source] 5 decode errors, last was: received RTP packet with unknown payload type: 50
2026/09/29 07:47:09 WAR [path cam_3059f25c] [RTSP source] 5 decode errors, last was: received RTP packet with unknown payload type: 50
2026/09/29 07:47:09 WAR [path cam_5064cd2c] [RTSP source] 5 decode errors, last was: received RTP packet with unknown payload type: 50
2026/09/29 07:47:10 WAR [path cam_5064cd2c] [RTSP source] 6 decode errors, last was: received RTP packet with unknown payload type: 50
2026/09/29 07:47:10 WAR [path cam_3059f25c] [RTSP source] 5 decode errors, last was: received RTP packet with unknown payload type: 50
2026/09/29 07:47:11 WAR [path cam_5064cd2c] [RTSP source] 5 decode errors, last was: received RTP packet with unknown payload type: 50
2026/09/29 07:47:11 WAR [path cam_3059f25c] [RTSP source] 5 decode errors, last was: received RTP packet with unknown payload type: 50
2026/09/29 07:47:12 WAR [path cam_5064cd2c] [RTSP source] 5 decode errors, last was: received RTP packet with unknown payload type: 50
2026/09/29 07:47:12 WAR [path cam_3059f25c] [RTSP source] 5 decode errors, last was: received RTP packet with unknown payload type: 50
2026/09/29 07:47:13 WAR [path cam_5064cd2c] [RTSP source] 5 decode errors, last was: received RTP packet with unknown payload type: 50
2026/09/29 07:47:13 WAR [path cam_3059f25c] [RTSP source] 5 decode errors, last was: received RTP packet with unknown payload type: 50
2026/09/29 07:47:14 WAR [path cam_5064cd2c] [RTSP source] 5 decode errors, last was: received RTP packet with unknown payload type: 50
2026/09/29 07:47:14 WAR [path cam_3059f25c] [RTSP source] 5 decode errors, last was: received RTP packet with unknown payload type: 50
2026/09/29 07:47:15 WAR [path cam_3059f25c] [RTSP source] 5 decode errors, last was: received RTP packet with unknown payload type: 50
2026/09/29 07:47:15 WAR [path cam_5064cd2c] [RTSP source] 4 decode errors, last was: received RTP packet with unknown payload type: 50
2026/09/29 07:47:16 WAR [path cam_5064cd2c] [RTSP source] 6 decode errors, last was: received RTP packet with unknown payload type: 50
2026/09/29 07:47:16 WAR [path cam_3059f25c] [RTSP source] 5 decode errors, last was: received RTP packet with unknown payload type: 50
2026/09/29 07:47:17 WAR [path cam_5064cd2c] [RTSP source] 5 decode errors, last was: received RTP packet with unknown payload type: 50
2026/09/29 07:47:17 WAR [path cam_3059f25c] [RTSP source] 5 decode errors, last was: received RTP packet with unknown payload type: 50
2026/09/29 07:47:18 WAR [path cam_5064cd2c] [RTSP source] 5 decode errors, last was: received RTP packet with unknown payload type: 50
2026/09/29 07:47:18 WAR [path cam_3059f25c] [RTSP source] 5 decode errors, last was: received RTP packet with unknown payload type: 50
2026/09/29 07:47:19 WAR [path cam_5064cd2c] [RTSP source] 5 decode errors, last was: received RTP packet with unknown payload type: 50
2026/09/29 07:47:19 WAR [path cam_3059f25c] [RTSP source] 5 decode errors, last was: received RTP packet with unknown payload type: 50
2026/09/29 07:47:20 WAR [path cam_5064cd2c] [RTSP source] 5 decode errors, last was: received RTP packet with unknown payload type: 50
2026/09/29 07:47:20 WAR [path cam_3059f25c] [RTSP source] 5 decode errors, last was: received RTP packet with unknown payload type: 50
2026/09/29 07:47:21 WAR [path cam_5064cd2c] [RTSP source] 4 decode errors, last was: received RTP packet with unknown payload type: 50
2026/09/29 07:47:21 WAR [path cam_3059f25c] [RTSP source] 5 decode errors, last was: received RTP packet with unknown payload type: 50
2026/09/29 07:47:22 WAR [path cam_3059f25c] [RTSP source] 5 decode errors, last was: received RTP packet with unknown payload type: 50
2026/09/29 07:47:22 WAR [path cam_5064cd2c] [RTSP source] 6 decode errors, last was: received RTP packet with unknown payload type: 50
2026/09/29 07:47:23 WAR [path cam_5064cd2c] [RTSP source] 5 decode errors, last was: received RTP packet with unknown payload type: 50
2026/09/29 07:47:23 WAR [path cam_3059f25c] [RTSP source] 5 decode errors, last was: received RTP packet with unknown payload type: 50
2026/09/29 07:47:24 WAR [path cam_3059f25c] [RTSP source] 5 decode errors, last was: received RTP packet with unknown payload type: 50
2026/09/29 07:47:24 WAR [path cam_5064cd2c] [RTSP source] 5 decode errors, last was: received RTP packet with unknown payload type: 50
2026/09/29 07:47:25 WAR [path cam_5064cd2c] [RTSP source] 5 decode errors, last was: received RTP packet with unknown payload type: 50
2026/09/29 07:47:25 WAR [path cam_3059f25c] [RTSP source] 5 decode errors, last was: received RTP packet with unknown payload type: 50
2026/09/29 07:47:26 WAR [path cam_3059f25c] [RTSP source] 5 decode errors, last was: received RTP packet with unknown payload type: 50
2026/09/29 07:47:26 WAR [path cam_5064cd2c] [RTSP source] 5 decode errors, last was: received RTP packet with unknown payload type: 50
2026/09/29 07:47:27 WAR [path cam_5064cd2c] [RTSP source] 4 decode errors, last was: received RTP packet with unknown payload type: 50
2026/09/29 07:47:27 WAR [path cam_3059f25c] [RTSP source] 5 decode errors, last was: received RTP packet with unknown payload type: 50
2026/09/29 07:47:28 WAR [path cam_5064cd2c] [RTSP source] 6 decode errors, last was: received RTP packet with unknown payload type: 50
2026/09/29 07:47:28 WAR [path cam_3059f25c] [RTSP source] 5 decode errors, last was: received RTP packet with unknown payload type: 50
2026/09/29 07:47:29 WAR [path cam_5064cd2c] [RTSP source] 5 decode errors, last was: received RTP packet with unknown payload type: 50
2026/09/29 07:47:29 WAR [path cam_3059f25c] [RTSP source] 5 decode errors, last was: received RTP packet with unknown payload type: 50
2026/09/29 07:47:30 WAR [path cam_5064cd2c] [RTSP source] 5 decode errors, last was: received RTP packet with unknown payload type: 50
2026/09/29 07:47:30 WAR [path cam_3059f25c] [RTSP source] 5 decode errors, last was: received RTP packet with unknown payload type: 50
2026/09/29 07:47:31 WAR [path cam_5064cd2c] [RTSP source] 5 decode errors, last was: received RTP packet with unknown payload type: 50
2026/09/29 07:47:31 WAR [path cam_3059f25c] [RTSP source] 5 decode errors, last was: received RTP packet with unknown payload type: 50
2026/09/29 07:47:32 WAR [path cam_3059f25c] [RTSP source] 5 decode errors, last was: received RTP packet with unknown payload type: 50
2026/09/29 07:47:32 WAR [path cam_5064cd2c] [RTSP source] 5 decode errors, last was: received RTP packet with unknown payload type: 50
2026/09/29 07:47:33 WAR [path cam_5064cd2c] [RTSP source] 5 decode errors, last was: received RTP packet with unknown payload type: 50
2026/09/29 07:47:33 WAR [path cam_3059f25c] [RTSP source] 5 decode errors, last was: received RTP packet with unknown payload type: 50
2026/09/29 07:47:34 WAR [path cam_5064cd2c] [RTSP source] 5 decode errors, last was: received RTP packet with unknown payload type: 50
2026/09/29 07:47:34 WAR [path cam_3059f25c] [RTSP source] 5 decode errors, last was: received RTP packet with unknown payload type: 50
2026/09/29 07:47:35 WAR [path cam_3059f25c] [RTSP source] 5 decode errors, last was: received RTP packet with unknown payload type: 50
2026/09/29 07:47:35 WAR [path cam_5064cd2c] [RTSP source] 5 decode errors, last was: received RTP packet with unknown payload type: 50
2026/09/29 07:47:36 WAR [path cam_3059f25c] [RTSP source] 5 decode errors, last was: received RTP packet with unknown payload type: 50
2026/09/29 07:47:36 WAR [path cam_5064cd2c] [RTSP source] 5 decode errors, last was: received RTP packet with unknown payload type: 50
2026/09/29 07:47:37 WAR [path cam_5064cd2c] [RTSP source] 5 decode errors, last was: received RTP packet with unknown payload type: 50
2026/09/29 07:47:37 WAR [path cam_3059f25c] [RTSP source] 5 decode errors, last was: received RTP packet with unknown payload type: 50
2026/09/29 07:47:38 WAR [path cam_5064cd2c] [RTSP source] 5 decode errors, last was: received RTP packet with unknown payload type: 50
2026/09/29 07:47:38 WAR [path cam_3059f25c] [RTSP source] 5 decode errors, last was: received RTP packet with unknown payload type: 50
2026/09/29 07:47:39 WAR [path cam_5064cd2c] [RTSP source] 5 decode errors, last was: received RTP packet with unknown payload type: 50
2026/09/29 07:47:39 WAR [path cam_3059f25c] [RTSP source] 5 decode errors, last was: received RTP packet with unknown payload type: 50
2026/09/29 07:47:40 WAR [path cam_5064cd2c] [RTSP source] 5 decode errors, last was: received RTP packet with unknown payload type: 50
2026/09/29 07:47:40 WAR [path cam_3059f25c] [RTSP source] 5 decode errors, last was: received RTP packet with unknown payload type: 50
2026/09/29 07:47:41 WAR [path cam_3059f25c] [RTSP source] 5 decode errors, last was: received RTP packet with unknown payload type: 50
2026/09/29 07:47:41 WAR [path cam_5064cd2c] [RTSP source] 5 decode errors, last was: received RTP packet with unknown payload type: 50
2026/09/29 07:47:42 WAR [path cam_3059f25c] [RTSP source] 5 decode errors, last was: received RTP packet with unknown payload type: 50
2026/09/29 07:47:42 WAR [path cam_5064cd2c] [RTSP source] 5 decode errors, last was: received RTP packet with unknown payload type: 50
2026/09/29 07:47:43 WAR [path cam_5064cd2c] [RTSP source] 5 decode errors, last was: received RTP packet with unknown payload type: 50
2026/09/29 07:47:43 WAR [path cam_3059f25c] [RTSP source] 5 decode errors, last was: received RTP packet with unknown payload type: 50
2026/09/29 07:47:44 WAR [path cam_3059f25c] [RTSP source] 5 decode errors, last was: received RTP packet with unknown payload type: 50
2026/09/29 07:47:44 WAR [path cam_5064cd2c] [RTSP source] 5 decode errors, last was: received RTP packet with unknown payload type: 50
2026/09/29 07:47:45 WAR [path cam_5064cd2c] [RTSP source] 5 decode errors, last was: received RTP packet with unknown payload type: 50
2026/09/29 07:47:45 WAR [path cam_3059f25c] [RTSP source] 5 decode errors, last was: received RTP packet with unknown payload type: 50
2026/09/29 07:47:45 INF reloading configuration (file changed)
2026/09/29 07:47:46 WAR [path cam_3059f25c] [RTSP source] 5 decode errors, last was: received RTP packet with unknown payload type: 50
2026/09/29 07:47:46 WAR [path cam_5064cd2c] [RTSP source] 5 decode errors, last was: received RTP packet with unknown payload type: 50
2026/09/29 07:47:47 WAR [path cam_5064cd2c] [RTSP source] 5 decode errors, last was: received RTP packet with unknown payload type: 50
2026/09/29 07:47:47 WAR [path cam_3059f25c] [RTSP source] 5 decode errors, last was: received RTP packet with unknown payload type: 50
2026/09/29 07:47:48 WAR [path cam_5064cd2c] [RTSP source] 5 decode errors, last was: received RTP packet with unknown payload type: 50
2026/09/29 07:47:48 WAR [path cam_3059f25c] [RTSP source] 5 decode errors, last was: received RTP packet with unknown payload type: 50
2026/09/29 07:47:49 WAR [path cam_5064cd2c] [RTSP source] 5 decode errors, last was: received RTP packet with unknown payload type: 50
2026/09/29 07:47:49 WAR [path cam_3059f25c] [RTSP source] 5 decode errors, last was: received RTP packet with unknown payload type: 50
2026/09/29 07:47:50 WAR [path cam_5064cd2c] [RTSP source] 5 decode errors, last was: received RTP packet with unknown payload type: 50
2026/09/29 07:47:50 WAR [path cam_3059f25c] [RTSP source] 5 decode errors, last was: received RTP packet with unknown payload type: 50
2026/09/29 07:47:51 WAR [path cam_5064cd2c] [RTSP source] 5 decode errors, last was: received RTP packet with unknown payload type: 50
2026/09/29 07:47:51 WAR [path cam_3059f25c] [RTSP source] 5 decode errors, last was: received RTP packet with unknown payload type: 50
2026/09/29 07:47:52 WAR [path cam_5064cd2c] [RTSP source] 5 decode errors, last was: received RTP packet with unknown payload type: 50
2026/09/29 07:47:52 WAR [path cam_3059f25c] [RTSP source] 5 decode errors, last was: received RTP packet with unknown payload type: 50
2026/09/29 07:47:53 WAR [path cam_5064cd2c] [RTSP source] 5 decode errors, last was: received RTP packet with unknown payload type: 50
2026/09/29 07:47:53 WAR [path cam_3059f25c] [RTSP source] 5 decode errors, last was: received RTP packet with unknown payload type: 50
2026/09/29 07:47:54 WAR [path cam_3059f25c] [RTSP source] 5 decode errors, last was: received RTP packet with unknown payload type: 50
2026/09/29 07:47:54 WAR [path cam_5064cd2c] [RTSP source] 5 decode errors, last was: received RTP packet with unknown payload type: 50
2026/09/29 07:47:55 WAR [path cam_5064cd2c] [RTSP source] 5 decode errors, last was: received RTP packet with unknown payload type: 50
2026/09/29 07:47:55 WAR [path cam_3059f25c] [RTSP source] 5 decode errors, last was: received RTP packet with unknown payload type: 50
2026/09/29 07:47:56 WAR [path cam_5064cd2c] [RTSP source] 5 decode errors, last was: received RTP packet with unknown payload type: 50
2026/09/29 07:47:56 WAR [path cam_3059f25c] [RTSP source] 5 decode errors, last was: received RTP packet with unknown payload type: 50
2026/09/29 07:47:57 WAR [path cam_3059f25c] [RTSP source] 5 decode errors, last was: received RTP packet with unknown payload type: 50
2026/09/29 07:47:57 WAR [path cam_5064cd2c] [RTSP source] 5 decode errors, last was: received RTP packet with unknown payload type: 50
2026/09/29 07:47:58 WAR [path cam_5064cd2c] [RTSP source] 5 decode errors, last was: received RTP packet with unknown payload type: 50
2026/09/29 07:47:58 WAR [path cam_3059f25c] [RTSP source] 5 decode errors, last was: received RTP packet with unknown payload type: 50
2026/09/29 07:47:59 WAR [path cam_5064cd2c] [RTSP source] 5 decode errors, last was: received RTP packet with unknown payload type: 50
2026/09/29 07:47:59 WAR [path cam_3059f25c] [RTSP source] 5 decode errors, last was: received RTP packet with unknown payload type: 50
2026/09/29 07:48:00 WAR [path cam_5064cd2c] [RTSP source] 5 decode errors, last was: received RTP packet with unknown payload type: 50
2026/09/29 07:48:00 WAR [path cam_3059f25c] [RTSP source] 5 decode errors, last was: received RTP packet with unknown payload type: 50
2026/09/29 07:48:01 WAR [path cam_5064cd2c] [RTSP source] 5 decode errors, last was: received RTP packet with unknown payload type: 50
2026/09/29 07:48:01 WAR [path cam_3059f25c] [RTSP source] 5 decode errors, last was: received RTP packet with unknown payload type: 50
2026/09/29 07:48:02 WAR [path cam_5064cd2c] [RTSP source] 5 decode errors, last was: received RTP packet with unknown payload type: 50
2026/09/29 07:48:02 WAR [path cam_3059f25c] [RTSP source] 5 decode errors, last was: received RTP packet with unknown payload type: 50
2026/09/29 07:48:03 WAR [path cam_5064cd2c] [RTSP source] 5 decode errors, last was: received RTP packet with unknown payload type: 50
2026/09/29 07:48:03 WAR [path cam_3059f25c] [RTSP source] 5 decode errors, last was: received RTP packet with unknown payload type: 50
2026/09/29 07:48:04 WAR [path cam_3059f25c] [RTSP source] 5 decode errors, last was: received RTP packet with unknown payload type: 50
2026/09/29 07:48:04 WAR [path cam_5064cd2c] [RTSP source] 5 decode errors, last was: received RTP packet with unknown payload type: 50
2026/09/29 07:48:05 WAR [path cam_5064cd2c] [RTSP source] 5 decode errors, last was: received RTP packet with unknown payload type: 50
2026/09/29 07:48:05 WAR [path cam_3059f25c] [RTSP source] 5 decode errors, last was: received RTP packet with unknown payload type: 50
2026/09/29 07:48:06 WAR [path cam_5064cd2c] [RTSP source] 5 decode errors, last was: received RTP packet with unknown payload type: 50
2026/09/29 07:48:06 WAR [path cam_3059f25c] [RTSP source] 5 decode errors, last was: received RTP packet with unknown payload type: 50
2026/09/29 07:48:07 WAR [path cam_3059f25c] [RTSP source] 5 decode errors, last was: received RTP packet with unknown payload type: 50
2026/09/29 07:48:07 WAR [path cam_5064cd2c] [RTSP source] 5 decode errors, last was: received RTP packet with unknown payload type: 50
2026/09/29 07:48:08 WAR [path cam_3059f25c] [RTSP source] 5 decode errors, last was: received RTP packet with unknown payload type: 50
2026/09/29 07:48:08 WAR [path cam_5064cd2c] [RTSP source] 5 decode errors, last was: received RTP packet with unknown payload type: 50
2026/09/29 07:48:09 WAR [path cam_3059f25c] [RTSP source] 5 decode errors, last was: received RTP packet with unknown payload type: 50
2026/09/29 07:48:09 WAR [path cam_5064cd2c] [RTSP source] 5 decode errors, last was: received RTP packet with unknown payload type: 50
2026/09/29 07:48:10 WAR [path cam_5064cd2c] [RTSP source] 5 decode errors, last was: received RTP packet with unknown payload type: 50
2026/09/29 07:48:10 WAR [path cam_3059f25c] [RTSP source] 5 decode errors, last was: received RTP packet with unknown payload type: 50
2026/09/29 07:48:11 WAR [path cam_3059f25c] [RTSP source] 5 decode errors, last was: received RTP packet with unknown payload type: 50
2026/09/29 07:48:11 WAR [path cam_5064cd2c] [RTSP source] 5 decode errors, last was: received RTP packet with unknown payload type: 50
2026/09/29 07:48:12 WAR [path cam_3059f25c] [RTSP source] 5 decode errors, last was: received RTP packet with unknown payload type: 50
2026/09/29 07:48:12 WAR [path cam_5064cd2c] [RTSP source] 5 decode errors, last was: received RTP packet with unknown payload type: 50
2026/09/29 07:48:13 WAR [path cam_3059f25c] [RTSP source] 5 decode errors, last was: received RTP packet with unknown payload type: 50
2026/09/29 07:48:13 WAR [path cam_5064cd2c] [RTSP source] 5 decode errors, last was: received RTP packet with unknown payload type: 50
2026/09/29 07:48:14 WAR [path cam_5064cd2c] [RTSP source] 5 decode errors, last was: received RTP packet with unknown payload type: 50
2026/09/29 07:48:14 WAR [path cam_3059f25c] [RTSP source] 5 decode errors, last was: received RTP packet with unknown payload type: 50
2026/09/29 07:48:15 WAR [path cam_5064cd2c] [RTSP source] 5 decode errors, last was: received RTP packet with unknown payload type: 50
2026/09/29 07:48:15 WAR [path cam_3059f25c] [RTSP source] 5 decode errors, last was: received RTP packet with unknown payload type: 50
2026/09/29 07:48:16 WAR [path cam_5064cd2c] [RTSP source] 5 decode errors, last was: received RTP packet with unknown payload type: 50
2026/09/29 07:48:16 WAR [path cam_3059f25c] [RTSP source] 5 decode errors, last was: received RTP packet with unknown payload type: 50
2026/09/29 07:48:17 WAR [path cam_5064cd2c] [RTSP source] 5 decode errors, last was: received RTP packet with unknown payload type: 50
2026/09/29 07:48:17 WAR [path cam_3059f25c] [RTSP source] 5 decode errors, last was: received RTP packet with unknown payload type: 50
2026/09/29 07:48:18 WAR [path cam_3059f25c] [RTSP source] 5 decode errors, last was: received RTP packet with unknown payload type: 50
2026/09/29 07:48:18 WAR [path cam_5064cd2c] [RTSP source] 5 decode errors, last was: received RTP packet with unknown payload type: 50
2026/09/29 07:48:19 WAR [path cam_5064cd2c] [RTSP source] 5 decode errors, last was: received RTP packet with unknown payload type: 50
2026/09/29 07:48:19 WAR [path cam_3059f25c] [RTSP source] 5 decode errors, last was: received RTP packet with unknown payload type: 50
2026/09/29 07:48:20 WAR [path cam_3059f25c] [RTSP source] 5 decode errors, last was: received RTP packet with unknown payload type: 50
2026/09/29 07:48:20 WAR [path cam_5064cd2c] [RTSP source] 5 decode errors, last was: received RTP packet with unknown payload type: 50
2026/09/29 07:48:21 WAR [path cam_5064cd2c] [RTSP source] 5 decode errors, last was: received RTP packet with unknown payload type: 50
2026/09/29 07:48:21 WAR [path cam_3059f25c] [RTSP source] 5 decode errors, last was: received RTP packet with unknown payload type: 50
2026/09/29 07:48:22 WAR [path cam_5064cd2c] [RTSP source] 5 decode errors, last was: received RTP packet with unknown payload type: 50
2026/09/29 07:48:22 WAR [path cam_3059f25c] [RTSP source] 5 decode errors, last was: received RTP packet with unknown payload type: 50
2026/09/29 07:48:23 WAR [path cam_5064cd2c] [RTSP source] 5 decode errors, last was: received RTP packet with unknown payload type: 50
2026/09/29 07:48:23 WAR [path cam_3059f25c] [RTSP source] 5 decode errors, last was: received RTP packet with unknown payload type: 50
2026/09/29 07:48:24 WAR [path cam_5064cd2c] [RTSP source] 5 decode errors, last was: received RTP packet with unknown payload type: 50
2026/09/29 07:48:24 WAR [path cam_3059f25c] [RTSP source] 5 decode errors, last was: received RTP packet with unknown payload type: 50
2026/09/29 07:48:25 WAR [path cam_5064cd2c] [RTSP source] 5 decode errors, last was: received RTP packet with unknown payload type: 50
2026/09/29 07:48:25 WAR [path cam_3059f25c] [RTSP source] 5 decode errors, last was: received RTP packet with unknown payload type: 50
2026/09/29 07:48:26 WAR [path cam_3059f25c] [RTSP source] 5 decode errors, last was: received RTP packet with unknown payload type: 50
2026/09/29 07:48:26 WAR [path cam_5064cd2c] [RTSP source] 5 decode errors, last was: received RTP packet with unknown payload type: 50
2026/09/29 07:48:27 WAR [path cam_5064cd2c] [RTSP source] 5 decode errors, last was: received RTP packet with unknown payload type: 50
2026/09/29 07:48:27 WAR [path cam_3059f25c] [RTSP source] 5 decode errors, last was: received RTP packet with unknown payload type: 50
2026/09/29 07:48:28 WAR [path cam_5064cd2c] [RTSP source] 5 decode errors, last was: received RTP packet with unknown payload type: 50
2026/09/29 07:48:28 WAR [path cam_3059f25c] [RTSP source] 5 decode errors, last was: received RTP packet with unknown payload type: 50
2026/09/29 07:48:29 WAR [path cam_5064cd2c] [RTSP source] 5 decode errors, last was: received RTP packet with unknown payload type: 50
2026/09/29 07:48:29 WAR [path cam_3059f25c] [RTSP source] 5 decode errors, last was: received RTP packet with unknown payload type: 50
2026/09/29 07:48:30 WAR [path cam_5064cd2c] [RTSP source] 5 decode errors, last was: received RTP packet with unknown payload type: 50
2026/09/29 07:48:30 WAR [path cam_3059f25c] [RTSP source] 5 decode errors, last was: received RTP packet with unknown payload type: 50
2026/09/29 07:48:31 WAR [path cam_3059f25c] [RTSP source] 5 decode errors, last was: received RTP packet with unknown payload type: 50
2026/09/29 07:48:31 WAR [path cam_5064cd2c] [RTSP source] 5 decode errors, last was: received RTP packet with unknown payload type: 50
2026/09/29 07:48:32 WAR [path cam_5064cd2c] [RTSP source] 5 decode errors, last was: received RTP packet with unknown payload type: 50
2026/09/29 07:48:32 WAR [path cam_3059f25c] [RTSP source] 5 decode errors, last was: received RTP packet with unknown payload type: 50
2026/09/29 07:48:33 WAR [path cam_5064cd2c] [RTSP source] 5 decode errors, last was: received RTP packet with unknown payload type: 50
2026/09/29 07:48:33 WAR [path cam_3059f25c] [RTSP source] 5 decode errors, last was: received RTP packet with unknown payload type: 50
2026/09/29 07:48:34 WAR [path cam_3059f25c] [RTSP source] 5 decode errors, last was: received RTP packet with unknown payload type: 50
2026/09/29 07:48:34 WAR [path cam_5064cd2c] [RTSP source] 5 decode errors, last was: received RTP packet with unknown payload type: 50
2026/09/29 07:48:35 WAR [path cam_3059f25c] [RTSP source] 5 decode errors, last was: received RTP packet with unknown payload type: 50
2026/09/29 07:48:35 WAR [path cam_5064cd2c] [RTSP source] 5 decode errors, last was: received RTP packet with unknown payload type: 50
2026/09/29 07:48:36 WAR [path cam_3059f25c] [RTSP source] 5 decode errors, last was: received RTP packet with unknown payload type: 50
2026/09/29 07:48:36 WAR [path cam_5064cd2c] [RTSP source] 5 decode errors, last was: received RTP packet with unknown payload type: 50
2026/09/29 07:48:37 WAR [path cam_3059f25c] [RTSP source] 5 decode errors, last was: received RTP packet with unknown payload type: 50
2026/09/29 07:48:37 WAR [path cam_5064cd2c] [RTSP source] 5 decode errors, last was: received RTP packet with unknown payload type: 50
2026/09/29 07:48:38 WAR [path cam_5064cd2c] [RTSP source] 5 decode errors, last was: received RTP packet with unknown payload type: 50
2026/09/29 07:48:38 WAR [path cam_3059f25c] [RTSP source] 5 decode errors, last was: received RTP packet with unknown payload type: 50
2026/09/29 07:48:39 WAR [path cam_5064cd2c] [RTSP source] 5 decode errors, last was: received RTP packet with unknown payload type: 50
2026/09/29 07:48:39 WAR [path cam_3059f25c] [RTSP source] 5 decode errors, last was: received RTP packet with unknown payload type: 50
2026/09/29 07:48:40 WAR [path cam_5064cd2c] [RTSP source] 5 decode errors, last was: received RTP packet with unknown payload type: 50
2026/09/29 07:48:40 WAR [path cam_3059f25c] [RTSP source] 5 decode errors, last was: received RTP packet with unknown payload type: 50
2026/09/29 07:48:41 WAR [path cam_5064cd2c] [RTSP source] 5 decode errors, last was: received RTP packet with unknown payload type: 50
2026/09/29 07:48:41 WAR [path cam_3059f25c] [RTSP source] 5 decode errors, last was: received RTP packet with unknown payload type: 50
2026/09/29 07:48:42 WAR [path cam_3059f25c] [RTSP source] 5 decode errors, last was: received RTP packet with unknown payload type: 50
2026/09/29 07:48:42 WAR [path cam_5064cd2c] [RTSP source] 5 decode errors, last was: received RTP packet with unknown payload type: 50
2026/09/29 07:48:43 WAR [path cam_5064cd2c] [RTSP source] 5 decode errors, last was: received RTP packet with unknown payload type: 50
2026/09/29 07:48:43 WAR [path cam_3059f25c] [RTSP source] 5 decode errors, last was: received RTP packet with unknown payload type: 50
2026/09/29 07:48:44 WAR [path cam_5064cd2c] [RTSP source] 5 decode errors, last was: received RTP packet with unknown payload type: 50
2026/09/29 07:48:44 WAR [path cam_3059f25c] [RTSP source] 5 decode errors, last was: received RTP packet with unknown payload type: 50
2026/09/29 07:48:45 WAR [path cam_5064cd2c] [RTSP source] 5 decode errors, last was: received RTP packet with unknown payload type: 50
2026/09/29 07:48:45 WAR [path cam_3059f25c] [RTSP source] 5 decode errors, last was: received RTP packet with unknown payload type: 50
2026/09/29 07:48:46 WAR [path cam_5064cd2c] [RTSP source] 5 decode errors, last was: received RTP packet with unknown payload type: 50
2026/09/29 07:48:46 WAR [path cam_3059f25c] [RTSP source] 5 decode errors, last was: received RTP packet with unknown payload type: 50
2026/09/29 07:48:47 WAR [path cam_5064cd2c] [RTSP source] 5 decode errors, last was: received RTP packet with unknown payload type: 50
2026/09/29 07:48:47 WAR [path cam_3059f25c] [RTSP source] 5 decode errors, last was: received RTP packet with unknown payload type: 50
2026/09/29 07:48:48 WAR [path cam_3059f25c] [RTSP source] 5 decode errors, last was: received RTP packet with unknown payload type: 50
2026/09/29 07:48:48 WAR [path cam_5064cd2c] [RTSP source] 5 decode errors, last was: received RTP packet with unknown payload type: 50
2026/09/29 07:48:49 WAR [path cam_5064cd2c] [RTSP source] 5 decode errors, last was: received RTP packet with unknown payload type: 50
2026/09/29 07:48:49 WAR [path cam_3059f25c] [RTSP source] 5 decode errors, last was: received RTP packet with unknown payload type: 50
2026/09/29 07:48:50 WAR [path cam_3059f25c] [RTSP source] 5 decode errors, last was: received RTP packet with unknown payload type: 50
2026/09/29 07:48:50 WAR [path cam_5064cd2c] [RTSP source] 5 decode errors, last was: received RTP packet with unknown payload type: 50
2026/09/29 07:48:51 WAR [path cam_5064cd2c] [RTSP source] 5 decode errors, last was: received RTP packet with unknown payload type: 50
2026/09/29 07:48:51 WAR [path cam_3059f25c] [RTSP source] 5 decode errors, last was: received RTP packet with unknown payload type: 50
2026/09/29 07:48:52 WAR [path cam_3059f25c] [RTSP source] 5 decode errors, last was: received RTP packet with unknown payload type: 50
2026/09/29 07:48:52 WAR [path cam_5064cd2c] [RTSP source] 5 decode errors, last was: received RTP packet with unknown payload type: 50
2026/09/29 07:48:53 WAR [path cam_5064cd2c] [RTSP source] 5 decode errors, last was: received RTP packet with unknown payload type: 50
2026/09/29 07:48:53 WAR [path cam_3059f25c] [RTSP source] 5 decode errors, last was: received RTP packet with unknown payload type: 50
2026/09/29 07:48:54 WAR [path cam_5064cd2c] [RTSP source] 5 decode errors, last was: received RTP packet with unknown payload type: 50
2026/09/29 07:48:54 WAR [path cam_3059f25c] [RTSP source] 5 decode errors, last was: received RTP packet with unknown payload type: 50
2026/09/29 07:48:55 WAR [path cam_3059f25c] [RTSP source] 5 decode errors, last was: received RTP packet with unknown payload type: 50
2026/09/29 07:48:55 WAR [path cam_5064cd2c] [RTSP source] 5 decode errors, last was: received RTP packet with unknown payload type: 50
2026/09/29 07:48:56 WAR [path cam_3059f25c] [RTSP source] 5 decode errors, last was: received RTP packet with unknown payload type: 50
2026/09/29 07:48:56 WAR [path cam_5064cd2c] [RTSP source] 5 decode errors, last was: received RTP packet with unknown payload type: 50
2026/09/29 07:48:57 WAR [path cam_3059f25c] [RTSP source] 5 decode errors, last was: received RTP packet with unknown payload type: 50
2026/09/29 07:48:57 WAR [path cam_5064cd2c] [RTSP source] 5 decode errors, last was: received RTP packet with unknown payload type: 50
2026/09/29 07:48:58 WAR [path cam_5064cd2c] [RTSP source] 5 decode errors, last was: received RTP packet with unknown payload type: 50
2026/09/29 07:48:58 WAR [path cam_3059f25c] [RTSP source] 5 decode errors, last was: received RTP packet with unknown payload type: 50
2026/09/29 07:48:59 WAR [path cam_5064cd2c] [RTSP source] 5 decode errors, last was: received RTP packet with unknown payload type: 50
2026/09/29 07:48:59 WAR [path cam_3059f25c] [RTSP source] 5 decode errors, last was: received RTP packet with unknown payload type: 50
2026/09/29 07:49:00 WAR [path cam_5064cd2c] [RTSP source] 5 decode errors, last was: received RTP packet with unknown payload type: 50
2026/09/29 07:49:00 WAR [path cam_3059f25c] [RTSP source] 5 decode errors, last was: received RTP packet with unknown payload type: 50
2026/09/29 07:49:01 WAR [path cam_3059f25c] [RTSP source] 5 decode errors, last was: received RTP packet with unknown payload type: 50
2026/09/29 07:49:01 WAR [path cam_5064cd2c] [RTSP source] 5 decode errors, last was: received RTP packet with unknown payload type: 50
2026/09/29 07:49:02 WAR [path cam_5064cd2c] [RTSP source] 5 decode errors, last was: received RTP packet with unknown payload type: 50
2026/09/29 07:49:02 WAR [path cam_3059f25c] [RTSP source] 5 decode errors, last was: received RTP packet with unknown payload type: 50
2026/09/29 07:49:03 WAR [path cam_5064cd2c] [RTSP source] 5 decode errors, last was: received RTP packet with unknown payload type: 50
2026/09/29 07:49:03 WAR [path cam_3059f25c] [RTSP source] 5 decode errors, last was: received RTP packet with unknown payload type: 50
2026/09/29 07:49:04 WAR [path cam_5064cd2c] [RTSP source] 5 decode errors, last was: received RTP packet with unknown payload type: 50
2026/09/29 07:49:04 WAR [path cam_3059f25c] [RTSP source] 5 decode errors, last was: received RTP packet with unknown payload type: 50
2026/09/29 07:49:05 WAR [path cam_5064cd2c] [RTSP source] 5 decode errors, last was: received RTP packet with unknown payload type: 50
2026/09/29 07:49:05 WAR [path cam_3059f25c] [RTSP source] 5 decode errors, last was: received RTP packet with unknown payload type: 50
2026/09/29 07:49:06 WAR [path cam_3059f25c] [RTSP source] 5 decode errors, last was: received RTP packet with unknown payload type: 50
2026/09/29 07:49:06 WAR [path cam_5064cd2c] [RTSP source] 5 decode errors, last was: received RTP packet with unknown payload type: 50
2026/09/29 07:49:07 WAR [path cam_3059f25c] [RTSP source] 5 decode errors, last was: received RTP packet with unknown payload type: 50
2026/09/29 07:49:07 WAR [path cam_5064cd2c] [RTSP source] 5 decode errors, last was: received RTP packet with unknown payload type: 50
2026/09/29 07:49:08 WAR [path cam_5064cd2c] [RTSP source] 5 decode errors, last was: received RTP packet with unknown payload type: 50
2026/09/29 07:49:08 WAR [path cam_3059f25c] [RTSP source] 5 decode errors, last was: received RTP packet with unknown payload type: 50
2026/09/29 07:49:09 WAR [path cam_5064cd2c] [RTSP source] 5 decode errors, last was: received RTP packet with unknown payload type: 50
2026/09/29 07:49:09 WAR [path cam_3059f25c] [RTSP source] 5 decode errors, last was: received RTP packet with unknown payload type: 50
2026/09/29 07:49:10 WAR [path cam_5064cd2c] [RTSP source] 5 decode errors, last was: received RTP packet with unknown payload type: 50
2026/09/29 07:49:10 WAR [path cam_3059f25c] [RTSP source] 5 decode errors, last was: received RTP packet with unknown payload type: 50
2026/09/29 07:49:11 WAR [path cam_5064cd2c] [RTSP source] 5 decode errors, last was: received RTP packet with unknown payload type: 50
2026/09/29 07:49:11 WAR [path cam_3059f25c] [RTSP source] 5 decode errors, last was: received RTP packet with unknown payload type: 50
2026/09/29 07:49:12 WAR [path cam_5064cd2c] [RTSP source] 5 decode errors, last was: received RTP packet with unknown payload type: 50
2026/09/29 07:49:12 WAR [path cam_3059f25c] [RTSP source] 5 decode errors, last was: received RTP packet with unknown payload type: 50
2026/09/29 07:49:13 WAR [path cam_5064cd2c] [RTSP source] 5 decode errors, last was: received RTP packet with unknown payload type: 50
2026/09/29 07:49:13 WAR [path cam_3059f25c] [RTSP source] 5 decode errors, last was: received RTP packet with unknown payload type: 50
2026/09/29 07:49:14 WAR [path cam_5064cd2c] [RTSP source] 5 decode errors, last was: received RTP packet with unknown payload type: 50
2026/09/29 07:49:14 WAR [path cam_3059f25c] [RTSP source] 5 decode errors, last was: received RTP packet with unknown payload type: 50
2026/09/29 07:49:15 WAR [path cam_5064cd2c] [RTSP source] 5 decode errors, last was: received RTP packet with unknown payload type: 50
2026/09/29 07:49:15 WAR [path cam_3059f25c] [RTSP source] 5 decode errors, last was: received RTP packet with unknown payload type: 50
2026/09/29 07:49:16 WAR [path cam_3059f25c] [RTSP source] 5 decode errors, last was: received RTP packet with unknown payload type: 50
2026/09/29 07:49:16 WAR [path cam_5064cd2c] [RTSP source] 5 decode errors, last was: received RTP packet with unknown payload type: 50
2026/09/29 07:49:17 WAR [path cam_3059f25c] [RTSP source] 5 decode errors, last was: received RTP packet with unknown payload type: 50
2026/09/29 07:49:17 WAR [path cam_5064cd2c] [RTSP source] 5 decode errors, last was: received RTP packet with unknown payload type: 50
2026/09/29 07:49:18 WAR [path cam_3059f25c] [RTSP source] 5 decode errors, last was: received RTP packet with unknown payload type: 50
2026/09/29 07:49:18 WAR [path cam_5064cd2c] [RTSP source] 5 decode errors, last was: received RTP packet with unknown payload type: 50
2026/09/29 07:49:19 WAR [path cam_5064cd2c] [RTSP source] 5 decode errors, last was: received RTP packet with unknown payload type: 50
2026/09/29 07:49:19 WAR [path cam_3059f25c] [RTSP source] 5 decode errors, last was: received RTP packet with unknown payload type: 50
2026/09/29 07:49:20 WAR [path cam_5064cd2c] [RTSP source] 5 decode errors, last was: received RTP packet with unknown payload type: 50
2026/09/29 07:49:20 WAR [path cam_3059f25c] [RTSP source] 5 decode errors, last was: received RTP packet with unknown payload type: 50
2026/09/29 07:49:21 WAR [path cam_5064cd2c] [RTSP source] 5 decode errors, last was: received RTP packet with unknown payload type: 50
2026/09/29 07:49:21 WAR [path cam_3059f25c] [RTSP source] 5 decode errors, last was: received RTP packet with unknown payload type: 50
2026/09/29 07:49:22 WAR [path cam_5064cd2c] [RTSP source] 5 decode errors, last was: received RTP packet with unknown payload type: 50
2026/09/29 07:49:22 WAR [path cam_3059f25c] [RTSP source] 5 decode errors, last was: received RTP packet with unknown payload type: 50
2026/09/29 07:49:23 WAR [path cam_5064cd2c] [RTSP source] 5 decode errors, last was: received RTP packet with unknown payload type: 50
2026/09/29 07:49:23 WAR [path cam_3059f25c] [RTSP source] 5 decode errors, last was: received RTP packet with unknown payload type: 50
2026/09/29 07:49:24 WAR [path cam_5064cd2c] [RTSP source] 5 decode errors, last was: received RTP packet with unknown payload type: 50
2026/09/29 07:49:24 WAR [path cam_3059f25c] [RTSP source] 5 decode errors, last was: received RTP packet with unknown payload type: 50
2026/09/29 07:49:25 WAR [path cam_5064cd2c] [RTSP source] 5 decode errors, last was: received RTP packet with unknown payload type: 50
2026/09/29 07:49:25 WAR [path cam_3059f25c] [RTSP source] 5 decode errors, last was: received RTP packet with unknown payload type: 50
2026/09/29 07:49:26 WAR [path cam_3059f25c] [RTSP source] 5 decode errors, last was: received RTP packet with unknown payload type: 50
2026/09/29 07:49:26 WAR [path cam_5064cd2c] [RTSP source] 5 decode errors, last was: received RTP packet with unknown payload type: 50
2026/09/29 07:49:27 WAR [path cam_5064cd2c] [RTSP source] 5 decode errors, last was: received RTP packet with unknown payload type: 50
2026/09/29 07:49:27 WAR [path cam_3059f25c] [RTSP source] 5 decode errors, last was: received RTP packet with unknown payload type: 50
2026/09/29 07:49:28 WAR [path cam_5064cd2c] [RTSP source] 5 decode errors, last was: received RTP packet with unknown payload type: 50
2026/09/29 07:49:28 WAR [path cam_3059f25c] [RTSP source] 5 decode errors, last was: received RTP packet with unknown payload type: 50
2026/09/29 07:49:29 WAR [path cam_5064cd2c] [RTSP source] 5 decode errors, last was: received RTP packet with unknown payload type: 50
2026/09/29 07:49:29 WAR [path cam_3059f25c] [RTSP source] 5 decode errors, last was: received RTP packet with unknown payload type: 50
2026/09/29 07:49:30 WAR [path cam_5064cd2c] [RTSP source] 5 decode errors, last was: received RTP packet with unknown payload type: 50
2026/09/29 07:49:30 WAR [path cam_3059f25c] [RTSP source] 5 decode errors, last was: received RTP packet with unknown payload type: 50
2026/09/29 07:49:31 WAR [path cam_5064cd2c] [RTSP source] 5 decode errors, last was: received RTP packet with unknown payload type: 50
2026/09/29 07:49:31 WAR [path cam_3059f25c] [RTSP source] 5 decode errors, last was: received RTP packet with unknown payload type: 50
2026/09/29 07:49:32 WAR [path cam_5064cd2c] [RTSP source] 5 decode errors, last was: received RTP packet with unknown payload type: 50
2026/09/29 07:49:32 WAR [path cam_3059f25c] [RTSP source] 5 decode errors, last was: received RTP packet with unknown payload type: 50
2026/09/29 07:49:33 WAR [path cam_3059f25c] [RTSP source] 5 decode errors, last was: received RTP packet with unknown payload type: 50
2026/09/29 07:49:33 WAR [path cam_5064cd2c] [RTSP source] 5 decode errors, last was: received RTP packet with unknown payload type: 50
2026/09/29 07:49:34 WAR [path cam_5064cd2c] [RTSP source] 5 decode errors, last was: received RTP packet with unknown payload type: 50
2026/09/29 07:49:34 WAR [path cam_3059f25c] [RTSP source] 5 decode errors, last was: received RTP packet with unknown payload type: 50
2026/09/29 07:49:35 WAR [path cam_3059f25c] [RTSP source] 5 decode errors, last was: received RTP packet with unknown payload type: 50
2026/09/29 07:49:35 WAR [path cam_5064cd2c] [RTSP source] 5 decode errors, last was: received RTP packet with unknown payload type: 50
2026/09/29 07:49:36 WAR [path cam_3059f25c] [RTSP source] 5 decode errors, last was: received RTP packet with unknown payload type: 50
2026/09/29 07:49:36 WAR [path cam_5064cd2c] [RTSP source] 5 decode errors, last was: received RTP packet with unknown payload type: 50
2026/09/29 07:49:37 WAR [path cam_5064cd2c] [RTSP source] 5 decode errors, last was: received RTP packet with unknown payload type: 50
2026/09/29 07:49:37 WAR [path cam_3059f25c] [RTSP source] 5 decode errors, last was: received RTP packet with unknown payload type: 50
2026/09/29 07:49:38 WAR [path cam_5064cd2c] [RTSP source] 5 decode errors, last was: received RTP packet with unknown payload type: 50
2026/09/29 07:49:38 WAR [path cam_3059f25c] [RTSP source] 5 decode errors, last was: received RTP packet with unknown payload type: 50
2026/09/29 07:49:39 WAR [path cam_5064cd2c] [RTSP source] 5 decode errors, last was: received RTP packet with unknown payload type: 50
2026/09/29 07:49:39 WAR [path cam_3059f25c] [RTSP source] 5 decode errors, last was: received RTP packet with unknown payload type: 50
2026/09/29 07:49:40 WAR [path cam_5064cd2c] [RTSP source] 5 decode errors, last was: received RTP packet with unknown payload type: 50
2026/09/29 07:49:40 WAR [path cam_3059f25c] [RTSP source] 5 decode errors, last was: received RTP packet with unknown payload type: 50
2026/09/29 07:49:41 WAR [path cam_5064cd2c] [RTSP source] 5 decode errors, last was: received RTP packet with unknown payload type: 50
2026/09/29 07:49:41 WAR [path cam_3059f25c] [RTSP source] 5 decode errors, last was: received RTP packet with unknown payload type: 50
2026/09/29 07:49:42 WAR [path cam_3059f25c] [RTSP source] 5 decode errors, last was: received RTP packet with unknown payload type: 50
2026/09/29 07:49:42 WAR [path cam_5064cd2c] [RTSP source] 5 decode errors, last was: received RTP packet with unknown payload type: 50
2026/09/29 07:49:43 WAR [path cam_5064cd2c] [RTSP source] 5 decode errors, last was: received RTP packet with unknown payload type: 50
2026/09/29 07:49:43 WAR [path cam_3059f25c] [RTSP source] 5 decode errors, last was: received RTP packet with unknown payload type: 50
2026/09/29 07:49:44 WAR [path cam_5064cd2c] [RTSP source] 5 decode errors, last was: received RTP packet with unknown payload type: 50
2026/09/29 07:49:44 WAR [path cam_3059f25c] [RTSP source] 5 decode errors, last was: received RTP packet with unknown payload type: 50
2026/09/29 07:49:45 WAR [path cam_5064cd2c] [RTSP source] 5 decode errors, last was: received RTP packet with unknown payload type: 50
2026/09/29 07:49:45 WAR [path cam_3059f25c] [RTSP source] 5 decode errors, last was: received RTP packet with unknown payload type: 50
2026/09/29 07:49:46 WAR [path cam_5064cd2c] [RTSP source] 5 decode errors, last was: received RTP packet with unknown payload type: 50
2026/09/29 07:49:46 WAR [path cam_3059f25c] [RTSP source] 5 decode errors, last was: received RTP packet with unknown payload type: 50
2026/09/29 07:49:47 WAR [path cam_3059f25c] [RTSP source] 5 decode errors, last was: received RTP packet with unknown payload type: 50
2026/09/29 07:49:47 WAR [path cam_5064cd2c] [RTSP source] 5 decode errors, last was: received RTP packet with unknown payload type: 50
2026/09/29 07:49:48 WAR [path cam_5064cd2c] [RTSP source] 5 decode errors, last was: received RTP packet with unknown payload type: 50
2026/09/29 07:49:48 WAR [path cam_3059f25c] [RTSP source] 5 decode errors, last was: received RTP packet with unknown payload type: 50
2026/09/29 07:49:49 WAR [path cam_5064cd2c] [RTSP source] 5 decode errors, last was: received RTP packet with unknown payload type: 50
2026/09/29 07:49:49 WAR [path cam_3059f25c] [RTSP source] 5 decode errors, last was: received RTP packet with unknown payload type: 50
2026/09/29 07:49:50 WAR [path cam_5064cd2c] [RTSP source] 5 decode errors, last was: received RTP packet with unknown payload type: 50
2026/09/29 07:49:50 WAR [path cam_3059f25c] [RTSP source] 5 decode errors, last was: received RTP packet with unknown payload type: 50
2026/09/29 07:49:51 WAR [path cam_3059f25c] [RTSP source] 5 decode errors, last was: received RTP packet with unknown payload type: 50
2026/09/29 07:49:51 WAR [path cam_5064cd2c] [RTSP source] 5 decode errors, last was: received RTP packet with unknown payload type: 50
2026/09/29 07:49:52 WAR [path cam_5064cd2c] [RTSP source] 5 decode errors, last was: received RTP packet with unknown payload type: 50
2026/09/29 07:49:52 WAR [path cam_3059f25c] [RTSP source] 5 decode errors, last was: received RTP packet with unknown payload type: 50
2026/09/29 07:49:53 WAR [path cam_3059f25c] [RTSP source] 5 decode errors, last was: received RTP packet with unknown payload type: 50
2026/09/29 07:49:53 WAR [path cam_5064cd2c] [RTSP source] 5 decode errors, last was: received RTP packet with unknown payload type: 50
2026/09/29 07:49:54 WAR [path cam_5064cd2c] [RTSP source] 5 decode errors, last was: received RTP packet with unknown payload type: 50
2026/09/29 07:49:54 WAR [path cam_3059f25c] [RTSP source] 5 decode errors, last was: received RTP packet with unknown payload type: 50
2026/09/29 07:49:55 WAR [path cam_3059f25c] [RTSP source] 5 decode errors, last was: received RTP packet with unknown payload type: 50
2026/09/29 07:49:55 WAR [path cam_5064cd2c] [RTSP source] 5 decode errors, last was: received RTP packet with unknown payload type: 50
2026/09/29 07:49:56 WAR [path cam_5064cd2c] [RTSP source] 5 decode errors, last was: received RTP packet with unknown payload type: 50
2026/09/29 07:49:56 WAR [path cam_3059f25c] [RTSP source] 5 decode errors, last was: received RTP packet with unknown payload type: 50
2026/09/29 07:49:57 WAR [path cam_5064cd2c] [RTSP source] 5 decode errors, last was: received RTP packet with unknown payload type: 50
2026/09/29 07:49:57 WAR [path cam_3059f25c] [RTSP source] 5 decode errors, last was: received RTP packet with unknown payload type: 50
2026/09/29 07:49:58 WAR [path cam_3059f25c] [RTSP source] 5 decode errors, last was: received RTP packet with unknown payload type: 50
2026/09/29 07:49:58 WAR [path cam_5064cd2c] [RTSP source] 5 decode errors, last was: received RTP packet with unknown payload type: 50
2026/09/29 07:49:59 WAR [path cam_3059f25c] [RTSP source] 5 decode errors, last was: received RTP packet with unknown payload type: 50
2026/09/29 07:49:59 WAR [path cam_5064cd2c] [RTSP source] 5 decode errors, last was: received RTP packet with unknown payload type: 50
2026/09/29 07:50:00 WAR [path cam_3059f25c] [RTSP source] 5 decode errors, last was: received RTP packet with unknown payload type: 50
2026/09/29 07:50:00 WAR [path cam_5064cd2c] [RTSP source] 5 decode errors, last was: received RTP packet with unknown payload type: 50
2026/09/29 07:50:01 WAR [path cam_5064cd2c] [RTSP source] 5 decode errors, last was: received RTP packet with unknown payload type: 50
2026/09/29 07:50:01 WAR [path cam_3059f25c] [RTSP source] 5 decode errors, last was: received RTP packet with unknown payload type: 50
2026/09/29 07:50:02 WAR [path cam_3059f25c] [RTSP source] 5 decode errors, last was: received RTP packet with unknown payload type: 50
2026/09/29 07:50:02 WAR [path cam_5064cd2c] [RTSP source] 5 decode errors, last was: received RTP packet with unknown payload type: 50
2026/09/29 07:50:03 WAR [path cam_5064cd2c] [RTSP source] 5 decode errors, last was: received RTP packet with unknown payload type: 50
2026/09/29 07:50:03 WAR [path cam_3059f25c] [RTSP source] 5 decode errors, last was: received RTP packet with unknown payload type: 50
2026/09/29 07:50:04 WAR [path cam_5064cd2c] [RTSP source] 5 decode errors, last was: received RTP packet with unknown payload type: 50
2026/09/29 07:50:04 WAR [path cam_3059f25c] [RTSP source] 5 decode errors, last was: received RTP packet with unknown payload type: 50
2026/09/29 07:50:05 WAR [path cam_5064cd2c] [RTSP source] 5 decode errors, last was: received RTP packet with unknown payload type: 50
2026/09/29 07:50:05 WAR [path cam_3059f25c] [RTSP source] 5 decode errors, last was: received RTP packet with unknown payload type: 50
2026/09/29 07:50:06 WAR [path cam_5064cd2c] [RTSP source] 5 decode errors, last was: received RTP packet with unknown payload type: 50
2026/09/29 07:50:06 WAR [path cam_3059f25c] [RTSP source] 5 decode errors, last was: received RTP packet with unknown payload type: 50
2026/09/29 07:50:07 WAR [path cam_5064cd2c] [RTSP source] 5 decode errors, last was: received RTP packet with unknown payload type: 50
2026/09/29 07:50:07 WAR [path cam_3059f25c] [RTSP source] 5 decode errors, last was: received RTP packet with unknown payload type: 50
2026/09/29 07:50:08 WAR [path cam_5064cd2c] [RTSP source] 5 decode errors, last was: received RTP packet with unknown payload type: 50
2026/09/29 07:50:08 WAR [path cam_3059f25c] [RTSP source] 5 decode errors, last was: received RTP packet with unknown payload type: 50
2026/09/29 07:50:09 WAR [path cam_3059f25c] [RTSP source] 5 decode errors, last was: received RTP packet with unknown payload type: 50
2026/09/29 07:50:09 WAR [path cam_5064cd2c] [RTSP source] 5 decode errors, last was: received RTP packet with unknown payload type: 50
2026/09/29 07:50:10 WAR [path cam_5064cd2c] [RTSP source] 5 decode errors, last was: received RTP packet with unknown payload type: 50
2026/09/29 07:50:10 WAR [path cam_3059f25c] [RTSP source] 5 decode errors, last was: received RTP packet with unknown payload type: 50
2026/09/29 07:50:11 WAR [path cam_5064cd2c] [RTSP source] 5 decode errors, last was: received RTP packet with unknown payload type: 50
2026/09/29 07:50:11 WAR [path cam_3059f25c] [RTSP source] 5 decode errors, last was: received RTP packet with unknown payload type: 50
2026/09/29 07:50:12 WAR [path cam_5064cd2c] [RTSP source] 5 decode errors, last was: received RTP packet with unknown payload type: 50
2026/09/29 07:50:12 WAR [path cam_3059f25c] [RTSP source] 5 decode errors, last was: received RTP packet with unknown payload type: 50
2026/09/29 07:50:13 WAR [path cam_5064cd2c] [RTSP source] 5 decode errors, last was: received RTP packet with unknown payload type: 50
2026/09/29 07:50:13 WAR [path cam_3059f25c] [RTSP source] 5 decode errors, last was: received RTP packet with unknown payload type: 50
2026/09/29 07:50:14 WAR [path cam_3059f25c] [RTSP source] 5 decode errors, last was: received RTP packet with unknown payload type: 50
2026/09/29 07:50:14 WAR [path cam_5064cd2c] [RTSP source] 5 decode errors, last was: received RTP packet with unknown payload type: 50
2026/09/29 07:50:15 WAR [path cam_5064cd2c] [RTSP source] 5 decode errors, last was: received RTP packet with unknown payload type: 50
2026/09/29 07:50:15 WAR [path cam_3059f25c] [RTSP source] 5 decode errors, last was: received RTP packet with unknown payload type: 50
2026/09/29 07:50:16 WAR [path cam_5064cd2c] [RTSP source] 5 decode errors, last was: received RTP packet with unknown payload type: 50
2026/09/29 07:50:16 WAR [path cam_3059f25c] [RTSP source] 5 decode errors, last was: received RTP packet with unknown payload type: 50
2026/09/29 07:50:17 WAR [path cam_5064cd2c] [RTSP source] 5 decode errors, last was: received RTP packet with unknown payload type: 50
2026/09/29 07:50:17 WAR [path cam_3059f25c] [RTSP source] 5 decode errors, last was: received RTP packet with unknown payload type: 50
2026/09/29 07:50:18 WAR [path cam_5064cd2c] [RTSP source] 5 decode errors, last was: received RTP packet with unknown payload type: 50
2026/09/29 07:50:18 WAR [path cam_3059f25c] [RTSP source] 5 decode errors, last was: received RTP packet with unknown payload type: 50
2026/09/29 07:50:19 WAR [path cam_3059f25c] [RTSP source] 5 decode errors, last was: received RTP packet with unknown payload type: 50
2026/09/29 07:50:19 WAR [path cam_5064cd2c] [RTSP source] 5 decode errors, last was: received RTP packet with unknown payload type: 50
2026/09/29 07:50:20 WAR [path cam_5064cd2c] [RTSP source] 5 decode errors, last was: received RTP packet with unknown payload type: 50
2026/09/29 07:50:20 WAR [path cam_3059f25c] [RTSP source] 5 decode errors, last was: received RTP packet with unknown payload type: 50
2026/09/29 07:50:21 WAR [path cam_5064cd2c] [RTSP source] 5 decode errors, last was: received RTP packet with unknown payload type: 50
2026/09/29 07:50:21 WAR [path cam_3059f25c] [RTSP source] 5 decode errors, last was: received RTP packet with unknown payload type: 50
2026/09/29 07:50:22 WAR [path cam_3059f25c] [RTSP source] 5 decode errors, last was: received RTP packet with unknown payload type: 50
2026/09/29 07:50:22 WAR [path cam_5064cd2c] [RTSP source] 5 decode errors, last was: received RTP packet with unknown payload type: 50
2026/09/29 07:50:23 WAR [path cam_5064cd2c] [RTSP source] 5 decode errors, last was: received RTP packet with unknown payload type: 50
2026/09/29 07:50:23 WAR [path cam_3059f25c] [RTSP source] 5 decode errors, last was: received RTP packet with unknown payload type: 50
2026/09/29 07:50:24 WAR [path cam_5064cd2c] [RTSP source] 5 decode errors, last was: received RTP packet with unknown payload type: 50
2026/09/29 07:50:24 WAR [path cam_3059f25c] [RTSP source] 5 decode errors, last was: received RTP packet with unknown payload type: 50
2026/09/29 07:50:25 WAR [path cam_3059f25c] [RTSP source] 5 decode errors, last was: received RTP packet with unknown payload type: 50
2026/09/29 07:50:25 WAR [path cam_5064cd2c] [RTSP source] 5 decode errors, last was: received RTP packet with unknown payload type: 50
2026/09/29 07:50:26 WAR [path cam_5064cd2c] [RTSP source] 5 decode errors, last was: received RTP packet with unknown payload type: 50
2026/09/29 07:50:26 WAR [path cam_3059f25c] [RTSP source] 5 decode errors, last was: received RTP packet with unknown payload type: 50
2026/09/29 07:50:27 WAR [path cam_3059f25c] [RTSP source] 5 decode errors, last was: received RTP packet with unknown payload type: 50
2026/09/29 07:50:27 WAR [path cam_5064cd2c] [RTSP source] 5 decode errors, last was: received RTP packet with unknown payload type: 50
2026/09/29 07:50:28 WAR [path cam_5064cd2c] [RTSP source] 5 decode errors, last was: received RTP packet with unknown payload type: 50
2026/09/29 07:50:28 WAR [path cam_3059f25c] [RTSP source] 5 decode errors, last was: received RTP packet with unknown payload type: 50
2026/09/29 07:50:29 WAR [path cam_5064cd2c] [RTSP source] 5 decode errors, last was: received RTP packet with unknown payload type: 50
2026/09/29 07:50:29 WAR [path cam_3059f25c] [RTSP source] 5 decode errors, last was: received RTP packet with unknown payload type: 50
2026/09/29 07:50:30 WAR [path cam_5064cd2c] [RTSP source] 5 decode errors, last was: received RTP packet with unknown payload type: 50
2026/09/29 07:50:30 WAR [path cam_3059f25c] [RTSP source] 5 decode errors, last was: received RTP packet with unknown payload type: 50
2026/09/29 07:50:31 WAR [path cam_5064cd2c] [RTSP source] 5 decode errors, last was: received RTP packet with unknown payload type: 50
2026/09/29 07:50:31 WAR [path cam_3059f25c] [RTSP source] 5 decode errors, last was: received RTP packet with unknown payload type: 50
2026/09/29 07:50:32 WAR [path cam_5064cd2c] [RTSP source] 5 decode errors, last was: received RTP packet with unknown payload type: 50
2026/09/29 07:50:32 WAR [path cam_3059f25c] [RTSP source] 5 decode errors, last was: received RTP packet with unknown payload type: 50
2026/09/29 07:50:33 WAR [path cam_3059f25c] [RTSP source] 5 decode errors, last was: received RTP packet with unknown payload type: 50
2026/09/29 07:50:33 WAR [path cam_5064cd2c] [RTSP source] 5 decode errors, last was: received RTP packet with unknown payload type: 50
2026/09/29 07:50:34 WAR [path cam_3059f25c] [RTSP source] 5 decode errors, last was: received RTP packet with unknown payload type: 50
2026/09/29 07:50:34 WAR [path cam_5064cd2c] [RTSP source] 5 decode errors, last was: received RTP packet with unknown payload type: 50
2026/09/29 07:50:35 WAR [path cam_5064cd2c] [RTSP source] 5 decode errors, last was: received RTP packet with unknown payload type: 50
2026/09/29 07:50:35 WAR [path cam_3059f25c] [RTSP source] 5 decode errors, last was: received RTP packet with unknown payload type: 50
2026/09/29 07:50:36 WAR [path cam_5064cd2c] [RTSP source] 5 decode errors, last was: received RTP packet with unknown payload type: 50
2026/09/29 07:50:36 WAR [path cam_3059f25c] [RTSP source] 5 decode errors, last was: received RTP packet with unknown payload type: 50
2026/09/29 07:50:37 WAR [path cam_5064cd2c] [RTSP source] 5 decode errors, last was: received RTP packet with unknown payload type: 50
2026/09/29 07:50:37 WAR [path cam_3059f25c] [RTSP source] 5 decode errors, last was: received RTP packet with unknown payload type: 50
2026/09/29 07:50:38 WAR [path cam_3059f25c] [RTSP source] 5 decode errors, last was: received RTP packet with unknown payload type: 50
2026/09/29 07:50:38 WAR [path cam_5064cd2c] [RTSP source] 5 decode errors, last was: received RTP packet with unknown payload type: 50
2026/09/29 07:50:39 WAR [path cam_5064cd2c] [RTSP source] 5 decode errors, last was: received RTP packet with unknown payload type: 50
2026/09/29 07:50:39 WAR [path cam_3059f25c] [RTSP source] 5 decode errors, last was: received RTP packet with unknown payload type: 50
2026/09/29 07:50:40 WAR [path cam_5064cd2c] [RTSP source] 5 decode errors, last was: received RTP packet with unknown payload type: 50
2026/09/29 07:50:40 WAR [path cam_3059f25c] [RTSP source] 5 decode errors, last was: received RTP packet with unknown payload type: 50
2026/09/29 07:50:41 WAR [path cam_3059f25c] [RTSP source] 5 decode errors, last was: received RTP packet with unknown payload type: 50
2026/09/29 07:50:41 WAR [path cam_5064cd2c] [RTSP source] 5 decode errors, last was: received RTP packet with unknown payload type: 50
2026/09/29 07:50:42 WAR [path cam_3059f25c] [RTSP source] 5 decode errors, last was: received RTP packet with unknown payload type: 50
2026/09/29 07:50:42 WAR [path cam_5064cd2c] [RTSP source] 5 decode errors, last was: received RTP packet with unknown payload type: 50
2026/09/29 07:50:43 WAR [path cam_5064cd2c] [RTSP source] 5 decode errors, last was: received RTP packet with unknown payload type: 50
2026/09/29 07:50:43 WAR [path cam_3059f25c] [RTSP source] 5 decode errors, last was: received RTP packet with unknown payload type: 50
2026/09/29 07:50:44 WAR [path cam_3059f25c] [RTSP source] 5 decode errors, last was: received RTP packet with unknown payload type: 50
2026/09/29 07:50:44 WAR [path cam_5064cd2c] [RTSP source] 5 decode errors, last was: received RTP packet with unknown payload type: 50
2026/09/29 07:50:45 WAR [path cam_5064cd2c] [RTSP source] 5 decode errors, last was: received RTP packet with unknown payload type: 50
2026/09/29 07:50:45 WAR [path cam_3059f25c] [RTSP source] 5 decode errors, last was: received RTP packet with unknown payload type: 50
2026/09/29 07:50:46 WAR [path cam_5064cd2c] [RTSP source] 5 decode errors, last was: received RTP packet with unknown payload type: 50
2026/09/29 07:50:46 WAR [path cam_3059f25c] [RTSP source] 5 decode errors, last was: received RTP packet with unknown payload type: 50
2026/09/29 07:50:47 WAR [path cam_5064cd2c] [RTSP source] 5 decode errors, last was: received RTP packet with unknown payload type: 50
2026/09/29 07:50:47 WAR [path cam_3059f25c] [RTSP source] 5 decode errors, last was: received RTP packet with unknown payload type: 50
2026/09/29 07:50:48 WAR [path cam_5064cd2c] [RTSP source] 5 decode errors, last was: received RTP packet with unknown payload type: 50
2026/09/29 07:50:48 WAR [path cam_3059f25c] [RTSP source] 5 decode errors, last was: received RTP packet with unknown payload type: 50
2026/09/29 07:50:49 WAR [path cam_3059f25c] [RTSP source] 5 decode errors, last was: received RTP packet with unknown payload type: 50
2026/09/29 07:50:49 WAR [path cam_5064cd2c] [RTSP source] 5 decode errors, last was: received RTP packet with unknown payload type: 50
2026/09/29 07:50:50 WAR [path cam_3059f25c] [RTSP source] 5 decode errors, last was: received RTP packet with unknown payload type: 50
2026/09/29 07:50:50 WAR [path cam_5064cd2c] [RTSP source] 5 decode errors, last was: received RTP packet with unknown payload type: 50
2026/09/29 07:50:51 WAR [path cam_3059f25c] [RTSP source] 5 decode errors, last was: received RTP packet with unknown payload type: 50
2026/09/29 07:50:51 WAR [path cam_5064cd2c] [RTSP source] 5 decode errors, last was: received RTP packet with unknown payload type: 50
2026/09/29 07:50:52 WAR [path cam_3059f25c] [RTSP source] 5 decode errors, last was: received RTP packet with unknown payload type: 50
2026/09/29 07:50:52 WAR [path cam_5064cd2c] [RTSP source] 5 decode errors, last was: received RTP packet with unknown payload type: 50
2026/09/29 07:50:53 WAR [path cam_3059f25c] [RTSP source] 5 decode errors, last was: received RTP packet with unknown payload type: 50
2026/09/29 07:50:53 WAR [path cam_5064cd2c] [RTSP source] 5 decode errors, last was: received RTP packet with unknown payload type: 50
2026/09/29 07:50:54 WAR [path cam_5064cd2c] [RTSP source] 5 decode errors, last was: received RTP packet with unknown payload type: 50
2026/09/29 07:50:54 WAR [path cam_3059f25c] [RTSP source] 5 decode errors, last was: received RTP packet with unknown payload type: 50
2026/09/29 07:50:55 WAR [path cam_3059f25c] [RTSP source] 5 decode errors, last was: received RTP packet with unknown payload type: 50
2026/09/29 07:50:55 WAR [path cam_5064cd2c] [RTSP source] 5 decode errors, last was: received RTP packet with unknown payload type: 50
2026/09/29 07:50:56 WAR [path cam_5064cd2c] [RTSP source] 5 decode errors, last was: received RTP packet with unknown payload type: 50
2026/09/29 07:50:56 WAR [path cam_3059f25c] [RTSP source] 5 decode errors, last was: received RTP packet with unknown payload type: 50
2026/09/29 07:50:57 WAR [path cam_3059f25c] [RTSP source] 5 decode errors, last was: received RTP packet with unknown payload type: 50
2026/09/29 07:50:57 WAR [path cam_5064cd2c] [RTSP source] 5 decode errors, last was: received RTP packet with unknown payload type: 50
2026/09/29 07:50:58 WAR [path cam_5064cd2c] [RTSP source] 5 decode errors, last was: received RTP packet with unknown payload type: 50
2026/09/29 07:50:58 WAR [path cam_3059f25c] [RTSP source] 5 decode errors, last was: received RTP packet with unknown payload type: 50
2026/09/29 07:50:59 WAR [path cam_3059f25c] [RTSP source] 5 decode errors, last was: received RTP packet with unknown payload type: 50
2026/09/29 07:50:59 WAR [path cam_5064cd2c] [RTSP source] 5 decode errors, last was: received RTP packet with unknown payload type: 50
2026/09/29 07:51:00 WAR [path cam_3059f25c] [RTSP source] 5 decode errors, last was: received RTP packet with unknown payload type: 50
2026/09/29 07:51:00 WAR [path cam_5064cd2c] [RTSP source] 5 decode errors, last was: received RTP packet with unknown payload type: 50
2026/09/29 07:51:01 WAR [path cam_5064cd2c] [RTSP source] 5 decode errors, last was: received RTP packet with unknown payload type: 50
2026/09/29 07:51:01 WAR [path cam_3059f25c] [RTSP source] 5 decode errors, last was: received RTP packet with unknown payload type: 50
2026/09/29 07:51:02 WAR [path cam_5064cd2c] [RTSP source] 5 decode errors, last was: received RTP packet with unknown payload type: 50
2026/09/29 07:51:02 WAR [path cam_3059f25c] [RTSP source] 5 decode errors, last was: received RTP packet with unknown payload type: 50
2026/09/29 07:51:03 WAR [path cam_5064cd2c] [RTSP source] 5 decode errors, last was: received RTP packet with unknown payload type: 50
2026/09/29 07:51:03 WAR [path cam_3059f25c] [RTSP source] 5 decode errors, last was: received RTP packet with unknown payload type: 50
2026/09/29 07:51:04 WAR [path cam_3059f25c] [RTSP source] 5 decode errors, last was: received RTP packet with unknown payload type: 50
2026/09/29 07:51:04 WAR [path cam_5064cd2c] [RTSP source] 5 decode errors, last was: received RTP packet with unknown payload type: 50
2026/09/29 07:51:05 WAR [path cam_3059f25c] [RTSP source] 5 decode errors, last was: received RTP packet with unknown payload type: 50
2026/09/29 07:51:05 WAR [path cam_5064cd2c] [RTSP source] 5 decode errors, last was: received RTP packet with unknown payload type: 50
2026/09/29 07:51:06 WAR [path cam_5064cd2c] [RTSP source] 5 decode errors, last was: received RTP packet with unknown payload type: 50
2026/09/29 07:51:06 WAR [path cam_3059f25c] [RTSP source] 5 decode errors, last was: received RTP packet with unknown payload type: 50
2026/09/29 07:51:07 WAR [path cam_5064cd2c] [RTSP source] 5 decode errors, last was: received RTP packet with unknown payload type: 50
2026/09/29 07:51:07 WAR [path cam_3059f25c] [RTSP source] 5 decode errors, last was: received RTP packet with unknown payload type: 50
2026/09/29 07:51:08 WAR [path cam_5064cd2c] [RTSP source] 5 decode errors, last was: received RTP packet with unknown payload type: 50
2026/09/29 07:51:08 WAR [path cam_3059f25c] [RTSP source] 5 decode errors, last was: received RTP packet with unknown payload type: 50
2026/09/29 07:51:09 WAR [path cam_5064cd2c] [RTSP source] 5 decode errors, last was: received RTP packet with unknown payload type: 50
2026/09/29 07:51:09 WAR [path cam_3059f25c] [RTSP source] 5 decode errors, last was: received RTP packet with unknown payload type: 50
2026/09/29 07:51:10 WAR [path cam_3059f25c] [RTSP source] 5 decode errors, last was: received RTP packet with unknown payload type: 50
2026/09/29 07:51:10 WAR [path cam_5064cd2c] [RTSP source] 5 decode errors, last was: received RTP packet with unknown payload type: 50
2026/09/29 07:51:11 WAR [path cam_3059f25c] [RTSP source] 5 decode errors, last was: received RTP packet with unknown payload type: 50
2026/09/29 07:51:11 WAR [path cam_5064cd2c] [RTSP source] 5 decode errors, last was: received RTP packet with unknown payload type: 50
2026/09/29 07:51:12 WAR [path cam_5064cd2c] [RTSP source] 5 decode errors, last was: received RTP packet with unknown payload type: 50
2026/09/29 07:51:12 WAR [path cam_3059f25c] [RTSP source] 5 decode errors, last was: received RTP packet with unknown payload type: 50
2026/09/29 07:51:13 WAR [path cam_3059f25c] [RTSP source] 5 decode errors, last was: received RTP packet with unknown payload type: 50
2026/09/29 07:51:13 WAR [path cam_5064cd2c] [RTSP source] 5 decode errors, last was: received RTP packet with unknown payload type: 50
2026/09/29 07:51:14 WAR [path cam_3059f25c] [RTSP source] 5 decode errors, last was: received RTP packet with unknown payload type: 50
2026/09/29 07:51:14 WAR [path cam_5064cd2c] [RTSP source] 5 decode errors, last was: received RTP packet with unknown payload type: 50
2026/09/29 07:51:15 WAR [path cam_5064cd2c] [RTSP source] 5 decode errors, last was: received RTP packet with unknown payload type: 50
2026/09/29 07:51:15 WAR [path cam_3059f25c] [RTSP source] 5 decode errors, last was: received RTP packet with unknown payload type: 50
2026/09/29 07:51:16 WAR [path cam_3059f25c] [RTSP source] 5 decode errors, last was: received RTP packet with unknown payload type: 50
2026/09/29 07:51:16 WAR [path cam_5064cd2c] [RTSP source] 5 decode errors, last was: received RTP packet with unknown payload type: 50
2026/09/29 07:51:17 WAR [path cam_3059f25c] [RTSP source] 5 decode errors, last was: received RTP packet with unknown payload type: 50
2026/09/29 07:51:17 WAR [path cam_5064cd2c] [RTSP source] 5 decode errors, last was: received RTP packet with unknown payload type: 50
2026/09/29 07:51:18 WAR [path cam_5064cd2c] [RTSP source] 5 decode errors, last was: received RTP packet with unknown payload type: 50
2026/09/29 07:51:18 WAR [path cam_3059f25c] [RTSP source] 5 decode errors, last was: received RTP packet with unknown payload type: 50
2026/09/29 07:51:19 WAR [path cam_5064cd2c] [RTSP source] 5 decode errors, last was: received RTP packet with unknown payload type: 50
2026/09/29 07:51:19 WAR [path cam_3059f25c] [RTSP source] 5 decode errors, last was: received RTP packet with unknown payload type: 50
2026/09/29 07:51:20 WAR [path cam_3059f25c] [RTSP source] 5 decode errors, last was: received RTP packet with unknown payload type: 50
2026/09/29 07:51:20 WAR [path cam_5064cd2c] [RTSP source] 5 decode errors, last was: received RTP packet with unknown payload type: 50
2026/09/29 07:51:21 WAR [path cam_3059f25c] [RTSP source] 5 decode errors, last was: received RTP packet with unknown payload type: 50
2026/09/29 07:51:21 WAR [path cam_5064cd2c] [RTSP source] 5 decode errors, last was: received RTP packet with unknown payload type: 50
2026/09/29 07:51:22 WAR [path cam_5064cd2c] [RTSP source] 5 decode errors, last was: received RTP packet with unknown payload type: 50
2026/09/29 07:51:22 WAR [path cam_3059f25c] [RTSP source] 5 decode errors, last was: received RTP packet with unknown payload type: 50
2026/09/29 07:51:23 WAR [path cam_3059f25c] [RTSP source] 5 decode errors, last was: received RTP packet with unknown payload type: 50
2026/09/29 07:51:23 WAR [path cam_5064cd2c] [RTSP source] 5 decode errors, last was: received RTP packet with unknown payload type: 50
2026/09/29 07:51:24 WAR [path cam_3059f25c] [RTSP source] 5 decode errors, last was: received RTP packet with unknown payload type: 50
2026/09/29 07:51:24 WAR [path cam_5064cd2c] [RTSP source] 5 decode errors, last was: received RTP packet with unknown payload type: 50
2026/09/29 07:51:25 WAR [path cam_5064cd2c] [RTSP source] 5 decode errors, last was: received RTP packet with unknown payload type: 50
2026/09/29 07:51:25 WAR [path cam_3059f25c] [RTSP source] 5 decode errors, last was: received RTP packet with unknown payload type: 50
2026/09/29 07:51:26 WAR [path cam_5064cd2c] [RTSP source] 5 decode errors, last was: received RTP packet with unknown payload type: 50
2026/09/29 07:51:26 WAR [path cam_1e437edf] [RTSP source] 46 RTP packets lost
2026/09/29 07:51:26 WAR [path cam_3059f25c] [RTSP source] 5 decode errors, last was: received RTP packet with unknown payload type: 50
2026/09/29 07:51:27 WAR [path cam_3059f25c] [RTSP source] 5 decode errors, last was: received RTP packet with unknown payload type: 50
2026/09/29 07:51:27 WAR [path cam_5064cd2c] [RTSP source] 5 decode errors, last was: received RTP packet with unknown payload type: 50
2026/09/29 07:51:28 WAR [path cam_3059f25c] [RTSP source] 5 decode errors, last was: received RTP packet with unknown payload type: 50
2026/09/29 07:51:28 WAR [path cam_5064cd2c] [RTSP source] 5 decode errors, last was: received RTP packet with unknown payload type: 50
2026/09/29 07:51:28 WAR [path cam_1e437edf] [RTSP source] 16 RTP packets lost
2026/09/29 07:51:28 WAR [path cam_1e437edf] 38 processing errors, last was: invalid fragmentation unit (non-starting)
2026/09/29 07:51:29 WAR [path cam_5064cd2c] [RTSP source] 5 decode errors, last was: received RTP packet with unknown payload type: 50
2026/09/29 07:51:29 WAR [path cam_3059f25c] [RTSP source] 5 decode errors, last was: received RTP packet with unknown payload type: 50
2026/09/29 07:51:29 WAR [path cam_5064cd2c] 32 processing errors, last was: invalid fragmentation unit (non-starting)
2026/09/29 07:51:30 WAR [path cam_5064cd2c] [RTSP source] 5 decode errors, last was: received RTP packet with unknown payload type: 50
2026/09/29 07:51:30 WAR [path cam_1e437edf] [RTSP source] 32 RTP packets lost
2026/09/29 07:51:30 WAR [path cam_5064cd2c] [RTSP source] 4 RTP packets lost
2026/09/29 07:51:30 WAR [path cam_3059f25c] [RTSP source] 5 decode errors, last was: received RTP packet with unknown payload type: 50
2026/09/29 07:51:30 WAR [path cam_1e437edf] 19 processing errors, last was: invalid fragmentation unit (non-starting)
2026/09/29 07:51:31 WAR [path cam_5064cd2c] [RTSP source] 5 decode errors, last was: received RTP packet with unknown payload type: 50
2026/09/29 07:51:31 WAR [path cam_3059f25c] [RTSP source] 5 decode errors, last was: received RTP packet with unknown payload type: 50
2026/09/29 07:51:32 WAR [path cam_5064cd2c] [RTSP source] 5 decode errors, last was: received RTP packet with unknown payload type: 50
2026/09/29 07:51:32 WAR [path cam_3059f25c] [RTSP source] 5 decode errors, last was: received RTP packet with unknown payload type: 50
2026/09/29 07:51:33 WAR [path cam_5064cd2c] [RTSP source] 5 decode errors, last was: received RTP packet with unknown payload type: 50
2026/09/29 07:51:33 WAR [path cam_3059f25c] [RTSP source] 5 decode errors, last was: received RTP packet with unknown payload type: 50
2026/09/29 07:51:34 WAR [path cam_5064cd2c] [RTSP source] 5 decode errors, last was: received RTP packet with unknown payload type: 50
2026/09/29 07:51:34 WAR [path cam_3059f25c] [RTSP source] 5 decode errors, last was: received RTP packet with unknown payload type: 50
2026/09/29 07:51:35 WAR [path cam_3059f25c] [RTSP source] 5 decode errors, last was: received RTP packet with unknown payload type: 50
2026/09/29 07:51:35 WAR [path cam_5064cd2c] [RTSP source] 5 decode errors, last was: received RTP packet with unknown payload type: 50
2026/09/29 07:51:36 WAR [path cam_3059f25c] [RTSP source] 5 decode errors, last was: received RTP packet with unknown payload type: 50
2026/09/29 07:51:36 WAR [path cam_5064cd2c] [RTSP source] 5 decode errors, last was: received RTP packet with unknown payload type: 50
2026/09/29 07:51:37 WAR [path cam_3059f25c] [RTSP source] 5 decode errors, last was: received RTP packet with unknown payload type: 50
2026/09/29 07:51:37 WAR [path cam_5064cd2c] [RTSP source] 5 decode errors, last was: received RTP packet with unknown payload type: 50
2026/09/29 07:51:38 WAR [path cam_3059f25c] [RTSP source] 5 decode errors, last was: received RTP packet with unknown payload type: 50
2026/09/29 07:51:38 WAR [path cam_5064cd2c] [RTSP source] 5 decode errors, last was: received RTP packet with unknown payload type: 50
2026/09/29 07:51:39 WAR [path cam_5064cd2c] [RTSP source] 5 decode errors, last was: received RTP packet with unknown payload type: 50
2026/09/29 07:51:39 WAR [path cam_3059f25c] [RTSP source] 5 decode errors, last was: received RTP packet with unknown payload type: 50
2026/09/29 07:51:40 WAR [path cam_5064cd2c] [RTSP source] 5 decode errors, last was: received RTP packet with unknown payload type: 50
2026/09/29 07:51:40 WAR [path cam_3059f25c] [RTSP source] 5 decode errors, last was: received RTP packet with unknown payload type: 50
2026/09/29 07:51:41 WAR [path cam_5064cd2c] [RTSP source] 5 decode errors, last was: received RTP packet with unknown payload type: 50
2026/09/29 07:51:41 WAR [path cam_3059f25c] [RTSP source] 5 decode errors, last was: received RTP packet with unknown payload type: 50
2026/09/29 07:51:42 WAR [path cam_5064cd2c] [RTSP source] 5 decode errors, last was: received RTP packet with unknown payload type: 50
2026/09/29 07:51:42 WAR [path cam_3059f25c] [RTSP source] 5 decode errors, last was: received RTP packet with unknown payload type: 50
2026/09/29 07:51:43 WAR [path cam_5064cd2c] [RTSP source] 5 decode errors, last was: received RTP packet with unknown payload type: 50
2026/09/29 07:51:43 WAR [path cam_3059f25c] [RTSP source] 5 decode errors, last was: received RTP packet with unknown payload type: 50
2026/09/29 07:51:44 WAR [path cam_3059f25c] [RTSP source] 5 decode errors, last was: received RTP packet with unknown payload type: 50
2026/09/29 07:51:44 WAR [path cam_5064cd2c] [RTSP source] 5 decode errors, last was: received RTP packet with unknown payload type: 50
2026/09/29 07:51:45 WAR [path cam_3059f25c] [RTSP source] 5 decode errors, last was: received RTP packet with unknown payload type: 50
2026/09/29 07:51:45 WAR [path cam_5064cd2c] [RTSP source] 5 decode errors, last was: received RTP packet with unknown payload type: 50
2026/09/29 07:51:46 WAR [path cam_5064cd2c] [RTSP source] 5 decode errors, last was: received RTP packet with unknown payload type: 50
2026/09/29 07:51:46 WAR [path cam_3059f25c] [RTSP source] 5 decode errors, last was: received RTP packet with unknown payload type: 50
2026/09/29 07:51:47 WAR [path cam_3059f25c] [RTSP source] 5 decode errors, last was: received RTP packet with unknown payload type: 50
2026/09/29 07:51:47 WAR [path cam_5064cd2c] [RTSP source] 5 decode errors, last was: received RTP packet with unknown payload type: 50
2026/09/29 07:51:48 WAR [path cam_5064cd2c] [RTSP source] 5 decode errors, last was: received RTP packet with unknown payload type: 50
2026/09/29 07:51:48 WAR [path cam_3059f25c] [RTSP source] 5 decode errors, last was: received RTP packet with unknown payload type: 50
2026/09/29 07:51:49 WAR [path cam_5064cd2c] [RTSP source] 5 decode errors, last was: received RTP packet with unknown payload type: 50
2026/09/29 07:51:49 WAR [path cam_3059f25c] [RTSP source] 5 decode errors, last was: received RTP packet with unknown payload type: 50
2026/09/29 07:51:50 WAR [path cam_5064cd2c] [RTSP source] 5 decode errors, last was: received RTP packet with unknown payload type: 50
2026/09/29 07:51:50 WAR [path cam_3059f25c] [RTSP source] 5 decode errors, last was: received RTP packet with unknown payload type: 50
2026/09/29 07:51:51 WAR [path cam_3059f25c] [RTSP source] 5 decode errors, last was: received RTP packet with unknown payload type: 50
2026/09/29 07:51:51 WAR [path cam_5064cd2c] [RTSP source] 5 decode errors, last was: received RTP packet with unknown payload type: 50
2026/09/29 07:51:52 WAR [path cam_5064cd2c] [RTSP source] 5 decode errors, last was: received RTP packet with unknown payload type: 50
2026/09/29 07:51:52 WAR [path cam_3059f25c] [RTSP source] 5 decode errors, last was: received RTP packet with unknown payload type: 50
2026/09/29 07:51:53 WAR [path cam_5064cd2c] [RTSP source] 5 decode errors, last was: received RTP packet with unknown payload type: 50
2026/09/29 07:51:53 WAR [path cam_3059f25c] [RTSP source] 5 decode errors, last was: received RTP packet with unknown payload type: 50
2026/09/29 07:51:54 WAR [path cam_3059f25c] [RTSP source] 5 decode errors, last was: received RTP packet with unknown payload type: 50
2026/09/29 07:51:54 WAR [path cam_5064cd2c] [RTSP source] 5 decode errors, last was: received RTP packet with unknown payload type: 50
2026/09/29 07:51:54 WAR [path cam_1e437edf_sub] [RTSP source] 2 RTP packets lost
2026/09/29 07:51:54 WAR [path cam_1e437edf_sub] 40 processing errors, last was: invalid FU-A packet (non-starting)
2026/09/29 07:51:55 WAR [path cam_5064cd2c] [RTSP source] 5 decode errors, last was: received RTP packet with unknown payload type: 50
2026/09/29 07:51:55 WAR [path cam_3059f25c] [RTSP source] 5 decode errors, last was: received RTP packet with unknown payload type: 50
2026/09/29 07:51:56 WAR [path cam_3059f25c] [RTSP source] 5 decode errors, last was: received RTP packet with unknown payload type: 50
2026/09/29 07:51:56 WAR [path cam_5064cd2c] [RTSP source] 5 decode errors, last was: received RTP packet with unknown payload type: 50
2026/09/29 07:51:57 WAR [path cam_5064cd2c] [RTSP source] 5 decode errors, last was: received RTP packet with unknown payload type: 50
2026/09/29 07:51:57 WAR [path cam_3059f25c] [RTSP source] 5 decode errors, last was: received RTP packet with unknown payload type: 50
2026/09/29 07:51:58 WAR [path cam_5064cd2c] [RTSP source] 5 decode errors, last was: received RTP packet with unknown payload type: 50
2026/09/29 07:51:58 WAR [path cam_3059f25c] [RTSP source] 5 decode errors, last was: received RTP packet with unknown payload type: 50
2026/09/29 07:51:59 WAR [path cam_5064cd2c] [RTSP source] 5 decode errors, last was: received RTP packet with unknown payload type: 50
2026/09/29 07:51:59 WAR [path cam_3059f25c] [RTSP source] 5 decode errors, last was: received RTP packet with unknown payload type: 50
2026/09/29 07:52:00 WAR [path cam_5064cd2c] [RTSP source] 5 decode errors, last was: received RTP packet with unknown payload type: 50
2026/09/29 07:52:00 WAR [path cam_3059f25c] [RTSP source] 5 decode errors, last was: received RTP packet with unknown payload type: 50
2026/09/29 07:52:01 WAR [path cam_5064cd2c] [RTSP source] 5 decode errors, last was: received RTP packet with unknown payload type: 50
2026/09/29 07:52:01 WAR [path cam_3059f25c] [RTSP source] 5 decode errors, last was: received RTP packet with unknown payload type: 50
2026/09/29 07:52:02 WAR [path cam_5064cd2c] [RTSP source] 5 decode errors, last was: received RTP packet with unknown payload type: 50
2026/09/29 07:52:02 WAR [path cam_3059f25c] [RTSP source] 5 decode errors, last was: received RTP packet with unknown payload type: 50
2026/09/29 07:52:03 WAR [path cam_5064cd2c] [RTSP source] 5 decode errors, last was: received RTP packet with unknown payload type: 50
2026/09/29 07:52:03 WAR [path cam_3059f25c] [RTSP source] 5 decode errors, last was: received RTP packet with unknown payload type: 50
2026/09/29 07:52:04 WAR [path cam_5064cd2c] [RTSP source] 5 decode errors, last was: received RTP packet with unknown payload type: 50
2026/09/29 07:52:04 WAR [path cam_3059f25c] [RTSP source] 5 decode errors, last was: received RTP packet with unknown payload type: 50
2026/09/29 07:52:05 WAR [path cam_5064cd2c] [RTSP source] 5 decode errors, last was: received RTP packet with unknown payload type: 50
2026/09/29 07:52:05 WAR [path cam_3059f25c] [RTSP source] 5 decode errors, last was: received RTP packet with unknown payload type: 50
2026/09/29 07:52:06 WAR [path cam_3059f25c] [RTSP source] 5 decode errors, last was: received RTP packet with unknown payload type: 50
2026/09/29 07:52:06 WAR [path cam_5064cd2c] [RTSP source] 5 decode errors, last was: received RTP packet with unknown payload type: 50
2026/09/29 07:52:07 WAR [path cam_5064cd2c] [RTSP source] 5 decode errors, last was: received RTP packet with unknown payload type: 50
2026/09/29 07:52:07 WAR [path cam_3059f25c] [RTSP source] 5 decode errors, last was: received RTP packet with unknown payload type: 50
2026/09/29 07:52:08 WAR [path cam_5064cd2c] [RTSP source] 5 decode errors, last was: received RTP packet with unknown payload type: 50
2026/09/29 07:52:08 WAR [path cam_3059f25c] [RTSP source] 5 decode errors, last was: received RTP packet with unknown payload type: 50
2026/09/29 07:52:09 WAR [path cam_5064cd2c] [RTSP source] 5 decode errors, last was: received RTP packet with unknown payload type: 50
2026/09/29 07:52:09 WAR [path cam_3059f25c] [RTSP source] 5 decode errors, last was: received RTP packet with unknown payload type: 50
2026/09/29 07:52:10 WAR [path cam_3059f25c] [RTSP source] 5 decode errors, last was: received RTP packet with unknown payload type: 50
2026/09/29 07:52:10 WAR [path cam_5064cd2c] [RTSP source] 5 decode errors, last was: received RTP packet with unknown payload type: 50
2026/09/29 07:52:11 WAR [path cam_3059f25c] [RTSP source] 5 decode errors, last was: received RTP packet with unknown payload type: 50
2026/09/29 07:52:11 WAR [path cam_5064cd2c] [RTSP source] 5 decode errors, last was: received RTP packet with unknown payload type: 50
2026/09/29 07:52:12 WAR [path cam_5064cd2c] [RTSP source] 5 decode errors, last was: received RTP packet with unknown payload type: 50
2026/09/29 07:52:12 WAR [path cam_3059f25c] [RTSP source] 5 decode errors, last was: received RTP packet with unknown payload type: 50
2026/09/29 07:52:13 WAR [path cam_5064cd2c] [RTSP source] 5 decode errors, last was: received RTP packet with unknown payload type: 50
2026/09/29 07:52:13 WAR [path cam_3059f25c] [RTSP source] 5 decode errors, last was: received RTP packet with unknown payload type: 50
2026/09/29 07:52:14 WAR [path cam_5064cd2c] [RTSP source] 5 decode errors, last was: received RTP packet with unknown payload type: 50
2026/09/29 07:52:14 WAR [path cam_3059f25c] [RTSP source] 5 decode errors, last was: received RTP packet with unknown payload type: 50
2026/09/29 07:52:15 WAR [path cam_3059f25c] [RTSP source] 5 decode errors, last was: received RTP packet with unknown payload type: 50
2026/09/29 07:52:15 WAR [path cam_5064cd2c] [RTSP source] 5 decode errors, last was: received RTP packet with unknown payload type: 50
2026/09/29 07:52:16 WAR [path cam_5064cd2c] [RTSP source] 5 decode errors, last was: received RTP packet with unknown payload type: 50
2026/09/29 07:52:16 WAR [path cam_3059f25c] [RTSP source] 5 decode errors, last was: received RTP packet with unknown payload type: 50
2026/09/29 07:52:17 WAR [path cam_5064cd2c] [RTSP source] 5 decode errors, last was: received RTP packet with unknown payload type: 50
2026/09/29 07:52:17 WAR [path cam_3059f25c] [RTSP source] 5 decode errors, last was: received RTP packet with unknown payload type: 50
2026/09/29 07:52:18 WAR [path cam_5064cd2c] [RTSP source] 5 decode errors, last was: received RTP packet with unknown payload type: 50
2026/09/29 07:52:18 WAR [path cam_3059f25c] [RTSP source] 5 decode errors, last was: received RTP packet with unknown payload type: 50
2026/09/29 07:52:19 WAR [path cam_3059f25c] [RTSP source] 5 decode errors, last was: received RTP packet with unknown payload type: 50
2026/09/29 07:52:19 WAR [path cam_5064cd2c] [RTSP source] 5 decode errors, last was: received RTP packet with unknown payload type: 50
2026/09/29 07:52:20 WAR [path cam_3059f25c] [RTSP source] 5 decode errors, last was: received RTP packet with unknown payload type: 50
2026/09/29 07:52:20 WAR [path cam_5064cd2c] [RTSP source] 5 decode errors, last was: received RTP packet with unknown payload type: 50
2026/09/29 07:52:21 WAR [path cam_5064cd2c] [RTSP source] 5 decode errors, last was: received RTP packet with unknown payload type: 50
2026/09/29 07:52:21 WAR [path cam_3059f25c] [RTSP source] 5 decode errors, last was: received RTP packet with unknown payload type: 50
2026/09/29 07:52:22 WAR [path cam_3059f25c] [RTSP source] 5 decode errors, last was: received RTP packet with unknown payload type: 50
2026/09/29 07:52:22 WAR [path cam_5064cd2c] [RTSP source] 5 decode errors, last was: received RTP packet with unknown payload type: 50
2026/09/29 07:52:23 WAR [path cam_3059f25c] [RTSP source] 5 decode errors, last was: received RTP packet with unknown payload type: 50
2026/09/29 07:52:23 WAR [path cam_5064cd2c] [RTSP source] 5 decode errors, last was: received RTP packet with unknown payload type: 50
2026/09/29 07:52:24 WAR [path cam_5064cd2c] [RTSP source] 5 decode errors, last was: received RTP packet with unknown payload type: 50
2026/09/29 07:52:24 WAR [path cam_3059f25c] [RTSP source] 5 decode errors, last was: received RTP packet with unknown payload type: 50
2026/09/29 07:52:25 WAR [path cam_5064cd2c] [RTSP source] 5 decode errors, last was: received RTP packet with unknown payload type: 50
2026/09/29 07:52:25 WAR [path cam_3059f25c] [RTSP source] 5 decode errors, last was: received RTP packet with unknown payload type: 50
2026/09/29 07:52:26 WAR [path cam_5064cd2c] [RTSP source] 5 decode errors, last was: received RTP packet with unknown payload type: 50
2026/09/29 07:52:26 WAR [path cam_3059f25c] [RTSP source] 5 decode errors, last was: received RTP packet with unknown payload type: 50
2026/09/29 07:52:27 WAR [path cam_5064cd2c] [RTSP source] 5 decode errors, last was: received RTP packet with unknown payload type: 50
2026/09/29 07:52:27 WAR [path cam_3059f25c] [RTSP source] 5 decode errors, last was: received RTP packet with unknown payload type: 50
2026/09/29 07:52:28 WAR [path cam_5064cd2c] [RTSP source] 5 decode errors, last was: received RTP packet with unknown payload type: 50
2026/09/29 07:52:28 WAR [path cam_3059f25c] [RTSP source] 5 decode errors, last was: received RTP packet with unknown payload type: 50
2026/09/29 07:52:29 WAR [path cam_5064cd2c] [RTSP source] 5 decode errors, last was: received RTP packet with unknown payload type: 50
2026/09/29 07:52:29 WAR [path cam_3059f25c] [RTSP source] 5 decode errors, last was: received RTP packet with unknown payload type: 50
2026/09/29 07:52:30 WAR [path cam_3059f25c] [RTSP source] 5 decode errors, last was: received RTP packet with unknown payload type: 50
2026/09/29 07:52:30 WAR [path cam_5064cd2c] [RTSP source] 5 decode errors, last was: received RTP packet with unknown payload type: 50
2026/09/29 07:52:31 WAR [path cam_3059f25c] [RTSP source] 5 decode errors, last was: received RTP packet with unknown payload type: 50
2026/09/29 07:52:31 WAR [path cam_5064cd2c] [RTSP source] 5 decode errors, last was: received RTP packet with unknown payload type: 50
2026/09/29 07:52:32 WAR [path cam_3059f25c] [RTSP source] 5 decode errors, last was: received RTP packet with unknown payload type: 50
2026/09/29 07:52:32 WAR [path cam_5064cd2c] [RTSP source] 5 decode errors, last was: received RTP packet with unknown payload type: 50
2026/09/29 07:52:33 WAR [path cam_3059f25c] [RTSP source] 5 decode errors, last was: received RTP packet with unknown payload type: 50
2026/09/29 07:52:33 WAR [path cam_5064cd2c] [RTSP source] 5 decode errors, last was: received RTP packet with unknown payload type: 50
2026/09/29 07:52:34 WAR [path cam_3059f25c] [RTSP source] 5 decode errors, last was: received RTP packet with unknown payload type: 50
2026/09/29 07:52:34 WAR [path cam_5064cd2c] [RTSP source] 5 decode errors, last was: received RTP packet with unknown payload type: 50
2026/09/29 07:52:35 WAR [path cam_5064cd2c] [RTSP source] 5 decode errors, last was: received RTP packet with unknown payload type: 50
2026/09/29 07:52:35 WAR [path cam_3059f25c] [RTSP source] 5 decode errors, last was: received RTP packet with unknown payload type: 50
2026/09/29 07:52:36 WAR [path cam_5064cd2c] [RTSP source] 5 decode errors, last was: received RTP packet with unknown payload type: 50
2026/09/29 07:52:36 WAR [path cam_3059f25c] [RTSP source] 5 decode errors, last was: received RTP packet with unknown payload type: 50
2026/09/29 07:52:37 WAR [path cam_5064cd2c] [RTSP source] 5 decode errors, last was: received RTP packet with unknown payload type: 50
2026/09/29 07:52:37 WAR [path cam_3059f25c] [RTSP source] 5 decode errors, last was: received RTP packet with unknown payload type: 50
2026/09/29 07:52:38 WAR [path cam_5064cd2c] [RTSP source] 5 decode errors, last was: received RTP packet with unknown payload type: 50
2026/09/29 07:52:38 WAR [path cam_3059f25c] [RTSP source] 5 decode errors, last was: received RTP packet with unknown payload type: 50
2026/09/29 07:52:39 WAR [path cam_3059f25c] [RTSP source] 5 decode errors, last was: received RTP packet with unknown payload type: 50
2026/09/29 07:52:39 WAR [path cam_5064cd2c] [RTSP source] 5 decode errors, last was: received RTP packet with unknown payload type: 50
2026/09/29 07:52:40 WAR [path cam_5064cd2c] [RTSP source] 5 decode errors, last was: received RTP packet with unknown payload type: 50
2026/09/29 07:52:40 WAR [path cam_3059f25c] [RTSP source] 5 decode errors, last was: received RTP packet with unknown payload type: 50
2026/09/29 07:52:41 WAR [path cam_5064cd2c] [RTSP source] 5 decode errors, last was: received RTP packet with unknown payload type: 50
2026/09/29 07:52:41 WAR [path cam_3059f25c] [RTSP source] 5 decode errors, last was: received RTP packet with unknown payload type: 50
2026/09/29 07:52:42 WAR [path cam_5064cd2c] [RTSP source] 5 decode errors, last was: received RTP packet with unknown payload type: 50
2026/09/29 07:52:42 WAR [path cam_3059f25c] [RTSP source] 5 decode errors, last was: received RTP packet with unknown payload type: 50
2026/09/29 07:52:43 WAR [path cam_5064cd2c] [RTSP source] 5 decode errors, last was: received RTP packet with unknown payload type: 50
2026/09/29 07:52:43 WAR [path cam_3059f25c] [RTSP source] 5 decode errors, last was: received RTP packet with unknown payload type: 50
2026/09/29 07:52:44 WAR [path cam_3059f25c] [RTSP source] 5 decode errors, last was: received RTP packet with unknown payload type: 50
2026/09/29 07:52:44 WAR [path cam_5064cd2c] [RTSP source] 5 decode errors, last was: received RTP packet with unknown payload type: 50
2026/09/29 07:52:45 WAR [path cam_3059f25c] [RTSP source] 5 decode errors, last was: received RTP packet with unknown payload type: 50
2026/09/29 07:52:45 WAR [path cam_5064cd2c] [RTSP source] 5 decode errors, last was: received RTP packet with unknown payload type: 50
2026/09/29 07:52:46 WAR [path cam_3059f25c] [RTSP source] 5 decode errors, last was: received RTP packet with unknown payload type: 50
2026/09/29 07:52:46 WAR [path cam_5064cd2c] [RTSP source] 5 decode errors, last was: received RTP packet with unknown payload type: 50
2026/09/29 07:52:47 WAR [path cam_3059f25c] [RTSP source] 5 decode errors, last was: received RTP packet with unknown payload type: 50
2026/09/29 07:52:47 WAR [path cam_5064cd2c] [RTSP source] 5 decode errors, last was: received RTP packet with unknown payload type: 50
2026/09/29 07:52:48 WAR [path cam_5064cd2c] [RTSP source] 5 decode errors, last was: received RTP packet with unknown payload type: 50
2026/09/29 07:52:48 WAR [path cam_3059f25c] [RTSP source] 5 decode errors, last was: received RTP packet with unknown payload type: 50
2026/09/29 07:52:49 WAR [path cam_5064cd2c] [RTSP source] 5 decode errors, last was: received RTP packet with unknown payload type: 50
2026/09/29 07:52:49 WAR [path cam_3059f25c] [RTSP source] 5 decode errors, last was: received RTP packet with unknown payload type: 50
2026/09/29 07:52:50 WAR [path cam_5064cd2c] [RTSP source] 5 decode errors, last was: received RTP packet with unknown payload type: 50
2026/09/29 07:52:50 WAR [path cam_3059f25c] [RTSP source] 5 decode errors, last was: received RTP packet with unknown payload type: 50
2026/09/29 07:52:51 WAR [path cam_3059f25c] [RTSP source] 5 decode errors, last was: received RTP packet with unknown payload type: 50
2026/09/29 07:52:51 WAR [path cam_5064cd2c] [RTSP source] 5 decode errors, last was: received RTP packet with unknown payload type: 50
2026/09/29 07:52:52 WAR [path cam_5064cd2c] [RTSP source] 5 decode errors, last was: received RTP packet with unknown payload type: 50
2026/09/29 07:52:52 WAR [path cam_3059f25c] [RTSP source] 5 decode errors, last was: received RTP packet with unknown payload type: 50
2026/09/29 07:52:53 WAR [path cam_3059f25c] [RTSP source] 5 decode errors, last was: received RTP packet with unknown payload type: 50
2026/09/29 07:52:53 WAR [path cam_5064cd2c] [RTSP source] 5 decode errors, last was: received RTP packet with unknown payload type: 50
2026/09/29 07:52:54 WAR [path cam_5064cd2c] [RTSP source] 5 decode errors, last was: received RTP packet with unknown payload type: 50
2026/09/29 07:52:54 WAR [path cam_3059f25c] [RTSP source] 5 decode errors, last was: received RTP packet with unknown payload type: 50
2026/09/29 07:52:55 WAR [path cam_5064cd2c] [RTSP source] 5 decode errors, last was: received RTP packet with unknown payload type: 50
2026/09/29 07:52:55 WAR [path cam_3059f25c] [RTSP source] 5 decode errors, last was: received RTP packet with unknown payload type: 50
2026/09/29 07:52:56 WAR [path cam_3059f25c] [RTSP source] 5 decode errors, last was: received RTP packet with unknown payload type: 50
2026/09/29 07:52:56 WAR [path cam_5064cd2c] [RTSP source] 5 decode errors, last was: received RTP packet with unknown payload type: 50
2026/09/29 07:52:57 WAR [path cam_3059f25c] [RTSP source] 5 decode errors, last was: received RTP packet with unknown payload type: 50
2026/09/29 07:52:57 WAR [path cam_5064cd2c] [RTSP source] 5 decode errors, last was: received RTP packet with unknown payload type: 50
2026/09/29 07:52:58 WAR [path cam_3059f25c] [RTSP source] 5 decode errors, last was: received RTP packet with unknown payload type: 50
2026/09/29 07:52:58 WAR [path cam_5064cd2c] [RTSP source] 5 decode errors, last was: received RTP packet with unknown payload type: 50
2026/09/29 07:52:59 WAR [path cam_5064cd2c] [RTSP source] 5 decode errors, last was: received RTP packet with unknown payload type: 50
2026/09/29 07:52:59 WAR [path cam_3059f25c] [RTSP source] 5 decode errors, last was: received RTP packet with unknown payload type: 50
2026/09/29 07:53:00 WAR [path cam_5064cd2c] [RTSP source] 5 decode errors, last was: received RTP packet with unknown payload type: 50
2026/09/29 07:53:00 WAR [path cam_3059f25c] [RTSP source] 5 decode errors, last was: received RTP packet with unknown payload type: 50
2026/09/29 07:53:01 WAR [path cam_5064cd2c] [RTSP source] 5 decode errors, last was: received RTP packet with unknown payload type: 50
2026/09/29 07:53:01 WAR [path cam_3059f25c] [RTSP source] 5 decode errors, last was: received RTP packet with unknown payload type: 50
2026/09/29 07:53:02 WAR [path cam_3059f25c] [RTSP source] 5 decode errors, last was: received RTP packet with unknown payload type: 50
2026/09/29 07:53:02 WAR [path cam_5064cd2c] [RTSP source] 5 decode errors, last was: received RTP packet with unknown payload type: 50
2026/09/29 07:53:03 WAR [path cam_3059f25c] [RTSP source] 5 decode errors, last was: received RTP packet with unknown payload type: 50
2026/09/29 07:53:03 WAR [path cam_5064cd2c] [RTSP source] 5 decode errors, last was: received RTP packet with unknown payload type: 50
2026/09/29 07:53:04 WAR [path cam_5064cd2c] [RTSP source] 5 decode errors, last was: received RTP packet with unknown payload type: 50
2026/09/29 07:53:04 WAR [path cam_3059f25c] [RTSP source] 5 decode errors, last was: received RTP packet with unknown payload type: 50
2026/09/29 07:53:05 WAR [path cam_5064cd2c] [RTSP source] 5 decode errors, last was: received RTP packet with unknown payload type: 50
2026/09/29 07:53:05 WAR [path cam_3059f25c] [RTSP source] 5 decode errors, last was: received RTP packet with unknown payload type: 50
2026/09/29 07:53:06 WAR [path cam_3059f25c] [RTSP source] 5 decode errors, last was: received RTP packet with unknown payload type: 50
2026/09/29 07:53:06 WAR [path cam_5064cd2c] [RTSP source] 5 decode errors, last was: received RTP packet with unknown payload type: 50
2026/09/29 07:53:07 WAR [path cam_3059f25c] [RTSP source] 5 decode errors, last was: received RTP packet with unknown payload type: 50
2026/09/29 07:53:07 WAR [path cam_5064cd2c] [RTSP source] 5 decode errors, last was: received RTP packet with unknown payload type: 50
2026/09/29 07:53:08 WAR [path cam_3059f25c] [RTSP source] 5 decode errors, last was: received RTP packet with unknown payload type: 50
2026/09/29 07:53:08 WAR [path cam_5064cd2c] [RTSP source] 5 decode errors, last was: received RTP packet with unknown payload type: 50
2026/09/29 07:53:09 WAR [path cam_5064cd2c] [RTSP source] 5 decode errors, last was: received RTP packet with unknown payload type: 50
2026/09/29 07:53:09 WAR [path cam_3059f25c] [RTSP source] 5 decode errors, last was: received RTP packet with unknown payload type: 50
2026/09/29 07:53:10 WAR [path cam_3059f25c] [RTSP source] 5 decode errors, last was: received RTP packet with unknown payload type: 50
2026/09/29 07:53:10 WAR [path cam_5064cd2c] [RTSP source] 5 decode errors, last was: received RTP packet with unknown payload type: 50
2026/09/29 07:53:11 WAR [path cam_3059f25c] [RTSP source] 5 decode errors, last was: received RTP packet with unknown payload type: 50
2026/09/29 07:53:11 WAR [path cam_5064cd2c] [RTSP source] 5 decode errors, last was: received RTP packet with unknown payload type: 50
2026/09/29 07:53:12 WAR [path cam_5064cd2c] [RTSP source] 5 decode errors, last was: received RTP packet with unknown payload type: 50
2026/09/29 07:53:12 WAR [path cam_3059f25c] [RTSP source] 5 decode errors, last was: received RTP packet with unknown payload type: 50
2026/09/29 07:53:13 WAR [path cam_5064cd2c] [RTSP source] 5 decode errors, last was: received RTP packet with unknown payload type: 50
2026/09/29 07:53:13 WAR [path cam_3059f25c] [RTSP source] 5 decode errors, last was: received RTP packet with unknown payload type: 50
2026/09/29 07:53:14 WAR [path cam_3059f25c] [RTSP source] 5 decode errors, last was: received RTP packet with unknown payload type: 50
2026/09/29 07:53:14 WAR [path cam_5064cd2c] [RTSP source] 5 decode errors, last was: received RTP packet with unknown payload type: 50
2026/09/29 07:53:15 WAR [path cam_3059f25c] [RTSP source] 5 decode errors, last was: received RTP packet with unknown payload type: 50
2026/09/29 07:53:15 WAR [path cam_5064cd2c] [RTSP source] 5 decode errors, last was: received RTP packet with unknown payload type: 50
2026/09/29 07:53:16 WAR [path cam_3059f25c] [RTSP source] 5 decode errors, last was: received RTP packet with unknown payload type: 50
2026/09/29 07:53:16 WAR [path cam_5064cd2c] [RTSP source] 5 decode errors, last was: received RTP packet with unknown payload type: 50
2026/09/29 07:53:17 WAR [path cam_3059f25c] [RTSP source] 5 decode errors, last was: received RTP packet with unknown payload type: 50
2026/09/29 07:53:17 WAR [path cam_5064cd2c] [RTSP source] 5 decode errors, last was: received RTP packet with unknown payload type: 50
2026/09/29 07:53:18 WAR [path cam_5064cd2c] [RTSP source] 5 decode errors, last was: received RTP packet with unknown payload type: 50
2026/09/29 07:53:18 WAR [path cam_3059f25c] [RTSP source] 5 decode errors, last was: received RTP packet with unknown payload type: 50
2026/09/29 07:53:19 WAR [path cam_3059f25c] [RTSP source] 5 decode errors, last was: received RTP packet with unknown payload type: 50
2026/09/29 07:53:19 WAR [path cam_5064cd2c] [RTSP source] 5 decode errors, last was: received RTP packet with unknown payload type: 50
2026/09/29 07:53:20 WAR [path cam_3059f25c] [RTSP source] 5 decode errors, last was: received RTP packet with unknown payload type: 50
2026/09/29 07:53:20 WAR [path cam_5064cd2c] [RTSP source] 5 decode errors, last was: received RTP packet with unknown payload type: 50
2026/09/29 07:53:21 WAR [path cam_5064cd2c] [RTSP source] 5 decode errors, last was: received RTP packet with unknown payload type: 50
2026/09/29 07:53:21 WAR [path cam_3059f25c] [RTSP source] 5 decode errors, last was: received RTP packet with unknown payload type: 50
2026/09/29 07:53:22 WAR [path cam_5064cd2c] [RTSP source] 5 decode errors, last was: received RTP packet with unknown payload type: 50
2026/09/29 07:53:22 WAR [path cam_3059f25c] [RTSP source] 5 decode errors, last was: received RTP packet with unknown payload type: 50
2026/09/29 07:53:23 WAR [path cam_5064cd2c] [RTSP source] 5 decode errors, last was: received RTP packet with unknown payload type: 50
2026/09/29 07:53:23 WAR [path cam_3059f25c] [RTSP source] 5 decode errors, last was: received RTP packet with unknown payload type: 50
2026/09/29 07:53:24 WAR [path cam_5064cd2c] [RTSP source] 5 decode errors, last was: received RTP packet with unknown payload type: 50
2026/09/29 07:53:24 WAR [path cam_3059f25c] [RTSP source] 5 decode errors, last was: received RTP packet with unknown payload type: 50
2026/09/29 07:53:25 WAR [path cam_3059f25c] [RTSP source] 5 decode errors, last was: received RTP packet with unknown payload type: 50
2026/09/29 07:53:25 WAR [path cam_5064cd2c] [RTSP source] 5 decode errors, last was: received RTP packet with unknown payload type: 50
2026/09/29 07:53:26 WAR [path cam_5064cd2c] [RTSP source] 5 decode errors, last was: received RTP packet with unknown payload type: 50
2026/09/29 07:53:26 WAR [path cam_3059f25c] [RTSP source] 5 decode errors, last was: received RTP packet with unknown payload type: 50
2026/09/29 07:53:27 WAR [path cam_5064cd2c] [RTSP source] 5 decode errors, last was: received RTP packet with unknown payload type: 50
2026/09/29 07:53:27 WAR [path cam_3059f25c] [RTSP source] 5 decode errors, last was: received RTP packet with unknown payload type: 50
2026/09/29 07:53:28 WAR [path cam_5064cd2c] [RTSP source] 5 decode errors, last was: received RTP packet with unknown payload type: 50
2026/09/29 07:53:28 WAR [path cam_3059f25c] [RTSP source] 5 decode errors, last was: received RTP packet with unknown payload type: 50
2026/09/29 07:53:29 WAR [path cam_3059f25c] [RTSP source] 5 decode errors, last was: received RTP packet with unknown payload type: 50
2026/09/29 07:53:29 WAR [path cam_5064cd2c] [RTSP source] 5 decode errors, last was: received RTP packet with unknown payload type: 50
2026/09/29 07:53:30 WAR [path cam_3059f25c] [RTSP source] 5 decode errors, last was: received RTP packet with unknown payload type: 50
2026/09/29 07:53:30 WAR [path cam_5064cd2c] [RTSP source] 5 decode errors, last was: received RTP packet with unknown payload type: 50
2026/09/29 07:53:31 WAR [path cam_5064cd2c] [RTSP source] 5 decode errors, last was: received RTP packet with unknown payload type: 50
2026/09/29 07:53:31 WAR [path cam_3059f25c] [RTSP source] 5 decode errors, last was: received RTP packet with unknown payload type: 50
2026/09/29 07:53:32 WAR [path cam_5064cd2c] [RTSP source] 5 decode errors, last was: received RTP packet with unknown payload type: 50
2026/09/29 07:53:32 WAR [path cam_3059f25c] [RTSP source] 5 decode errors, last was: received RTP packet with unknown payload type: 50
2026/09/29 07:53:33 WAR [path cam_5064cd2c] [RTSP source] 5 decode errors, last was: received RTP packet with unknown payload type: 50
2026/09/29 07:53:33 WAR [path cam_3059f25c] [RTSP source] 5 decode errors, last was: received RTP packet with unknown payload type: 50
2026/09/29 07:53:34 WAR [path cam_3059f25c] [RTSP source] 5 decode errors, last was: received RTP packet with unknown payload type: 50
2026/09/29 07:53:34 WAR [path cam_5064cd2c] [RTSP source] 5 decode errors, last was: received RTP packet with unknown payload type: 50
2026/09/29 07:53:35 WAR [path cam_5064cd2c] [RTSP source] 5 decode errors, last was: received RTP packet with unknown payload type: 50
2026/09/29 07:53:35 WAR [path cam_3059f25c] [RTSP source] 5 decode errors, last was: received RTP packet with unknown payload type: 50
2026/09/29 07:53:36 WAR [path cam_5064cd2c] [RTSP source] 5 decode errors, last was: received RTP packet with unknown payload type: 50
2026/09/29 07:53:36 WAR [path cam_3059f25c] [RTSP source] 5 decode errors, last was: received RTP packet with unknown payload type: 50
2026/09/29 07:53:37 WAR [path cam_5064cd2c] [RTSP source] 5 decode errors, last was: received RTP packet with unknown payload type: 50
2026/09/29 07:53:37 WAR [path cam_3059f25c] [RTSP source] 5 decode errors, last was: received RTP packet with unknown payload type: 50
2026/09/29 07:53:38 WAR [path cam_5064cd2c] [RTSP source] 5 decode errors, last was: received RTP packet with unknown payload type: 50
2026/09/29 07:53:38 WAR [path cam_3059f25c] [RTSP source] 5 decode errors, last was: received RTP packet with unknown payload type: 50
2026/09/29 07:53:39 WAR [path cam_3059f25c] [RTSP source] 5 decode errors, last was: received RTP packet with unknown payload type: 50
2026/09/29 07:53:39 WAR [path cam_5064cd2c] [RTSP source] 5 decode errors, last was: received RTP packet with unknown payload type: 50
2026/09/29 07:53:40 WAR [path cam_5064cd2c] [RTSP source] 5 decode errors, last was: received RTP packet with unknown payload type: 50
2026/09/29 07:53:40 WAR [path cam_3059f25c] [RTSP source] 5 decode errors, last was: received RTP packet with unknown payload type: 50
2026/09/29 07:53:41 WAR [path cam_5064cd2c] [RTSP source] 5 decode errors, last was: received RTP packet with unknown payload type: 50
2026/09/29 07:53:41 WAR [path cam_3059f25c] [RTSP source] 5 decode errors, last was: received RTP packet with unknown payload type: 50
2026/09/29 07:53:42 WAR [path cam_3059f25c] [RTSP source] 5 decode errors, last was: received RTP packet with unknown payload type: 50
2026/09/29 07:53:42 WAR [path cam_5064cd2c] [RTSP source] 5 decode errors, last was: received RTP packet with unknown payload type: 50
2026/09/29 07:53:43 WAR [path cam_3059f25c] [RTSP source] 5 decode errors, last was: received RTP packet with unknown payload type: 50
2026/09/29 07:53:43 WAR [path cam_5064cd2c] [RTSP source] 5 decode errors, last was: received RTP packet with unknown payload type: 50
2026/09/29 07:53:44 WAR [path cam_5064cd2c] [RTSP source] 5 decode errors, last was: received RTP packet with unknown payload type: 50
2026/09/29 07:53:44 WAR [path cam_3059f25c] [RTSP source] 5 decode errors, last was: received RTP packet with unknown payload type: 50
2026/09/29 07:53:45 WAR [path cam_5064cd2c] [RTSP source] 5 decode errors, last was: received RTP packet with unknown payload type: 50
2026/09/29 07:53:45 WAR [path cam_3059f25c] [RTSP source] 5 decode errors, last was: received RTP packet with unknown payload type: 50
2026/09/29 07:53:46 WAR [path cam_5064cd2c] [RTSP source] 5 decode errors, last was: received RTP packet with unknown payload type: 50
2026/09/29 07:53:46 WAR [path cam_3059f25c] [RTSP source] 5 decode errors, last was: received RTP packet with unknown payload type: 50
2026/09/29 07:53:47 WAR [path cam_5064cd2c] [RTSP source] 5 decode errors, last was: received RTP packet with unknown payload type: 50
2026/09/29 07:53:47 WAR [path cam_3059f25c] [RTSP source] 5 decode errors, last was: received RTP packet with unknown payload type: 50
2026/09/29 07:53:48 WAR [path cam_3059f25c] [RTSP source] 5 decode errors, last was: received RTP packet with unknown payload type: 50
2026/09/29 07:53:48 WAR [path cam_5064cd2c] [RTSP source] 5 decode errors, last was: received RTP packet with unknown payload type: 50
2026/09/29 07:53:48 WAR [path cam_1e437edf] [RTSP source] 1 RTP packet lost
2026/09/29 07:53:49 WAR [path cam_3059f25c] [RTSP source] 5 decode errors, last was: received RTP packet with unknown payload type: 50
2026/09/29 07:53:49 WAR [path cam_5064cd2c] [RTSP source] 5 decode errors, last was: received RTP packet with unknown payload type: 50
2026/09/29 07:53:50 WAR [path cam_5064cd2c] [RTSP source] 5 decode errors, last was: received RTP packet with unknown payload type: 50
2026/09/29 07:53:50 WAR [path cam_3059f25c] [RTSP source] 5 decode errors, last was: received RTP packet with unknown payload type: 50
2026/09/29 07:53:51 WAR [path cam_5064cd2c] [RTSP source] 5 decode errors, last was: received RTP packet with unknown payload type: 50
2026/09/29 07:53:51 WAR [path cam_3059f25c] [RTSP source] 5 decode errors, last was: received RTP packet with unknown payload type: 50
2026/09/29 07:53:52 WAR [path cam_5064cd2c] [RTSP source] 5 decode errors, last was: received RTP packet with unknown payload type: 50
2026/09/29 07:53:52 WAR [path cam_3059f25c] [RTSP source] 5 decode errors, last was: received RTP packet with unknown payload type: 50
2026/09/29 07:53:53 WAR [path cam_3059f25c] [RTSP source] 5 decode errors, last was: received RTP packet with unknown payload type: 50
2026/09/29 07:53:53 WAR [path cam_5064cd2c] [RTSP source] 5 decode errors, last was: received RTP packet with unknown payload type: 50
2026/09/29 07:53:54 WAR [path cam_3059f25c] [RTSP source] 5 decode errors, last was: received RTP packet with unknown payload type: 50
2026/09/29 07:53:54 WAR [path cam_5064cd2c] [RTSP source] 5 decode errors, last was: received RTP packet with unknown payload type: 50
2026/09/29 07:53:55 WAR [path cam_3059f25c] [RTSP source] 5 decode errors, last was: received RTP packet with unknown payload type: 50
2026/09/29 07:53:55 WAR [path cam_5064cd2c] [RTSP source] 5 decode errors, last was: received RTP packet with unknown payload type: 50
2026/09/29 07:53:56 WAR [path cam_5064cd2c] [RTSP source] 5 decode errors, last was: received RTP packet with unknown payload type: 50
2026/09/29 07:53:56 WAR [path cam_3059f25c] [RTSP source] 5 decode errors, last was: received RTP packet with unknown payload type: 50
2026/09/29 07:53:57 WAR [path cam_5064cd2c] [RTSP source] 5 decode errors, last was: received RTP packet with unknown payload type: 50
2026/09/29 07:53:57 WAR [path cam_3059f25c] [RTSP source] 5 decode errors, last was: received RTP packet with unknown payload type: 50
2026/09/29 07:53:58 WAR [path cam_3059f25c] [RTSP source] 5 decode errors, last was: received RTP packet with unknown payload type: 50
2026/09/29 07:53:58 WAR [path cam_5064cd2c] [RTSP source] 5 decode errors, last was: received RTP packet with unknown payload type: 50
2026/09/29 07:53:59 WAR [path cam_5064cd2c] [RTSP source] 5 decode errors, last was: received RTP packet with unknown payload type: 50
2026/09/29 07:53:59 WAR [path cam_3059f25c] [RTSP source] 5 decode errors, last was: received RTP packet with unknown payload type: 50
2026/09/29 07:54:00 WAR [path cam_5064cd2c] [RTSP source] 5 decode errors, last was: received RTP packet with unknown payload type: 50
2026/09/29 07:54:00 WAR [path cam_3059f25c] [RTSP source] 5 decode errors, last was: received RTP packet with unknown payload type: 50
2026/09/29 07:54:01 WAR [path cam_3059f25c] [RTSP source] 5 decode errors, last was: received RTP packet with unknown payload type: 50
2026/09/29 07:54:01 WAR [path cam_5064cd2c] [RTSP source] 5 decode errors, last was: received RTP packet with unknown payload type: 50
2026/09/29 07:54:02 WAR [path cam_3059f25c] [RTSP source] 5 decode errors, last was: received RTP packet with unknown payload type: 50
2026/09/29 07:54:02 WAR [path cam_5064cd2c] [RTSP source] 5 decode errors, last was: received RTP packet with unknown payload type: 50
2026/09/29 07:54:03 WAR [path cam_5064cd2c] [RTSP source] 5 decode errors, last was: received RTP packet with unknown payload type: 50
2026/09/29 07:54:03 WAR [path cam_3059f25c] [RTSP source] 5 decode errors, last was: received RTP packet with unknown payload type: 50
2026/09/29 07:54:04 WAR [path cam_3059f25c] [RTSP source] 5 decode errors, last was: received RTP packet with unknown payload type: 50
2026/09/29 07:54:04 WAR [path cam_5064cd2c] [RTSP source] 5 decode errors, last was: received RTP packet with unknown payload type: 50
2026/09/29 07:54:05 WAR [path cam_3059f25c] [RTSP source] 5 decode errors, last was: received RTP packet with unknown payload type: 50
2026/09/29 07:54:05 WAR [path cam_5064cd2c] [RTSP source] 5 decode errors, last was: received RTP packet with unknown payload type: 50
2026/09/29 07:54:06 WAR [path cam_3059f25c] [RTSP source] 5 decode errors, last was: received RTP packet with unknown payload type: 50
2026/09/29 07:54:06 WAR [path cam_5064cd2c] [RTSP source] 5 decode errors, last was: received RTP packet with unknown payload type: 50
2026/09/29 07:54:07 WAR [path cam_3059f25c] [RTSP source] 5 decode errors, last was: received RTP packet with unknown payload type: 50
2026/09/29 07:54:07 WAR [path cam_5064cd2c] [RTSP source] 5 decode errors, last was: received RTP packet with unknown payload type: 50
2026/09/29 07:54:08 WAR [path cam_5064cd2c] [RTSP source] 5 decode errors, last was: received RTP packet with unknown payload type: 50
2026/09/29 07:54:08 WAR [path cam_3059f25c] [RTSP source] 5 decode errors, last was: received RTP packet with unknown payload type: 50
2026/09/29 07:54:09 WAR [path cam_5064cd2c] [RTSP source] 5 decode errors, last was: received RTP packet with unknown payload type: 50
2026/09/29 07:54:09 WAR [path cam_3059f25c] [RTSP source] 5 decode errors, last was: received RTP packet with unknown payload type: 50
2026/09/29 07:54:10 WAR [path cam_3059f25c] [RTSP source] 5 decode errors, last was: received RTP packet with unknown payload type: 50
2026/09/29 07:54:10 WAR [path cam_5064cd2c] [RTSP source] 5 decode errors, last was: received RTP packet with unknown payload type: 50
2026/09/29 07:54:11 WAR [path cam_3059f25c] [RTSP source] 5 decode errors, last was: received RTP packet with unknown payload type: 50
2026/09/29 07:54:11 WAR [path cam_5064cd2c] [RTSP source] 5 decode errors, last was: received RTP packet with unknown payload type: 50
2026/09/29 07:54:12 WAR [path cam_5064cd2c] [RTSP source] 5 decode errors, last was: received RTP packet with unknown payload type: 50
2026/09/29 07:54:12 WAR [path cam_3059f25c] [RTSP source] 5 decode errors, last was: received RTP packet with unknown payload type: 50
2026/09/29 07:54:13 WAR [path cam_3059f25c] [RTSP source] 5 decode errors, last was: received RTP packet with unknown payload type: 50
2026/09/29 07:54:13 WAR [path cam_5064cd2c] [RTSP source] 5 decode errors, last was: received RTP packet with unknown payload type: 50
2026/09/29 07:54:14 WAR [path cam_3059f25c] [RTSP source] 5 decode errors, last was: received RTP packet with unknown payload type: 50
2026/09/29 07:54:14 WAR [path cam_5064cd2c] [RTSP source] 5 decode errors, last was: received RTP packet with unknown payload type: 50
2026/09/29 07:54:15 WAR [path cam_1e437edf] [RTSP source] 3 RTP packets lost
2026/09/29 07:54:15 WAR [path cam_5064cd2c] [RTSP source] 5 decode errors, last was: received RTP packet with unknown payload type: 50
2026/09/29 07:54:15 WAR [path cam_3059f25c] [RTSP source] 5 decode errors, last was: received RTP packet with unknown payload type: 50
2026/09/29 07:54:15 WAR [path cam_1e437edf] 35 processing errors, last was: invalid fragmentation unit (non-starting)
2026/09/29 07:54:16 WAR [path cam_3059f25c] [RTSP source] 5 decode errors, last was: received RTP packet with unknown payload type: 50
2026/09/29 07:54:16 WAR [path cam_5064cd2c] [RTSP source] 5 decode errors, last was: received RTP packet with unknown payload type: 50
2026/09/29 07:54:17 WAR [path cam_5064cd2c] [RTSP source] 5 decode errors, last was: received RTP packet with unknown payload type: 50
2026/09/29 07:54:17 WAR [path cam_3059f25c] [RTSP source] 5 decode errors, last was: received RTP packet with unknown payload type: 50
2026/09/29 07:54:18 WAR [path cam_3059f25c] [RTSP source] 5 decode errors, last was: received RTP packet with unknown payload type: 50
2026/09/29 07:54:18 WAR [path cam_5064cd2c] [RTSP source] 5 decode errors, last was: received RTP packet with unknown payload type: 50
2026/09/29 07:54:19 WAR [path cam_5064cd2c] [RTSP source] 5 decode errors, last was: received RTP packet with unknown payload type: 50
2026/09/29 07:54:19 WAR [path cam_3059f25c] [RTSP source] 5 decode errors, last was: received RTP packet with unknown payload type: 50
2026/09/29 07:54:20 WAR [path cam_3059f25c] [RTSP source] 5 decode errors, last was: received RTP packet with unknown payload type: 50
2026/09/29 07:54:20 WAR [path cam_5064cd2c] [RTSP source] 5 decode errors, last was: received RTP packet with unknown payload type: 50
2026/09/29 07:54:21 WAR [path cam_3059f25c] [RTSP source] 5 decode errors, last was: received RTP packet with unknown payload type: 50
2026/09/29 07:54:21 WAR [path cam_5064cd2c] [RTSP source] 5 decode errors, last was: received RTP packet with unknown payload type: 50
2026/09/29 07:54:22 WAR [path cam_5064cd2c] [RTSP source] 5 decode errors, last was: received RTP packet with unknown payload type: 50
2026/09/29 07:54:22 WAR [path cam_3059f25c] [RTSP source] 5 decode errors, last was: received RTP packet with unknown payload type: 50
2026/09/29 07:54:23 WAR [path cam_5064cd2c] [RTSP source] 5 decode errors, last was: received RTP packet with unknown payload type: 50
2026/09/29 07:54:23 WAR [path cam_3059f25c] [RTSP source] 5 decode errors, last was: received RTP packet with unknown payload type: 50
2026/09/29 07:54:24 WAR [path cam_5064cd2c] [RTSP source] 5 decode errors, last was: received RTP packet with unknown payload type: 50
2026/09/29 07:54:24 WAR [path cam_3059f25c] [RTSP source] 5 decode errors, last was: received RTP packet with unknown payload type: 50
2026/09/29 07:54:25 WAR [path cam_5064cd2c] [RTSP source] 5 decode errors, last was: received RTP packet with unknown payload type: 50
2026/09/29 07:54:25 WAR [path cam_3059f25c] [RTSP source] 5 decode errors, last was: received RTP packet with unknown payload type: 50
2026/09/29 07:54:26 WAR [path cam_5064cd2c] [RTSP source] 5 decode errors, last was: received RTP packet with unknown payload type: 50
2026/09/29 07:54:26 WAR [path cam_3059f25c] [RTSP source] 5 decode errors, last was: received RTP packet with unknown payload type: 50
2026/09/29 07:54:27 WAR [path cam_5064cd2c] [RTSP source] 5 decode errors, last was: received RTP packet with unknown payload type: 50
2026/09/29 07:54:27 WAR [path cam_3059f25c] [RTSP source] 5 decode errors, last was: received RTP packet with unknown payload type: 50
2026/09/29 07:54:28 WAR [path cam_5064cd2c] [RTSP source] 5 decode errors, last was: received RTP packet with unknown payload type: 50
2026/09/29 07:54:28 WAR [path cam_3059f25c] [RTSP source] 5 decode errors, last was: received RTP packet with unknown payload type: 50
2026/09/29 07:54:29 WAR [path cam_5064cd2c] [RTSP source] 5 decode errors, last was: received RTP packet with unknown payload type: 50
2026/09/29 07:54:29 WAR [path cam_3059f25c] [RTSP source] 5 decode errors, last was: received RTP packet with unknown payload type: 50
2026/09/29 07:54:30 WAR [path cam_3059f25c] [RTSP source] 5 decode errors, last was: received RTP packet with unknown payload type: 50
2026/09/29 07:54:30 WAR [path cam_5064cd2c] [RTSP source] 5 decode errors, last was: received RTP packet with unknown payload type: 50
2026/09/29 07:54:31 WAR [path cam_1e437edf] [RTSP source] 3 RTP packets lost
2026/09/29 07:54:31 WAR [path cam_5064cd2c] [RTSP source] 5 decode errors, last was: received RTP packet with unknown payload type: 50
2026/09/29 07:54:31 WAR [path cam_3059f25c] [RTSP source] 5 decode errors, last was: received RTP packet with unknown payload type: 50
2026/09/29 07:54:32 WAR [path cam_5064cd2c] [RTSP source] 5 decode errors, last was: received RTP packet with unknown payload type: 50
2026/09/29 07:54:32 WAR [path cam_3059f25c] [RTSP source] 5 decode errors, last was: received RTP packet with unknown payload type: 50
2026/09/29 07:54:33 WAR [path cam_5064cd2c] [RTSP source] 5 decode errors, last was: received RTP packet with unknown payload type: 50
2026/09/29 07:54:33 WAR [path cam_3059f25c] [RTSP source] 5 decode errors, last was: received RTP packet with unknown payload type: 50
2026/09/29 07:54:34 WAR [path cam_5064cd2c] [RTSP source] 5 decode errors, last was: received RTP packet with unknown payload type: 50
2026/09/29 07:54:34 WAR [path cam_3059f25c] [RTSP source] 5 decode errors, last was: received RTP packet with unknown payload type: 50
2026/09/29 07:54:35 WAR [path cam_5064cd2c] [RTSP source] 5 decode errors, last was: received RTP packet with unknown payload type: 50
2026/09/29 07:54:35 WAR [path cam_3059f25c] [RTSP source] 5 decode errors, last was: received RTP packet with unknown payload type: 50
2026/09/29 07:54:36 WAR [path cam_5064cd2c] [RTSP source] 5 decode errors, last was: received RTP packet with unknown payload type: 50
2026/09/29 07:54:36 WAR [path cam_3059f25c] [RTSP source] 5 decode errors, last was: received RTP packet with unknown payload type: 50
2026/09/29 07:54:37 WAR [path cam_3059f25c] [RTSP source] 5 decode errors, last was: received RTP packet with unknown payload type: 50
2026/09/29 07:54:37 WAR [path cam_5064cd2c] [RTSP source] 5 decode errors, last was: received RTP packet with unknown payload type: 50
2026/09/29 07:54:38 WAR [path cam_5064cd2c] [RTSP source] 5 decode errors, last was: received RTP packet with unknown payload type: 50
2026/09/29 07:54:38 WAR [path cam_3059f25c] [RTSP source] 5 decode errors, last was: received RTP packet with unknown payload type: 50
2026/09/29 07:54:39 WAR [path cam_5064cd2c] [RTSP source] 5 decode errors, last was: received RTP packet with unknown payload type: 50
2026/09/29 07:54:39 WAR [path cam_3059f25c] [RTSP source] 5 decode errors, last was: received RTP packet with unknown payload type: 50
2026/09/29 07:54:40 WAR [path cam_5064cd2c] [RTSP source] 5 decode errors, last was: received RTP packet with unknown payload type: 50
2026/09/29 07:54:40 WAR [path cam_3059f25c] [RTSP source] 5 decode errors, last was: received RTP packet with unknown payload type: 50
2026/09/29 07:54:41 WAR [path cam_5064cd2c] [RTSP source] 5 decode errors, last was: received RTP packet with unknown payload type: 50
2026/09/29 07:54:41 WAR [path cam_3059f25c] [RTSP source] 5 decode errors, last was: received RTP packet with unknown payload type: 50
2026/09/29 07:54:42 WAR [path cam_5064cd2c] [RTSP source] 5 decode errors, last was: received RTP packet with unknown payload type: 50
2026/09/29 07:54:42 WAR [path cam_3059f25c] [RTSP source] 5 decode errors, last was: received RTP packet with unknown payload type: 50
2026/09/29 07:54:43 WAR [path cam_5064cd2c] [RTSP source] 5 decode errors, last was: received RTP packet with unknown payload type: 50
2026/09/29 07:54:43 WAR [path cam_3059f25c] [RTSP source] 5 decode errors, last was: received RTP packet with unknown payload type: 50
2026/09/29 07:54:44 WAR [path cam_5064cd2c] [RTSP source] 5 decode errors, last was: received RTP packet with unknown payload type: 50
2026/09/29 07:54:44 WAR [path cam_3059f25c] [RTSP source] 5 decode errors, last was: received RTP packet with unknown payload type: 50
2026/09/29 07:54:45 WAR [path cam_5064cd2c] [RTSP source] 5 decode errors, last was: received RTP packet with unknown payload type: 50
2026/09/29 07:54:45 WAR [path cam_3059f25c] [RTSP source] 5 decode errors, last was: received RTP packet with unknown payload type: 50
2026/09/29 07:54:46 WAR [path cam_5064cd2c] [RTSP source] 5 decode errors, last was: received RTP packet with unknown payload type: 50
2026/09/29 07:54:46 WAR [path cam_3059f25c] [RTSP source] 5 decode errors, last was: received RTP packet with unknown payload type: 50
2026/09/29 07:54:47 WAR [path cam_5064cd2c] [RTSP source] 5 decode errors, last was: received RTP packet with unknown payload type: 50
2026/09/29 07:54:47 WAR [path cam_3059f25c] [RTSP source] 5 decode errors, last was: received RTP packet with unknown payload type: 50
2026/09/29 07:54:48 WAR [path cam_3059f25c] [RTSP source] 5 decode errors, last was: received RTP packet with unknown payload type: 50
2026/09/29 07:54:48 WAR [path cam_5064cd2c] [RTSP source] 5 decode errors, last was: received RTP packet with unknown payload type: 50
2026/09/29 07:54:49 WAR [path cam_5064cd2c] [RTSP source] 5 decode errors, last was: received RTP packet with unknown payload type: 50
2026/09/29 07:54:49 WAR [path cam_3059f25c] [RTSP source] 5 decode errors, last was: received RTP packet with unknown payload type: 50
2026/09/29 07:54:50 WAR [path cam_5064cd2c] [RTSP source] 5 decode errors, last was: received RTP packet with unknown payload type: 50
2026/09/29 07:54:50 WAR [path cam_3059f25c] [RTSP source] 5 decode errors, last was: received RTP packet with unknown payload type: 50
2026/09/29 07:54:51 WAR [path cam_5064cd2c] [RTSP source] 5 decode errors, last was: received RTP packet with unknown payload type: 50
2026/09/29 07:54:51 WAR [path cam_3059f25c] [RTSP source] 5 decode errors, last was: received RTP packet with unknown payload type: 50
2026/09/29 07:54:52 WAR [path cam_5064cd2c] [RTSP source] 5 decode errors, last was: received RTP packet with unknown payload type: 50
2026/09/29 07:54:52 WAR [path cam_3059f25c] [RTSP source] 5 decode errors, last was: received RTP packet with unknown payload type: 50
2026/09/29 07:54:53 WAR [path cam_5064cd2c] [RTSP source] 5 decode errors, last was: received RTP packet with unknown payload type: 50
2026/09/29 07:54:53 WAR [path cam_3059f25c] [RTSP source] 5 decode errors, last was: received RTP packet with unknown payload type: 50
2026/09/29 07:54:54 WAR [path cam_3059f25c] [RTSP source] 5 decode errors, last was: received RTP packet with unknown payload type: 50
2026/09/29 07:54:54 WAR [path cam_5064cd2c] [RTSP source] 5 decode errors, last was: received RTP packet with unknown payload type: 50
2026/09/29 07:54:55 WAR [path cam_3059f25c] [RTSP source] 5 decode errors, last was: received RTP packet with unknown payload type: 50
2026/09/29 07:54:55 WAR [path cam_5064cd2c] [RTSP source] 5 decode errors, last was: received RTP packet with unknown payload type: 50
2026/09/29 07:54:56 WAR [path cam_3059f25c] [RTSP source] 5 decode errors, last was: received RTP packet with unknown payload type: 50
2026/09/29 07:54:56 WAR [path cam_5064cd2c] [RTSP source] 5 decode errors, last was: received RTP packet with unknown payload type: 50
2026/09/29 07:54:57 WAR [path cam_5064cd2c] [RTSP source] 5 decode errors, last was: received RTP packet with unknown payload type: 50
2026/09/29 07:54:57 WAR [path cam_3059f25c] [RTSP source] 5 decode errors, last was: received RTP packet with unknown payload type: 50
2026/09/29 07:54:58 WAR [path cam_5064cd2c] [RTSP source] 5 decode errors, last was: received RTP packet with unknown payload type: 50
2026/09/29 07:54:58 WAR [path cam_3059f25c] [RTSP source] 5 decode errors, last was: received RTP packet with unknown payload type: 50
2026/09/29 07:54:59 WAR [path cam_3059f25c] [RTSP source] 5 decode errors, last was: received RTP packet with unknown payload type: 50
2026/09/29 07:54:59 WAR [path cam_5064cd2c] [RTSP source] 5 decode errors, last was: received RTP packet with unknown payload type: 50
2026/09/29 07:55:00 WAR [path cam_5064cd2c] [RTSP source] 5 decode errors, last was: received RTP packet with unknown payload type: 50
2026/09/29 07:55:00 WAR [path cam_3059f25c] [RTSP source] 5 decode errors, last was: received RTP packet with unknown payload type: 50
2026/09/29 07:55:01 WAR [path cam_5064cd2c] [RTSP source] 5 decode errors, last was: received RTP packet with unknown payload type: 50
2026/09/29 07:55:01 WAR [path cam_3059f25c] [RTSP source] 5 decode errors, last was: received RTP packet with unknown payload type: 50
2026/09/29 07:55:02 WAR [path cam_5064cd2c] [RTSP source] 5 decode errors, last was: received RTP packet with unknown payload type: 50
2026/09/29 07:55:02 WAR [path cam_3059f25c] [RTSP source] 5 decode errors, last was: received RTP packet with unknown payload type: 50
2026/09/29 07:55:03 WAR [path cam_3059f25c] [RTSP source] 5 decode errors, last was: received RTP packet with unknown payload type: 50
2026/09/29 07:55:03 WAR [path cam_5064cd2c] [RTSP source] 5 decode errors, last was: received RTP packet with unknown payload type: 50
2026/09/29 07:55:04 WAR [path cam_3059f25c] [RTSP source] 5 decode errors, last was: received RTP packet with unknown payload type: 50
2026/09/29 07:55:04 WAR [path cam_5064cd2c] [RTSP source] 5 decode errors, last was: received RTP packet with unknown payload type: 50
2026/09/29 07:55:05 WAR [path cam_3059f25c] [RTSP source] 5 decode errors, last was: received RTP packet with unknown payload type: 50
2026/09/29 07:55:05 WAR [path cam_5064cd2c] [RTSP source] 5 decode errors, last was: received RTP packet with unknown payload type: 50
2026/09/29 07:55:06 WAR [path cam_3059f25c] [RTSP source] 5 decode errors, last was: received RTP packet with unknown payload type: 50
2026/09/29 07:55:06 WAR [path cam_5064cd2c] [RTSP source] 5 decode errors, last was: received RTP packet with unknown payload type: 50
2026/09/29 07:55:07 WAR [path cam_5064cd2c] [RTSP source] 5 decode errors, last was: received RTP packet with unknown payload type: 50
2026/09/29 07:55:07 WAR [path cam_3059f25c] [RTSP source] 5 decode errors, last was: received RTP packet with unknown payload type: 50
2026/09/29 07:55:08 WAR [path cam_5064cd2c] [RTSP source] 5 decode errors, last was: received RTP packet with unknown payload type: 50
2026/09/29 07:55:08 WAR [path cam_3059f25c] [RTSP source] 5 decode errors, last was: received RTP packet with unknown payload type: 50
2026/09/29 07:55:09 WAR [path cam_3059f25c] [RTSP source] 5 decode errors, last was: received RTP packet with unknown payload type: 50
2026/09/29 07:55:09 WAR [path cam_5064cd2c] [RTSP source] 5 decode errors, last was: received RTP packet with unknown payload type: 50
2026/09/29 07:55:10 WAR [path cam_3059f25c] [RTSP source] 5 decode errors, last was: received RTP packet with unknown payload type: 50
2026/09/29 07:55:10 WAR [path cam_5064cd2c] [RTSP source] 5 decode errors, last was: received RTP packet with unknown payload type: 50
2026/09/29 07:55:11 WAR [path cam_5064cd2c] [RTSP source] 5 decode errors, last was: received RTP packet with unknown payload type: 50
2026/09/29 07:55:11 WAR [path cam_3059f25c] [RTSP source] 5 decode errors, last was: received RTP packet with unknown payload type: 50
2026/09/29 07:55:12 WAR [path cam_5064cd2c] [RTSP source] 5 decode errors, last was: received RTP packet with unknown payload type: 50
2026/09/29 07:55:12 WAR [path cam_3059f25c] [RTSP source] 5 decode errors, last was: received RTP packet with unknown payload type: 50
2026/09/29 07:55:13 WAR [path cam_5064cd2c] [RTSP source] 5 decode errors, last was: received RTP packet with unknown payload type: 50
2026/09/29 07:55:13 WAR [path cam_3059f25c] [RTSP source] 5 decode errors, last was: received RTP packet with unknown payload type: 50
2026/09/29 07:55:14 WAR [path cam_5064cd2c] [RTSP source] 5 decode errors, last was: received RTP packet with unknown payload type: 50
2026/09/29 07:55:14 WAR [path cam_3059f25c] [RTSP source] 5 decode errors, last was: received RTP packet with unknown payload type: 50
2026/09/29 07:55:15 WAR [path cam_3059f25c] [RTSP source] 5 decode errors, last was: received RTP packet with unknown payload type: 50
2026/09/29 07:55:15 WAR [path cam_5064cd2c] [RTSP source] 5 decode errors, last was: received RTP packet with unknown payload type: 50
2026/09/29 07:55:16 WAR [path cam_3059f25c] [RTSP source] 5 decode errors, last was: received RTP packet with unknown payload type: 50
2026/09/29 07:55:16 WAR [path cam_5064cd2c] [RTSP source] 5 decode errors, last was: received RTP packet with unknown payload type: 50
2026/09/29 07:55:17 WAR [path cam_5064cd2c] [RTSP source] 5 decode errors, last was: received RTP packet with unknown payload type: 50
2026/09/29 07:55:17 WAR [path cam_3059f25c] [RTSP source] 5 decode errors, last was: received RTP packet with unknown payload type: 50
2026/09/29 07:55:18 WAR [path cam_5064cd2c] [RTSP source] 5 decode errors, last was: received RTP packet with unknown payload type: 50
2026/09/29 07:55:18 WAR [path cam_3059f25c] [RTSP source] 5 decode errors, last was: received RTP packet with unknown payload type: 50
2026/09/29 07:55:19 WAR [path cam_5064cd2c] [RTSP source] 5 decode errors, last was: received RTP packet with unknown payload type: 50
2026/09/29 07:55:19 WAR [path cam_3059f25c] [RTSP source] 5 decode errors, last was: received RTP packet with unknown payload type: 50
2026/09/29 07:55:20 WAR [path cam_3059f25c] [RTSP source] 5 decode errors, last was: received RTP packet with unknown payload type: 50
2026/09/29 07:55:20 WAR [path cam_5064cd2c] [RTSP source] 5 decode errors, last was: received RTP packet with unknown payload type: 50
2026/09/29 07:55:21 WAR [path cam_3059f25c] [RTSP source] 5 decode errors, last was: received RTP packet with unknown payload type: 50
2026/09/29 07:55:21 WAR [path cam_5064cd2c] [RTSP source] 5 decode errors, last was: received RTP packet with unknown payload type: 50
2026/09/29 07:55:22 WAR [path cam_3059f25c] [RTSP source] 5 decode errors, last was: received RTP packet with unknown payload type: 50
2026/09/29 07:55:22 WAR [path cam_5064cd2c] [RTSP source] 5 decode errors, last was: received RTP packet with unknown payload type: 50
2026/09/29 07:55:23 WAR [path cam_5064cd2c] [RTSP source] 5 decode errors, last was: received RTP packet with unknown payload type: 50
2026/09/29 07:55:23 WAR [path cam_3059f25c] [RTSP source] 5 decode errors, last was: received RTP packet with unknown payload type: 50
2026/09/29 07:55:24 WAR [path cam_5064cd2c] [RTSP source] 5 decode errors, last was: received RTP packet with unknown payload type: 50
2026/09/29 07:55:24 WAR [path cam_3059f25c] [RTSP source] 5 decode errors, last was: received RTP packet with unknown payload type: 50
2026/09/29 07:55:25 WAR [path cam_5064cd2c] [RTSP source] 5 decode errors, last was: received RTP packet with unknown payload type: 50
2026/09/29 07:55:25 WAR [path cam_3059f25c] [RTSP source] 5 decode errors, last was: received RTP packet with unknown payload type: 50
2026/09/29 07:55:26 WAR [path cam_3059f25c] [RTSP source] 5 decode errors, last was: received RTP packet with unknown payload type: 50
2026/09/29 07:55:26 WAR [path cam_5064cd2c] [RTSP source] 5 decode errors, last was: received RTP packet with unknown payload type: 50
2026/09/29 07:55:27 WAR [path cam_3059f25c] [RTSP source] 5 decode errors, last was: received RTP packet with unknown payload type: 50
2026/09/29 07:55:27 WAR [path cam_5064cd2c] [RTSP source] 5 decode errors, last was: received RTP packet with unknown payload type: 50
2026/09/29 07:55:28 WAR [path cam_5064cd2c] [RTSP source] 5 decode errors, last was: received RTP packet with unknown payload type: 50
2026/09/29 07:55:28 WAR [path cam_3059f25c] [RTSP source] 5 decode errors, last was: received RTP packet with unknown payload type: 50
2026/09/29 07:55:29 WAR [path cam_3059f25c] [RTSP source] 5 decode errors, last was: received RTP packet with unknown payload type: 50
2026/09/29 07:55:29 WAR [path cam_5064cd2c] [RTSP source] 5 decode errors, last was: received RTP packet with unknown payload type: 50
2026/09/29 07:55:30 WAR [path cam_5064cd2c] [RTSP source] 5 decode errors, last was: received RTP packet with unknown payload type: 50
2026/09/29 07:55:30 WAR [path cam_3059f25c] [RTSP source] 5 decode errors, last was: received RTP packet with unknown payload type: 50
2026/09/29 07:55:31 WAR [path cam_5064cd2c] [RTSP source] 5 decode errors, last was: received RTP packet with unknown payload type: 50
2026/09/29 07:55:31 WAR [path cam_3059f25c] [RTSP source] 5 decode errors, last was: received RTP packet with unknown payload type: 50
2026/09/29 07:55:32 WAR [path cam_5064cd2c] [RTSP source] 5 decode errors, last was: received RTP packet with unknown payload type: 50
2026/09/29 07:55:32 WAR [path cam_3059f25c] [RTSP source] 5 decode errors, last was: received RTP packet with unknown payload type: 50
2026/09/29 07:55:33 WAR [path cam_3059f25c] [RTSP source] 5 decode errors, last was: received RTP packet with unknown payload type: 50
2026/09/29 07:55:33 WAR [path cam_5064cd2c] [RTSP source] 5 decode errors, last was: received RTP packet with unknown payload type: 50
2026/09/29 07:55:34 WAR [path cam_5064cd2c] [RTSP source] 5 decode errors, last was: received RTP packet with unknown payload type: 50
2026/09/29 07:55:34 WAR [path cam_3059f25c] [RTSP source] 5 decode errors, last was: received RTP packet with unknown payload type: 50
2026/09/29 07:55:35 WAR [path cam_5064cd2c] [RTSP source] 5 decode errors, last was: received RTP packet with unknown payload type: 50
2026/09/29 07:55:35 WAR [path cam_3059f25c] [RTSP source] 5 decode errors, last was: received RTP packet with unknown payload type: 50
2026/09/29 07:55:36 WAR [path cam_3059f25c] [RTSP source] 5 decode errors, last was: received RTP packet with unknown payload type: 50
2026/09/29 07:55:36 WAR [path cam_5064cd2c] [RTSP source] 5 decode errors, last was: received RTP packet with unknown payload type: 50
2026/09/29 07:55:37 WAR [path cam_3059f25c] [RTSP source] 5 decode errors, last was: received RTP packet with unknown payload type: 50
2026/09/29 07:55:37 WAR [path cam_5064cd2c] [RTSP source] 5 decode errors, last was: received RTP packet with unknown payload type: 50
2026/09/29 07:55:38 WAR [path cam_3059f25c] [RTSP source] 5 decode errors, last was: received RTP packet with unknown payload type: 50
2026/09/29 07:55:38 WAR [path cam_5064cd2c] [RTSP source] 5 decode errors, last was: received RTP packet with unknown payload type: 50
2026/09/29 07:55:39 WAR [path cam_5064cd2c] [RTSP source] 5 decode errors, last was: received RTP packet with unknown payload type: 50
2026/09/29 07:55:39 WAR [path cam_3059f25c] [RTSP source] 5 decode errors, last was: received RTP packet with unknown payload type: 50
2026/09/29 07:55:40 WAR [path cam_5064cd2c] [RTSP source] 5 decode errors, last was: received RTP packet with unknown payload type: 50
2026/09/29 07:55:40 WAR [path cam_3059f25c] [RTSP source] 5 decode errors, last was: received RTP packet with unknown payload type: 50
2026/09/29 07:55:41 WAR [path cam_5064cd2c] [RTSP source] 5 decode errors, last was: received RTP packet with unknown payload type: 50
2026/09/29 07:55:41 WAR [path cam_3059f25c] [RTSP source] 5 decode errors, last was: received RTP packet with unknown payload type: 50
2026/09/29 07:55:42 WAR [path cam_3059f25c] [RTSP source] 5 decode errors, last was: received RTP packet with unknown payload type: 50
2026/09/29 07:55:42 WAR [path cam_5064cd2c] [RTSP source] 5 decode errors, last was: received RTP packet with unknown payload type: 50
2026/09/29 07:55:43 WAR [path cam_3059f25c] [RTSP source] 5 decode errors, last was: received RTP packet with unknown payload type: 50
2026/09/29 07:55:43 WAR [path cam_5064cd2c] [RTSP source] 5 decode errors, last was: received RTP packet with unknown payload type: 50
2026/09/29 07:55:44 WAR [path cam_3059f25c] [RTSP source] 5 decode errors, last was: received RTP packet with unknown payload type: 50
2026/09/29 07:55:44 WAR [path cam_5064cd2c] [RTSP source] 5 decode errors, last was: received RTP packet with unknown payload type: 50
2026/09/29 07:55:45 WAR [path cam_5064cd2c] [RTSP source] 5 decode errors, last was: received RTP packet with unknown payload type: 50
2026/09/29 07:55:45 WAR [path cam_3059f25c] [RTSP source] 5 decode errors, last was: received RTP packet with unknown payload type: 50
2026/09/29 07:55:46 WAR [path cam_5064cd2c] [RTSP source] 5 decode errors, last was: received RTP packet with unknown payload type: 50
2026/09/29 07:55:46 WAR [path cam_3059f25c] [RTSP source] 5 decode errors, last was: received RTP packet with unknown payload type: 50
2026/09/29 07:55:47 WAR [path cam_5064cd2c] [RTSP source] 5 decode errors, last was: received RTP packet with unknown payload type: 50
2026/09/29 07:55:47 WAR [path cam_3059f25c] [RTSP source] 5 decode errors, last was: received RTP packet with unknown payload type: 50
2026/09/29 07:55:48 WAR [path cam_3059f25c] [RTSP source] 5 decode errors, last was: received RTP packet with unknown payload type: 50
2026/09/29 07:55:48 WAR [path cam_5064cd2c] [RTSP source] 5 decode errors, last was: received RTP packet with unknown payload type: 50
2026/09/29 07:55:49 WAR [path cam_3059f25c] [RTSP source] 5 decode errors, last was: received RTP packet with unknown payload type: 50
2026/09/29 07:55:49 WAR [path cam_5064cd2c] [RTSP source] 5 decode errors, last was: received RTP packet with unknown payload type: 50
2026/09/29 07:55:50 WAR [path cam_3059f25c] [RTSP source] 4 decode errors, last was: received RTP packet with unknown payload type: 50
2026/09/29 07:55:50 WAR [path cam_5064cd2c] [RTSP source] 5 decode errors, last was: received RTP packet with unknown payload type: 50
2026/09/29 07:55:51 WAR [path cam_5064cd2c] [RTSP source] 5 decode errors, last was: received RTP packet with unknown payload type: 50
2026/09/29 07:55:51 WAR [path cam_3059f25c] [RTSP source] 6 decode errors, last was: received RTP packet with unknown payload type: 50
2026/09/29 07:55:52 WAR [path cam_5064cd2c] [RTSP source] 5 decode errors, last was: received RTP packet with unknown payload type: 50
2026/09/29 07:55:52 WAR [path cam_3059f25c] [RTSP source] 5 decode errors, last was: received RTP packet with unknown payload type: 50
2026/09/29 07:55:53 WAR [path cam_5064cd2c] [RTSP source] 5 decode errors, last was: received RTP packet with unknown payload type: 50
2026/09/29 07:55:53 WAR [path cam_3059f25c] [RTSP source] 5 decode errors, last was: received RTP packet with unknown payload type: 50
2026/09/29 07:55:54 WAR [path cam_3059f25c] [RTSP source] 5 decode errors, last was: received RTP packet with unknown payload type: 50
2026/09/29 07:55:54 WAR [path cam_5064cd2c] [RTSP source] 5 decode errors, last was: received RTP packet with unknown payload type: 50
2026/09/29 07:55:55 WAR [path cam_5064cd2c] [RTSP source] 5 decode errors, last was: received RTP packet with unknown payload type: 50
2026/09/29 07:55:55 WAR [path cam_3059f25c] [RTSP source] 5 decode errors, last was: received RTP packet with unknown payload type: 50
2026/09/29 07:55:56 WAR [path cam_5064cd2c] [RTSP source] 5 decode errors, last was: received RTP packet with unknown payload type: 50
2026/09/29 07:55:56 WAR [path cam_3059f25c] [RTSP source] 5 decode errors, last was: received RTP packet with unknown payload type: 50
2026/09/29 07:55:57 WAR [path cam_3059f25c] [RTSP source] 5 decode errors, last was: received RTP packet with unknown payload type: 50
2026/09/29 07:55:57 WAR [path cam_5064cd2c] [RTSP source] 5 decode errors, last was: received RTP packet with unknown payload type: 50
2026/09/29 07:55:58 WAR [path cam_3059f25c] [RTSP source] 5 decode errors, last was: received RTP packet with unknown payload type: 50
2026/09/29 07:55:58 WAR [path cam_5064cd2c] [RTSP source] 5 decode errors, last was: received RTP packet with unknown payload type: 50
2026/09/29 07:55:59 WAR [path cam_5064cd2c] [RTSP source] 5 decode errors, last was: received RTP packet with unknown payload type: 50
2026/09/29 07:55:59 WAR [path cam_3059f25c] [RTSP source] 5 decode errors, last was: received RTP packet with unknown payload type: 50
2026/09/29 07:56:00 WAR [path cam_3059f25c] [RTSP source] 5 decode errors, last was: received RTP packet with unknown payload type: 50
2026/09/29 07:56:00 WAR [path cam_5064cd2c] [RTSP source] 5 decode errors, last was: received RTP packet with unknown payload type: 50
2026/09/29 07:56:01 WAR [path cam_3059f25c] [RTSP source] 5 decode errors, last was: received RTP packet with unknown payload type: 50
2026/09/29 07:56:01 WAR [path cam_5064cd2c] [RTSP source] 5 decode errors, last was: received RTP packet with unknown payload type: 50
2026/09/29 07:56:02 WAR [path cam_3059f25c] [RTSP source] 5 decode errors, last was: received RTP packet with unknown payload type: 50
2026/09/29 07:56:02 WAR [path cam_5064cd2c] [RTSP source] 5 decode errors, last was: received RTP packet with unknown payload type: 50
2026/09/29 07:56:03 WAR [path cam_5064cd2c] [RTSP source] 5 decode errors, last was: received RTP packet with unknown payload type: 50
2026/09/29 07:56:03 WAR [path cam_3059f25c] [RTSP source] 5 decode errors, last was: received RTP packet with unknown payload type: 50
2026/09/29 07:56:04 WAR [path cam_3059f25c] [RTSP source] 5 decode errors, last was: received RTP packet with unknown payload type: 50
2026/09/29 07:56:04 WAR [path cam_5064cd2c] [RTSP source] 5 decode errors, last was: received RTP packet with unknown payload type: 50
2026/09/29 07:56:05 WAR [path cam_5064cd2c] [RTSP source] 5 decode errors, last was: received RTP packet with unknown payload type: 50
2026/09/29 07:56:05 WAR [path cam_3059f25c] [RTSP source] 5 decode errors, last was: received RTP packet with unknown payload type: 50
2026/09/29 07:56:06 WAR [path cam_3059f25c] [RTSP source] 5 decode errors, last was: received RTP packet with unknown payload type: 50
2026/09/29 07:56:06 WAR [path cam_5064cd2c] [RTSP source] 5 decode errors, last was: received RTP packet with unknown payload type: 50
2026/09/29 07:56:07 WAR [path cam_3059f25c] [RTSP source] 5 decode errors, last was: received RTP packet with unknown payload type: 50
2026/09/29 07:56:07 WAR [path cam_5064cd2c] [RTSP source] 5 decode errors, last was: received RTP packet with unknown payload type: 50
2026/09/29 07:56:08 WAR [path cam_3059f25c] [RTSP source] 5 decode errors, last was: received RTP packet with unknown payload type: 50
2026/09/29 07:56:08 WAR [path cam_5064cd2c] [RTSP source] 5 decode errors, last was: received RTP packet with unknown payload type: 50
2026/09/29 07:56:09 WAR [path cam_5064cd2c] [RTSP source] 5 decode errors, last was: received RTP packet with unknown payload type: 50
2026/09/29 07:56:09 WAR [path cam_3059f25c] [RTSP source] 5 decode errors, last was: received RTP packet with unknown payload type: 50
2026/09/29 07:56:10 WAR [path cam_3059f25c] [RTSP source] 5 decode errors, last was: received RTP packet with unknown payload type: 50
2026/09/29 07:56:10 WAR [path cam_5064cd2c] [RTSP source] 5 decode errors, last was: received RTP packet with unknown payload type: 50
2026/09/29 07:56:11 WAR [path cam_5064cd2c] [RTSP source] 5 decode errors, last was: received RTP packet with unknown payload type: 50
2026/09/29 07:56:11 WAR [path cam_3059f25c] [RTSP source] 5 decode errors, last was: received RTP packet with unknown payload type: 50
2026/09/29 07:56:12 WAR [path cam_3059f25c] [RTSP source] 5 decode errors, last was: received RTP packet with unknown payload type: 50
2026/09/29 07:56:12 WAR [path cam_5064cd2c] [RTSP source] 5 decode errors, last was: received RTP packet with unknown payload type: 50
2026/09/29 07:56:13 WAR [path cam_5064cd2c] [RTSP source] 5 decode errors, last was: received RTP packet with unknown payload type: 50
2026/09/29 07:56:13 WAR [path cam_3059f25c] [RTSP source] 5 decode errors, last was: received RTP packet with unknown payload type: 50
2026/09/29 07:56:14 WAR [path cam_5064cd2c] [RTSP source] 5 decode errors, last was: received RTP packet with unknown payload type: 50
2026/09/29 07:56:14 WAR [path cam_3059f25c] [RTSP source] 5 decode errors, last was: received RTP packet with unknown payload type: 50
2026/09/29 07:56:15 WAR [path cam_3059f25c] [RTSP source] 5 decode errors, last was: received RTP packet with unknown payload type: 50
2026/09/29 07:56:15 WAR [path cam_5064cd2c] [RTSP source] 5 decode errors, last was: received RTP packet with unknown payload type: 50
2026/09/29 07:56:16 WAR [path cam_5064cd2c] [RTSP source] 5 decode errors, last was: received RTP packet with unknown payload type: 50
2026/09/29 07:56:16 WAR [path cam_3059f25c] [RTSP source] 5 decode errors, last was: received RTP packet with unknown payload type: 50
2026/09/29 07:56:17 WAR [path cam_5064cd2c] [RTSP source] 5 decode errors, last was: received RTP packet with unknown payload type: 50
2026/09/29 07:56:17 WAR [path cam_3059f25c] [RTSP source] 5 decode errors, last was: received RTP packet with unknown payload type: 50
2026/09/29 07:56:18 WAR [path cam_3059f25c] [RTSP source] 5 decode errors, last was: received RTP packet with unknown payload type: 50
2026/09/29 07:56:18 WAR [path cam_5064cd2c] [RTSP source] 5 decode errors, last was: received RTP packet with unknown payload type: 50
2026/09/29 07:56:19 WAR [path cam_3059f25c] [RTSP source] 5 decode errors, last was: received RTP packet with unknown payload type: 50
2026/09/29 07:56:19 WAR [path cam_5064cd2c] [RTSP source] 5 decode errors, last was: received RTP packet with unknown payload type: 50
2026/09/29 07:56:20 WAR [path cam_5064cd2c] [RTSP source] 5 decode errors, last was: received RTP packet with unknown payload type: 50
2026/09/29 07:56:20 WAR [path cam_3059f25c] [RTSP source] 5 decode errors, last was: received RTP packet with unknown payload type: 50
2026/09/29 07:56:21 WAR [path cam_5064cd2c] [RTSP source] 5 decode errors, last was: received RTP packet with unknown payload type: 50
2026/09/29 07:56:21 WAR [path cam_3059f25c] [RTSP source] 5 decode errors, last was: received RTP packet with unknown payload type: 50
2026/09/29 07:56:22 WAR [path cam_3059f25c] [RTSP source] 5 decode errors, last was: received RTP packet with unknown payload type: 50
2026/09/29 07:56:22 WAR [path cam_5064cd2c] [RTSP source] 5 decode errors, last was: received RTP packet with unknown payload type: 50
2026/09/29 07:56:23 WAR [path cam_5064cd2c] [RTSP source] 5 decode errors, last was: received RTP packet with unknown payload type: 50
2026/09/29 07:56:23 WAR [path cam_3059f25c] [RTSP source] 5 decode errors, last was: received RTP packet with unknown payload type: 50
2026/09/29 07:56:24 WAR [path cam_5064cd2c] [RTSP source] 5 decode errors, last was: received RTP packet with unknown payload type: 50
2026/09/29 07:56:24 WAR [path cam_3059f25c] [RTSP source] 5 decode errors, last was: received RTP packet with unknown payload type: 50
2026/09/29 07:56:25 WAR [path cam_3059f25c] [RTSP source] 5 decode errors, last was: received RTP packet with unknown payload type: 50
2026/09/29 07:56:25 WAR [path cam_5064cd2c] [RTSP source] 5 decode errors, last was: received RTP packet with unknown payload type: 50
2026/09/29 07:56:26 WAR [path cam_5064cd2c] [RTSP source] 5 decode errors, last was: received RTP packet with unknown payload type: 50
2026/09/29 07:56:26 WAR [path cam_3059f25c] [RTSP source] 5 decode errors, last was: received RTP packet with unknown payload type: 50
2026/09/29 07:56:27 WAR [path cam_3059f25c] [RTSP source] 5 decode errors, last was: received RTP packet with unknown payload type: 50
2026/09/29 07:56:27 WAR [path cam_5064cd2c] [RTSP source] 5 decode errors, last was: received RTP packet with unknown payload type: 50
2026/09/29 07:56:28 WAR [path cam_5064cd2c] [RTSP source] 5 decode errors, last was: received RTP packet with unknown payload type: 50
2026/09/29 07:56:28 WAR [path cam_3059f25c] [RTSP source] 5 decode errors, last was: received RTP packet with unknown payload type: 50
2026/09/29 07:56:29 WAR [path cam_3059f25c] [RTSP source] 5 decode errors, last was: received RTP packet with unknown payload type: 50
2026/09/29 07:56:29 WAR [path cam_5064cd2c] [RTSP source] 5 decode errors, last was: received RTP packet with unknown payload type: 50
2026/09/29 07:56:30 WAR [path cam_3059f25c] [RTSP source] 5 decode errors, last was: received RTP packet with unknown payload type: 50
2026/09/29 07:56:30 WAR [path cam_5064cd2c] [RTSP source] 5 decode errors, last was: received RTP packet with unknown payload type: 50
2026/09/29 07:56:31 WAR [path cam_5064cd2c] [RTSP source] 5 decode errors, last was: received RTP packet with unknown payload type: 50
2026/09/29 07:56:31 WAR [path cam_3059f25c] [RTSP source] 5 decode errors, last was: received RTP packet with unknown payload type: 50
2026/09/29 07:56:32 WAR [path cam_5064cd2c] [RTSP source] 5 decode errors, last was: received RTP packet with unknown payload type: 50
2026/09/29 07:56:32 WAR [path cam_3059f25c] [RTSP source] 5 decode errors, last was: received RTP packet with unknown payload type: 50
2026/09/29 07:56:33 WAR [path cam_3059f25c] [RTSP source] 5 decode errors, last was: received RTP packet with unknown payload type: 50
2026/09/29 07:56:33 WAR [path cam_5064cd2c] [RTSP source] 29 RTP packets lost
2026/09/29 07:56:33 WAR [path cam_5064cd2c] [RTSP source] 5 decode errors, last was: received RTP packet with unknown payload type: 50
2026/09/29 07:56:33 WAR [path cam_5064cd2c] 103 processing errors, last was: invalid fragmentation unit (non-starting)
2026/09/29 07:56:34 WAR [path cam_3059f25c] [RTSP source] 5 decode errors, last was: received RTP packet with unknown payload type: 50
2026/09/29 07:56:34 WAR [path cam_5064cd2c] [RTSP source] 5 decode errors, last was: received RTP packet with unknown payload type: 50
2026/09/29 07:56:35 WAR [path cam_3059f25c] [RTSP source] 5 decode errors, last was: received RTP packet with unknown payload type: 50
2026/09/29 07:56:35 WAR [path cam_5064cd2c] [RTSP source] 5 decode errors, last was: received RTP packet with unknown payload type: 50
2026/09/29 07:56:36 WAR [path cam_3059f25c] [RTSP source] 5 decode errors, last was: received RTP packet with unknown payload type: 50
2026/09/29 07:56:36 WAR [path cam_5064cd2c] [RTSP source] 5 decode errors, last was: received RTP packet with unknown payload type: 50
2026/09/29 07:56:37 WAR [path cam_5064cd2c] [RTSP source] 5 decode errors, last was: received RTP packet with unknown payload type: 50
2026/09/29 07:56:37 WAR [path cam_3059f25c] [RTSP source] 5 decode errors, last was: received RTP packet with unknown payload type: 50
2026/09/29 07:56:38 WAR [path cam_5064cd2c] [RTSP source] 5 decode errors, last was: received RTP packet with unknown payload type: 50
2026/09/29 07:56:38 WAR [path cam_3059f25c] [RTSP source] 5 decode errors, last was: received RTP packet with unknown payload type: 50
2026/09/29 07:56:39 WAR [path cam_5064cd2c] [RTSP source] 5 decode errors, last was: received RTP packet with unknown payload type: 50
2026/09/29 07:56:39 WAR [path cam_3059f25c] [RTSP source] 5 decode errors, last was: received RTP packet with unknown payload type: 50
2026/09/29 07:56:40 WAR [path cam_5064cd2c] [RTSP source] 5 decode errors, last was: received RTP packet with unknown payload type: 50
2026/09/29 07:56:40 WAR [path cam_3059f25c] [RTSP source] 5 decode errors, last was: received RTP packet with unknown payload type: 50
2026/09/29 07:56:41 WAR [path cam_3059f25c] [RTSP source] 5 decode errors, last was: received RTP packet with unknown payload type: 50
2026/09/29 07:56:41 WAR [path cam_5064cd2c] [RTSP source] 5 decode errors, last was: received RTP packet with unknown payload type: 50
2026/09/29 07:56:42 WAR [path cam_5064cd2c] [RTSP source] 5 decode errors, last was: received RTP packet with unknown payload type: 50
2026/09/29 07:56:42 WAR [path cam_3059f25c] [RTSP source] 5 decode errors, last was: received RTP packet with unknown payload type: 50
2026/09/29 07:56:43 WAR [path cam_3059f25c] [RTSP source] 5 decode errors, last was: received RTP packet with unknown payload type: 50
2026/09/29 07:56:43 WAR [path cam_5064cd2c] [RTSP source] 5 decode errors, last was: received RTP packet with unknown payload type: 50
2026/09/29 07:56:44 WAR [path cam_5064cd2c] [RTSP source] 5 decode errors, last was: received RTP packet with unknown payload type: 50
2026/09/29 07:56:44 WAR [path cam_3059f25c] [RTSP source] 5 decode errors, last was: received RTP packet with unknown payload type: 50
2026/09/29 07:56:45 WAR [path cam_3059f25c] [RTSP source] 5 decode errors, last was: received RTP packet with unknown payload type: 50
2026/09/29 07:56:45 WAR [path cam_5064cd2c] [RTSP source] 5 decode errors, last was: received RTP packet with unknown payload type: 50
2026/09/29 07:56:46 WAR [path cam_3059f25c] [RTSP source] 5 decode errors, last was: received RTP packet with unknown payload type: 50
2026/09/29 07:56:46 WAR [path cam_5064cd2c] [RTSP source] 5 decode errors, last was: received RTP packet with unknown payload type: 50
2026/09/29 07:56:47 WAR [path cam_3059f25c] [RTSP source] 5 decode errors, last was: received RTP packet with unknown payload type: 50
2026/09/29 07:56:47 WAR [path cam_5064cd2c] [RTSP source] 5 decode errors, last was: received RTP packet with unknown payload type: 50
2026/09/29 07:56:48 WAR [path cam_5064cd2c] [RTSP source] 5 decode errors, last was: received RTP packet with unknown payload type: 50
2026/09/29 07:56:48 WAR [path cam_3059f25c] [RTSP source] 5 decode errors, last was: received RTP packet with unknown payload type: 50
2026/09/29 07:56:49 WAR [path cam_5064cd2c] [RTSP source] 5 decode errors, last was: received RTP packet with unknown payload type: 50
2026/09/29 07:56:49 WAR [path cam_3059f25c] [RTSP source] 5 decode errors, last was: received RTP packet with unknown payload type: 50
2026/09/29 07:56:50 WAR [path cam_5064cd2c] [RTSP source] 5 decode errors, last was: received RTP packet with unknown payload type: 50
2026/09/29 07:56:50 WAR [path cam_3059f25c] [RTSP source] 5 decode errors, last was: received RTP packet with unknown payload type: 50
2026/09/29 07:56:51 WAR [path cam_3059f25c] [RTSP source] 5 decode errors, last was: received RTP packet with unknown payload type: 50
2026/09/29 07:56:51 WAR [path cam_5064cd2c] [RTSP source] 5 decode errors, last was: received RTP packet with unknown payload type: 50
2026/09/29 07:56:52 WAR [path cam_5064cd2c] [RTSP source] 5 decode errors, last was: received RTP packet with unknown payload type: 50
2026/09/29 07:56:52 WAR [path cam_3059f25c] [RTSP source] 5 decode errors, last was: received RTP packet with unknown payload type: 50
2026/09/29 07:56:53 WAR [path cam_5064cd2c] [RTSP source] 5 decode errors, last was: received RTP packet with unknown payload type: 50
2026/09/29 07:56:53 WAR [path cam_3059f25c] [RTSP source] 5 decode errors, last was: received RTP packet with unknown payload type: 50
2026/09/29 07:56:54 WAR [path cam_5064cd2c] [RTSP source] 5 decode errors, last was: received RTP packet with unknown payload type: 50
2026/09/29 07:56:54 WAR [path cam_3059f25c] [RTSP source] 5 decode errors, last was: received RTP packet with unknown payload type: 50
2026/09/29 07:56:55 WAR [path cam_3059f25c] [RTSP source] 5 decode errors, last was: received RTP packet with unknown payload type: 50
2026/09/29 07:56:55 WAR [path cam_5064cd2c] [RTSP source] 5 decode errors, last was: received RTP packet with unknown payload type: 50
2026/09/29 07:56:56 WAR [path cam_5064cd2c] [RTSP source] 5 decode errors, last was: received RTP packet with unknown payload type: 50
2026/09/29 07:56:56 WAR [path cam_3059f25c] [RTSP source] 5 decode errors, last was: received RTP packet with unknown payload type: 50
2026/09/29 07:56:57 WAR [path cam_5064cd2c] [RTSP source] 5 decode errors, last was: received RTP packet with unknown payload type: 50
2026/09/29 07:56:57 WAR [path cam_3059f25c] [RTSP source] 5 decode errors, last was: received RTP packet with unknown payload type: 50
2026/09/29 07:56:58 WAR [path cam_3059f25c] [RTSP source] 5 decode errors, last was: received RTP packet with unknown payload type: 50
2026/09/29 07:56:58 WAR [path cam_5064cd2c] [RTSP source] 5 decode errors, last was: received RTP packet with unknown payload type: 50
2026/09/29 07:56:59 WAR [path cam_3059f25c] [RTSP source] 5 decode errors, last was: received RTP packet with unknown payload type: 50
2026/09/29 07:56:59 WAR [path cam_5064cd2c] [RTSP source] 5 decode errors, last was: received RTP packet with unknown payload type: 50
2026/09/29 07:57:00 WAR [path cam_5064cd2c] [RTSP source] 5 decode errors, last was: received RTP packet with unknown payload type: 50
2026/09/29 07:57:00 WAR [path cam_3059f25c] [RTSP source] 5 decode errors, last was: received RTP packet with unknown payload type: 50
2026/09/29 07:57:01 WAR [path cam_3059f25c] [RTSP source] 5 decode errors, last was: received RTP packet with unknown payload type: 50
2026/09/29 07:57:01 WAR [path cam_5064cd2c] [RTSP source] 5 decode errors, last was: received RTP packet with unknown payload type: 50
2026/09/29 07:57:02 WAR [path cam_3059f25c] [RTSP source] 5 decode errors, last was: received RTP packet with unknown payload type: 50
2026/09/29 07:57:02 WAR [path cam_5064cd2c] [RTSP source] 5 decode errors, last was: received RTP packet with unknown payload type: 50
2026/09/29 07:57:03 WAR [path cam_5064cd2c] [RTSP source] 5 decode errors, last was: received RTP packet with unknown payload type: 50
2026/09/29 07:57:03 WAR [path cam_3059f25c] [RTSP source] 5 decode errors, last was: received RTP packet with unknown payload type: 50
2026/09/29 07:57:04 WAR [path cam_5064cd2c] [RTSP source] 5 decode errors, last was: received RTP packet with unknown payload type: 50
2026/09/29 07:57:04 WAR [path cam_3059f25c] [RTSP source] 5 decode errors, last was: received RTP packet with unknown payload type: 50
2026/09/29 07:57:05 WAR [path cam_5064cd2c] [RTSP source] 5 decode errors, last was: received RTP packet with unknown payload type: 50
2026/09/29 07:57:05 WAR [path cam_3059f25c] [RTSP source] 5 decode errors, last was: received RTP packet with unknown payload type: 50
2026/09/29 07:57:06 WAR [path cam_3059f25c] [RTSP source] 4 decode errors, last was: received RTP packet with unknown payload type: 50
2026/09/29 07:57:06 WAR [path cam_5064cd2c] [RTSP source] 5 decode errors, last was: received RTP packet with unknown payload type: 50
2026/09/29 07:57:07 WAR [path cam_5064cd2c] [RTSP source] 5 decode errors, last was: received RTP packet with unknown payload type: 50
2026/09/29 07:57:07 WAR [path cam_3059f25c] [RTSP source] 5 decode errors, last was: received RTP packet with unknown payload type: 50
2026/09/29 07:57:08 WAR [path cam_3059f25c] [RTSP source] 5 decode errors, last was: received RTP packet with unknown payload type: 50
2026/09/29 07:57:08 WAR [path cam_5064cd2c] [RTSP source] 5 decode errors, last was: received RTP packet with unknown payload type: 50
2026/09/29 07:57:09 WAR [path cam_5064cd2c] [RTSP source] 5 decode errors, last was: received RTP packet with unknown payload type: 50
2026/09/29 07:57:09 WAR [path cam_3059f25c] [RTSP source] 5 decode errors, last was: received RTP packet with unknown payload type: 50
2026/09/29 07:57:10 WAR [path cam_3059f25c] [RTSP source] 5 decode errors, last was: received RTP packet with unknown payload type: 50
2026/09/29 07:57:10 WAR [path cam_5064cd2c] [RTSP source] 5 decode errors, last was: received RTP packet with unknown payload type: 50
2026/09/29 07:57:11 WAR [path cam_5064cd2c] [RTSP source] 5 decode errors, last was: received RTP packet with unknown payload type: 50
2026/09/29 07:57:11 WAR [path cam_3059f25c] [RTSP source] 5 decode errors, last was: received RTP packet with unknown payload type: 50
2026/09/29 07:57:12 WAR [path cam_5064cd2c] [RTSP source] 5 decode errors, last was: received RTP packet with unknown payload type: 50
2026/09/29 07:57:12 WAR [path cam_3059f25c] [RTSP source] 5 decode errors, last was: received RTP packet with unknown payload type: 50
2026/09/29 07:57:12 WAR [path cam_5064cd2c] [RTSP source] 4 RTP packets lost
2026/09/29 07:57:12 WAR [path cam_5064cd2c] 85 processing errors, last was: invalid fragmentation unit (non-starting)
2026/09/29 07:57:13 WAR [path cam_5064cd2c] [RTSP source] 5 decode errors, last was: received RTP packet with unknown payload type: 50
2026/09/29 07:57:13 WAR [path cam_3059f25c] [RTSP source] 5 decode errors, last was: received RTP packet with unknown payload type: 50
2026/09/29 07:57:13 WAR [path cam_1e437edf] [RTSP source] 24 RTP packets lost
2026/09/29 07:57:13 WAR [path cam_1e437edf_sub] [RTSP source] 1 RTP packet lost
2026/09/29 07:57:14 WAR [path cam_3059f25c] [RTSP source] 5 decode errors, last was: received RTP packet with unknown payload type: 50
2026/09/29 07:57:14 WAR [path cam_5064cd2c] [RTSP source] 5 decode errors, last was: received RTP packet with unknown payload type: 50
2026/09/29 07:57:15 WAR [path cam_3059f25c] [RTSP source] 5 decode errors, last was: received RTP packet with unknown payload type: 50
2026/09/29 07:57:15 WAR [path cam_5064cd2c] [RTSP source] 5 decode errors, last was: received RTP packet with unknown payload type: 50
2026/09/29 07:57:16 WAR [path cam_3059f25c] [RTSP source] 5 decode errors, last was: received RTP packet with unknown payload type: 50
2026/09/29 07:57:16 WAR [path cam_5064cd2c] [RTSP source] 5 decode errors, last was: received RTP packet with unknown payload type: 50
2026/09/29 07:57:17 WAR [path cam_3059f25c] [RTSP source] 5 decode errors, last was: received RTP packet with unknown payload type: 50
2026/09/29 07:57:17 WAR [path cam_5064cd2c] [RTSP source] 5 decode errors, last was: received RTP packet with unknown payload type: 50
2026/09/29 07:57:18 WAR [path cam_3059f25c] [RTSP source] 5 decode errors, last was: received RTP packet with unknown payload type: 50
2026/09/29 07:57:18 WAR [path cam_5064cd2c] [RTSP source] 5 decode errors, last was: received RTP packet with unknown payload type: 50
2026/09/29 07:57:19 WAR [path cam_5064cd2c] [RTSP source] 5 decode errors, last was: received RTP packet with unknown payload type: 50
2026/09/29 07:57:19 WAR [path cam_3059f25c] [RTSP source] 5 decode errors, last was: received RTP packet with unknown payload type: 50
2026/09/29 07:57:20 WAR [path cam_5064cd2c] [RTSP source] 5 decode errors, last was: received RTP packet with unknown payload type: 50
2026/09/29 07:57:20 WAR [path cam_3059f25c] [RTSP source] 5 decode errors, last was: received RTP packet with unknown payload type: 50
2026/09/29 07:57:21 WAR [path cam_3059f25c] [RTSP source] 5 decode errors, last was: received RTP packet with unknown payload type: 50
2026/09/29 07:57:21 WAR [path cam_5064cd2c] [RTSP source] 5 decode errors, last was: received RTP packet with unknown payload type: 50
2026/09/29 07:57:22 WAR [path cam_3059f25c] [RTSP source] 5 decode errors, last was: received RTP packet with unknown payload type: 50
2026/09/29 07:57:22 WAR [path cam_5064cd2c] [RTSP source] 5 decode errors, last was: received RTP packet with unknown payload type: 50
2026/09/29 07:57:23 WAR [path cam_3059f25c] [RTSP source] 5 decode errors, last was: received RTP packet with unknown payload type: 50
2026/09/29 07:57:23 WAR [path cam_5064cd2c] [RTSP source] 5 decode errors, last was: received RTP packet with unknown payload type: 50
2026/09/29 07:57:24 WAR [path cam_5064cd2c] [RTSP source] 5 decode errors, last was: received RTP packet with unknown payload type: 50
2026/09/29 07:57:24 WAR [path cam_3059f25c] [RTSP source] 5 decode errors, last was: received RTP packet with unknown payload type: 50
2026/09/29 07:57:25 WAR [path cam_3059f25c] [RTSP source] 5 decode errors, last was: received RTP packet with unknown payload type: 50
2026/09/29 07:57:25 WAR [path cam_5064cd2c] [RTSP source] 5 decode errors, last was: received RTP packet with unknown payload type: 50
2026/09/29 07:57:26 WAR [path cam_5064cd2c] [RTSP source] 5 decode errors, last was: received RTP packet with unknown payload type: 50
2026/09/29 07:57:26 WAR [path cam_3059f25c] [RTSP source] 5 decode errors, last was: received RTP packet with unknown payload type: 50
2026/09/29 07:57:27 WAR [path cam_5064cd2c] [RTSP source] 5 decode errors, last was: received RTP packet with unknown payload type: 50
2026/09/29 07:57:27 WAR [path cam_3059f25c] [RTSP source] 5 decode errors, last was: received RTP packet with unknown payload type: 50
2026/09/29 07:57:28 WAR [path cam_5064cd2c] [RTSP source] 5 decode errors, last was: received RTP packet with unknown payload type: 50
2026/09/29 07:57:28 WAR [path cam_3059f25c] [RTSP source] 5 decode errors, last was: received RTP packet with unknown payload type: 50
2026/09/29 07:57:29 WAR [path cam_5064cd2c] [RTSP source] 5 decode errors, last was: received RTP packet with unknown payload type: 50
2026/09/29 07:57:29 WAR [path cam_3059f25c] [RTSP source] 5 decode errors, last was: received RTP packet with unknown payload type: 50
2026/09/29 07:57:30 WAR [path cam_5064cd2c] [RTSP source] 5 decode errors, last was: received RTP packet with unknown payload type: 50
2026/09/29 07:57:30 WAR [path cam_3059f25c] [RTSP source] 5 decode errors, last was: received RTP packet with unknown payload type: 50
2026/09/29 07:57:31 WAR [path cam_3059f25c] [RTSP source] 5 decode errors, last was: received RTP packet with unknown payload type: 50
2026/09/29 07:57:31 WAR [path cam_5064cd2c] [RTSP source] 5 decode errors, last was: received RTP packet with unknown payload type: 50
2026/09/29 07:57:32 WAR [path cam_5064cd2c] [RTSP source] 5 decode errors, last was: received RTP packet with unknown payload type: 50
2026/09/29 07:57:32 WAR [path cam_3059f25c] [RTSP source] 5 decode errors, last was: received RTP packet with unknown payload type: 50
2026/09/29 07:57:33 WAR [path cam_5064cd2c] [RTSP source] 5 decode errors, last was: received RTP packet with unknown payload type: 50
2026/09/29 07:57:33 WAR [path cam_3059f25c] [RTSP source] 5 decode errors, last was: received RTP packet with unknown payload type: 50
2026/09/29 07:57:34 WAR [path cam_5064cd2c] [RTSP source] 5 decode errors, last was: received RTP packet with unknown payload type: 50
2026/09/29 07:57:34 WAR [path cam_3059f25c] [RTSP source] 5 decode errors, last was: received RTP packet with unknown payload type: 50
2026/09/29 07:57:35 WAR [path cam_3059f25c] [RTSP source] 5 decode errors, last was: received RTP packet with unknown payload type: 50
2026/09/29 07:57:35 WAR [path cam_5064cd2c] [RTSP source] 5 decode errors, last was: received RTP packet with unknown payload type: 50
2026/09/29 07:57:36 WAR [path cam_5064cd2c] [RTSP source] 5 decode errors, last was: received RTP packet with unknown payload type: 50
2026/09/29 07:57:36 WAR [path cam_3059f25c] [RTSP source] 5 decode errors, last was: received RTP packet with unknown payload type: 50
2026/09/29 07:57:37 WAR [path cam_5064cd2c] [RTSP source] 5 decode errors, last was: received RTP packet with unknown payload type: 50
2026/09/29 07:57:37 WAR [path cam_3059f25c] [RTSP source] 5 decode errors, last was: received RTP packet with unknown payload type: 50
2026/09/29 07:57:38 WAR [path cam_3059f25c] [RTSP source] 5 decode errors, last was: received RTP packet with unknown payload type: 50
2026/09/29 07:57:38 WAR [path cam_5064cd2c] [RTSP source] 5 decode errors, last was: received RTP packet with unknown payload type: 50
2026/09/29 07:57:39 WAR [path cam_3059f25c] [RTSP source] 5 decode errors, last was: received RTP packet with unknown payload type: 50
2026/09/29 07:57:39 WAR [path cam_5064cd2c] [RTSP source] 5 decode errors, last was: received RTP packet with unknown payload type: 50
2026/09/29 07:57:40 WAR [path cam_3059f25c] [RTSP source] 5 decode errors, last was: received RTP packet with unknown payload type: 50
2026/09/29 07:57:40 WAR [path cam_5064cd2c] [RTSP source] 5 decode errors, last was: received RTP packet with unknown payload type: 50
2026/09/29 07:57:41 WAR [path cam_5064cd2c] [RTSP source] 5 decode errors, last was: received RTP packet with unknown payload type: 50
2026/09/29 07:57:41 WAR [path cam_3059f25c] [RTSP source] 5 decode errors, last was: received RTP packet with unknown payload type: 50
2026/09/29 07:57:42 WAR [path cam_3059f25c] [RTSP source] 5 decode errors, last was: received RTP packet with unknown payload type: 50
2026/09/29 07:57:42 WAR [path cam_5064cd2c] [RTSP source] 5 decode errors, last was: received RTP packet with unknown payload type: 50
2026/09/29 07:57:43 WAR [path cam_5064cd2c] [RTSP source] 5 decode errors, last was: received RTP packet with unknown payload type: 50
2026/09/29 07:57:43 WAR [path cam_3059f25c] [RTSP source] 5 decode errors, last was: received RTP packet with unknown payload type: 50
2026/09/29 07:57:44 WAR [path cam_5064cd2c] [RTSP source] 5 decode errors, last was: received RTP packet with unknown payload type: 50
2026/09/29 07:57:44 WAR [path cam_3059f25c] [RTSP source] 5 decode errors, last was: received RTP packet with unknown payload type: 50
2026/09/29 07:57:45 WAR [path cam_5064cd2c] [RTSP source] 5 decode errors, last was: received RTP packet with unknown payload type: 50
2026/09/29 07:57:45 WAR [path cam_3059f25c] [RTSP source] 5 decode errors, last was: received RTP packet with unknown payload type: 50
2026/09/29 07:57:46 WAR [path cam_5064cd2c] [RTSP source] 5 decode errors, last was: received RTP packet with unknown payload type: 50
2026/09/29 07:57:46 WAR [path cam_3059f25c] [RTSP source] 5 decode errors, last was: received RTP packet with unknown payload type: 50
2026/09/29 07:57:47 WAR [path cam_3059f25c] [RTSP source] 5 decode errors, last was: received RTP packet with unknown payload type: 50
2026/09/29 07:57:47 WAR [path cam_5064cd2c] [RTSP source] 5 decode errors, last was: received RTP packet with unknown payload type: 50
2026/09/29 07:57:48 WAR [path cam_5064cd2c] [RTSP source] 5 decode errors, last was: received RTP packet with unknown payload type: 50
2026/09/29 07:57:48 WAR [path cam_3059f25c] [RTSP source] 5 decode errors, last was: received RTP packet with unknown payload type: 50
2026/09/29 07:57:49 WAR [path cam_5064cd2c] [RTSP source] 5 decode errors, last was: received RTP packet with unknown payload type: 50
2026/09/29 07:57:49 WAR [path cam_3059f25c] [RTSP source] 5 decode errors, last was: received RTP packet with unknown payload type: 50
2026/09/29 07:57:50 WAR [path cam_3059f25c] [RTSP source] 5 decode errors, last was: received RTP packet with unknown payload type: 50
2026/09/29 07:57:50 WAR [path cam_5064cd2c] [RTSP source] 5 decode errors, last was: received RTP packet with unknown payload type: 50
2026/09/29 07:57:51 WAR [path cam_5064cd2c] [RTSP source] 5 decode errors, last was: received RTP packet with unknown payload type: 50
2026/09/29 07:57:51 WAR [path cam_3059f25c] [RTSP source] 5 decode errors, last was: received RTP packet with unknown payload type: 50
2026/09/29 07:57:52 WAR [path cam_3059f25c] [RTSP source] 5 decode errors, last was: received RTP packet with unknown payload type: 50
2026/09/29 07:57:52 WAR [path cam_5064cd2c] [RTSP source] 5 decode errors, last was: received RTP packet with unknown payload type: 50
2026/09/29 07:57:53 WAR [path cam_3059f25c] [RTSP source] 5 decode errors, last was: received RTP packet with unknown payload type: 50
2026/09/29 07:57:53 WAR [path cam_5064cd2c] [RTSP source] 5 decode errors, last was: received RTP packet with unknown payload type: 50
2026/09/29 07:57:54 WAR [path cam_3059f25c] [RTSP source] 5 decode errors, last was: received RTP packet with unknown payload type: 50
2026/09/29 07:57:54 WAR [path cam_5064cd2c] [RTSP source] 5 decode errors, last was: received RTP packet with unknown payload type: 50
2026/09/29 07:57:55 WAR [path cam_5064cd2c] [RTSP source] 5 decode errors, last was: received RTP packet with unknown payload type: 50
2026/09/29 07:57:55 WAR [path cam_3059f25c] [RTSP source] 5 decode errors, last was: received RTP packet with unknown payload type: 50
2026/09/29 07:57:56 WAR [path cam_5064cd2c] [RTSP source] 5 decode errors, last was: received RTP packet with unknown payload type: 50
2026/09/29 07:57:56 WAR [path cam_3059f25c] [RTSP source] 5 decode errors, last was: received RTP packet with unknown payload type: 50
2026/09/29 07:57:57 WAR [path cam_5064cd2c] [RTSP source] 5 decode errors, last was: received RTP packet with unknown payload type: 50
2026/09/29 07:57:57 WAR [path cam_3059f25c] [RTSP source] 5 decode errors, last was: received RTP packet with unknown payload type: 50
2026/09/29 07:57:58 WAR [path cam_5064cd2c] [RTSP source] 5 decode errors, last was: received RTP packet with unknown payload type: 50
2026/09/29 07:57:58 WAR [path cam_3059f25c] [RTSP source] 5 decode errors, last was: received RTP packet with unknown payload type: 50
2026/09/29 07:57:59 WAR [path cam_5064cd2c] [RTSP source] 5 decode errors, last was: received RTP packet with unknown payload type: 50
2026/09/29 07:57:59 WAR [path cam_3059f25c] [RTSP source] 5 decode errors, last was: received RTP packet with unknown payload type: 50
2026/09/29 07:58:00 WAR [path cam_3059f25c] [RTSP source] 5 decode errors, last was: received RTP packet with unknown payload type: 50
2026/09/29 07:58:00 WAR [path cam_5064cd2c] [RTSP source] 5 decode errors, last was: received RTP packet with unknown payload type: 50
2026/09/29 07:58:01 WAR [path cam_5064cd2c] [RTSP source] 5 decode errors, last was: received RTP packet with unknown payload type: 50
2026/09/29 07:58:01 WAR [path cam_3059f25c] [RTSP source] 5 decode errors, last was: received RTP packet with unknown payload type: 50
2026/09/29 07:58:02 WAR [path cam_3059f25c] [RTSP source] 5 decode errors, last was: received RTP packet with unknown payload type: 50
2026/09/29 07:58:02 WAR [path cam_5064cd2c] [RTSP source] 5 decode errors, last was: received RTP packet with unknown payload type: 50
2026/09/29 07:58:03 WAR [path cam_5064cd2c] [RTSP source] 5 decode errors, last was: received RTP packet with unknown payload type: 50
2026/09/29 07:58:03 WAR [path cam_3059f25c] [RTSP source] 5 decode errors, last was: received RTP packet with unknown payload type: 50
2026/09/29 07:58:04 WAR [path cam_3059f25c] [RTSP source] 5 decode errors, last was: received RTP packet with unknown payload type: 50
2026/09/29 07:58:04 WAR [path cam_5064cd2c] [RTSP source] 5 decode errors, last was: received RTP packet with unknown payload type: 50
2026/09/29 07:58:05 WAR [path cam_5064cd2c] [RTSP source] 5 decode errors, last was: received RTP packet with unknown payload type: 50
2026/09/29 07:58:05 WAR [path cam_3059f25c] [RTSP source] 5 decode errors, last was: received RTP packet with unknown payload type: 50
2026/09/29 07:58:06 WAR [path cam_3059f25c] [RTSP source] 5 decode errors, last was: received RTP packet with unknown payload type: 50
2026/09/29 07:58:06 WAR [path cam_5064cd2c] [RTSP source] 5 decode errors, last was: received RTP packet with unknown payload type: 50
2026/09/29 07:58:07 WAR [path cam_5064cd2c] [RTSP source] 5 decode errors, last was: received RTP packet with unknown payload type: 50
2026/09/29 07:58:07 WAR [path cam_3059f25c] [RTSP source] 5 decode errors, last was: received RTP packet with unknown payload type: 50
2026/09/29 07:58:08 WAR [path cam_5064cd2c] [RTSP source] 5 decode errors, last was: received RTP packet with unknown payload type: 50
2026/09/29 07:58:08 WAR [path cam_3059f25c] [RTSP source] 6 decode errors, last was: received RTP packet with unknown payload type: 50
2026/09/29 07:58:09 WAR [path cam_5064cd2c] [RTSP source] 5 decode errors, last was: received RTP packet with unknown payload type: 50
2026/09/29 07:58:09 WAR [path cam_3059f25c] [RTSP source] 4 decode errors, last was: received RTP packet with unknown payload type: 50
2026/09/29 07:58:10 WAR [path cam_3059f25c] [RTSP source] 5 decode errors, last was: received RTP packet with unknown payload type: 50
2026/09/29 07:58:10 WAR [path cam_5064cd2c] [RTSP source] 5 decode errors, last was: received RTP packet with unknown payload type: 50
2026/09/29 07:58:11 WAR [path cam_5064cd2c] [RTSP source] 5 decode errors, last was: received RTP packet with unknown payload type: 50
2026/09/29 07:58:11 WAR [path cam_3059f25c] [RTSP source] 5 decode errors, last was: received RTP packet with unknown payload type: 50
2026/09/29 07:58:12 WAR [path cam_3059f25c] [RTSP source] 5 decode errors, last was: received RTP packet with unknown payload type: 50
2026/09/29 07:58:12 WAR [path cam_5064cd2c] [RTSP source] 5 decode errors, last was: received RTP packet with unknown payload type: 50
2026/09/29 07:58:13 WAR [path cam_5064cd2c] [RTSP source] 5 decode errors, last was: received RTP packet with unknown payload type: 50
2026/09/29 07:58:13 WAR [path cam_3059f25c] [RTSP source] 5 decode errors, last was: received RTP packet with unknown payload type: 50
2026/09/29 07:58:14 WAR [path cam_3059f25c] [RTSP source] 5 decode errors, last was: received RTP packet with unknown payload type: 50
2026/09/29 07:58:14 WAR [path cam_5064cd2c] [RTSP source] 5 decode errors, last was: received RTP packet with unknown payload type: 50
2026/09/29 07:58:15 WAR [path cam_5064cd2c] [RTSP source] 5 decode errors, last was: received RTP packet with unknown payload type: 50
2026/09/29 07:58:15 WAR [path cam_3059f25c] [RTSP source] 5 decode errors, last was: received RTP packet with unknown payload type: 50
2026/09/29 07:58:16 WAR [path cam_5064cd2c] [RTSP source] 5 decode errors, last was: received RTP packet with unknown payload type: 50
2026/09/29 07:58:16 WAR [path cam_3059f25c] [RTSP source] 5 decode errors, last was: received RTP packet with unknown payload type: 50
2026/09/29 07:58:17 WAR [path cam_3059f25c] [RTSP source] 5 decode errors, last was: received RTP packet with unknown payload type: 50
2026/09/29 07:58:17 WAR [path cam_5064cd2c] [RTSP source] 5 decode errors, last was: received RTP packet with unknown payload type: 50
2026/09/29 07:58:18 WAR [path cam_5064cd2c] [RTSP source] 5 decode errors, last was: received RTP packet with unknown payload type: 50
2026/09/29 07:58:18 WAR [path cam_3059f25c] [RTSP source] 5 decode errors, last was: received RTP packet with unknown payload type: 50
2026/09/29 07:58:19 WAR [path cam_5064cd2c] [RTSP source] 5 decode errors, last was: received RTP packet with unknown payload type: 50
2026/09/29 07:58:19 WAR [path cam_3059f25c] [RTSP source] 5 decode errors, last was: received RTP packet with unknown payload type: 50
2026/09/29 07:58:20 WAR [path cam_5064cd2c] [RTSP source] 5 decode errors, last was: received RTP packet with unknown payload type: 50
2026/09/29 07:58:20 WAR [path cam_3059f25c] [RTSP source] 5 decode errors, last was: received RTP packet with unknown payload type: 50
2026/09/29 07:58:21 WAR [path cam_5064cd2c] [RTSP source] 5 decode errors, last was: received RTP packet with unknown payload type: 50
2026/09/29 07:58:21 WAR [path cam_3059f25c] [RTSP source] 6 decode errors, last was: received RTP packet with unknown payload type: 50
2026/09/29 07:58:22 WAR [path cam_5064cd2c] [RTSP source] 5 decode errors, last was: received RTP packet with unknown payload type: 50
2026/09/29 07:58:22 WAR [path cam_3059f25c] [RTSP source] 4 decode errors, last was: received RTP packet with unknown payload type: 50
2026/09/29 07:58:23 WAR [path cam_3059f25c] [RTSP source] 5 decode errors, last was: received RTP packet with unknown payload type: 50
2026/09/29 07:58:23 WAR [path cam_5064cd2c] [RTSP source] 5 decode errors, last was: received RTP packet with unknown payload type: 50
2026/09/29 07:58:24 WAR [path cam_5064cd2c] [RTSP source] 5 decode errors, last was: received RTP packet with unknown payload type: 50
2026/09/29 07:58:24 WAR [path cam_3059f25c] [RTSP source] 5 decode errors, last was: received RTP packet with unknown payload type: 50
2026/09/29 07:58:25 WAR [path cam_5064cd2c] [RTSP source] 5 decode errors, last was: received RTP packet with unknown payload type: 50
2026/09/29 07:58:25 WAR [path cam_3059f25c] [RTSP source] 5 decode errors, last was: received RTP packet with unknown payload type: 50
2026/09/29 07:58:26 WAR [path cam_5064cd2c] [RTSP source] 5 decode errors, last was: received RTP packet with unknown payload type: 50
2026/09/29 07:58:26 WAR [path cam_3059f25c] [RTSP source] 5 decode errors, last was: received RTP packet with unknown payload type: 50
2026/09/29 07:58:27 WAR [path cam_5064cd2c] [RTSP source] 5 decode errors, last was: received RTP packet with unknown payload type: 50
2026/09/29 07:58:27 WAR [path cam_3059f25c] [RTSP source] 5 decode errors, last was: received RTP packet with unknown payload type: 50
2026/09/29 07:58:28 WAR [path cam_5064cd2c] [RTSP source] 5 decode errors, last was: received RTP packet with unknown payload type: 50
2026/09/29 07:58:28 WAR [path cam_3059f25c] [RTSP source] 5 decode errors, last was: received RTP packet with unknown payload type: 50
2026/09/29 07:58:29 WAR [path cam_5064cd2c] [RTSP source] 5 decode errors, last was: received RTP packet with unknown payload type: 50
2026/09/29 07:58:29 WAR [path cam_3059f25c] [RTSP source] 5 decode errors, last was: received RTP packet with unknown payload type: 50
2026/09/29 07:58:30 WAR [path cam_5064cd2c] [RTSP source] 5 decode errors, last was: received RTP packet with unknown payload type: 50
2026/09/29 07:58:30 WAR [path cam_3059f25c] [RTSP source] 5 decode errors, last was: received RTP packet with unknown payload type: 50
2026/09/29 07:58:31 WAR [path cam_5064cd2c] [RTSP source] 5 decode errors, last was: received RTP packet with unknown payload type: 50
2026/09/29 07:58:31 WAR [path cam_3059f25c] [RTSP source] 5 decode errors, last was: received RTP packet with unknown payload type: 50
2026/09/29 07:58:32 WAR [path cam_5064cd2c] [RTSP source] 5 decode errors, last was: received RTP packet with unknown payload type: 50
2026/09/29 07:58:32 WAR [path cam_3059f25c] [RTSP source] 5 decode errors, last was: received RTP packet with unknown payload type: 50
2026/09/29 07:58:33 WAR [path cam_5064cd2c] [RTSP source] 5 decode errors, last was: received RTP packet with unknown payload type: 50
2026/09/29 07:58:33 WAR [path cam_3059f25c] [RTSP source] 5 decode errors, last was: received RTP packet with unknown payload type: 50
2026/09/29 07:58:34 WAR [path cam_5064cd2c] [RTSP source] 5 decode errors, last was: received RTP packet with unknown payload type: 50
2026/09/29 07:58:34 WAR [path cam_3059f25c] [RTSP source] 5 decode errors, last was: received RTP packet with unknown payload type: 50
2026/09/29 07:58:35 WAR [path cam_5064cd2c] [RTSP source] 5 decode errors, last was: received RTP packet with unknown payload type: 50
2026/09/29 07:58:35 WAR [path cam_3059f25c] [RTSP source] 5 decode errors, last was: received RTP packet with unknown payload type: 50
2026/09/29 07:58:36 WAR [path cam_5064cd2c] [RTSP source] 5 decode errors, last was: received RTP packet with unknown payload type: 50
2026/09/29 07:58:36 WAR [path cam_3059f25c] [RTSP source] 5 decode errors, last was: received RTP packet with unknown payload type: 50
2026/09/29 07:58:37 WAR [path cam_5064cd2c] [RTSP source] 5 decode errors, last was: received RTP packet with unknown payload type: 50
2026/09/29 07:58:37 WAR [path cam_3059f25c] [RTSP source] 5 decode errors, last was: received RTP packet with unknown payload type: 50
2026/09/29 07:58:38 WAR [path cam_5064cd2c] [RTSP source] 5 decode errors, last was: received RTP packet with unknown payload type: 50
2026/09/29 07:58:38 WAR [path cam_3059f25c] [RTSP source] 5 decode errors, last was: received RTP packet with unknown payload type: 50
2026/09/29 07:58:39 WAR [path cam_3059f25c] [RTSP source] 5 decode errors, last was: received RTP packet with unknown payload type: 50
2026/09/29 07:58:39 WAR [path cam_5064cd2c] [RTSP source] 5 decode errors, last was: received RTP packet with unknown payload type: 50
2026/09/29 07:58:40 WAR [path cam_3059f25c] [RTSP source] 5 decode errors, last was: received RTP packet with unknown payload type: 50
2026/09/29 07:58:40 WAR [path cam_5064cd2c] [RTSP source] 5 decode errors, last was: received RTP packet with unknown payload type: 50
2026/09/29 07:58:41 WAR [path cam_3059f25c] [RTSP source] 5 decode errors, last was: received RTP packet with unknown payload type: 50
2026/09/29 07:58:41 WAR [path cam_5064cd2c] [RTSP source] 5 decode errors, last was: received RTP packet with unknown payload type: 50
2026/09/29 07:58:42 WAR [path cam_5064cd2c] [RTSP source] 5 decode errors, last was: received RTP packet with unknown payload type: 50
2026/09/29 07:58:42 WAR [path cam_3059f25c] [RTSP source] 5 decode errors, last was: received RTP packet with unknown payload type: 50
2026/09/29 07:58:43 WAR [path cam_3059f25c] [RTSP source] 5 decode errors, last was: received RTP packet with unknown payload type: 50
2026/09/29 07:58:43 WAR [path cam_5064cd2c] [RTSP source] 5 decode errors, last was: received RTP packet with unknown payload type: 50
2026/09/29 07:58:44 WAR [path cam_3059f25c] [RTSP source] 5 decode errors, last was: received RTP packet with unknown payload type: 50
2026/09/29 07:58:44 WAR [path cam_5064cd2c] [RTSP source] 5 decode errors, last was: received RTP packet with unknown payload type: 50
2026/09/29 07:58:45 WAR [path cam_3059f25c] [RTSP source] 5 decode errors, last was: received RTP packet with unknown payload type: 50
2026/09/29 07:58:45 WAR [path cam_5064cd2c] [RTSP source] 5 decode errors, last was: received RTP packet with unknown payload type: 50
2026/09/29 07:58:46 WAR [path cam_3059f25c] [RTSP source] 5 decode errors, last was: received RTP packet with unknown payload type: 50
2026/09/29 07:58:46 WAR [path cam_5064cd2c] [RTSP source] 5 decode errors, last was: received RTP packet with unknown payload type: 50
2026/09/29 07:58:47 WAR [path cam_3059f25c] [RTSP source] 5 decode errors, last was: received RTP packet with unknown payload type: 50
2026/09/29 07:58:47 WAR [path cam_5064cd2c] [RTSP source] 5 decode errors, last was: received RTP packet with unknown payload type: 50
2026/09/29 07:58:48 WAR [path cam_5064cd2c] [RTSP source] 5 decode errors, last was: received RTP packet with unknown payload type: 50
2026/09/29 07:58:48 WAR [path cam_3059f25c] [RTSP source] 5 decode errors, last was: received RTP packet with unknown payload type: 50
2026/09/29 07:58:49 WAR [path cam_3059f25c] [RTSP source] 5 decode errors, last was: received RTP packet with unknown payload type: 50
2026/09/29 07:58:49 WAR [path cam_5064cd2c] [RTSP source] 5 decode errors, last was: received RTP packet with unknown payload type: 50
2026/09/29 07:58:50 WAR [path cam_5064cd2c] [RTSP source] 5 decode errors, last was: received RTP packet with unknown payload type: 50
2026/09/29 07:58:50 WAR [path cam_3059f25c] [RTSP source] 5 decode errors, last was: received RTP packet with unknown payload type: 50
2026/09/29 07:58:51 WAR [path cam_3059f25c] [RTSP source] 5 decode errors, last was: received RTP packet with unknown payload type: 50
2026/09/29 07:58:51 WAR [path cam_5064cd2c] [RTSP source] 5 decode errors, last was: received RTP packet with unknown payload type: 50
2026/09/29 07:58:52 WAR [path cam_5064cd2c] [RTSP source] 5 decode errors, last was: received RTP packet with unknown payload type: 50
2026/09/29 07:58:52 WAR [path cam_3059f25c] [RTSP source] 5 decode errors, last was: received RTP packet with unknown payload type: 50
2026/09/29 07:58:53 WAR [path cam_5064cd2c] [RTSP source] 5 decode errors, last was: received RTP packet with unknown payload type: 50
2026/09/29 07:58:53 WAR [path cam_3059f25c] [RTSP source] 5 decode errors, last was: received RTP packet with unknown payload type: 50
2026/09/29 07:58:54 WAR [path cam_5064cd2c] [RTSP source] 5 decode errors, last was: received RTP packet with unknown payload type: 50
2026/09/29 07:58:54 WAR [path cam_3059f25c] [RTSP source] 5 decode errors, last was: received RTP packet with unknown payload type: 50
2026/09/29 07:58:55 WAR [path cam_3059f25c] [RTSP source] 5 decode errors, last was: received RTP packet with unknown payload type: 50
2026/09/29 07:58:55 WAR [path cam_5064cd2c] [RTSP source] 5 decode errors, last was: received RTP packet with unknown payload type: 50
2026/09/29 07:58:56 WAR [path cam_5064cd2c] [RTSP source] 5 decode errors, last was: received RTP packet with unknown payload type: 50
2026/09/29 07:58:56 WAR [path cam_3059f25c] [RTSP source] 5 decode errors, last was: received RTP packet with unknown payload type: 50
2026/09/29 07:58:57 WAR [path cam_5064cd2c] [RTSP source] 5 decode errors, last was: received RTP packet with unknown payload type: 50
2026/09/29 07:58:57 WAR [path cam_3059f25c] [RTSP source] 5 decode errors, last was: received RTP packet with unknown payload type: 50
2026/09/29 07:58:58 WAR [path cam_5064cd2c] [RTSP source] 5 decode errors, last was: received RTP packet with unknown payload type: 50
2026/09/29 07:58:58 WAR [path cam_3059f25c] [RTSP source] 5 decode errors, last was: received RTP packet with unknown payload type: 50
2026/09/29 07:58:59 WAR [path cam_3059f25c] [RTSP source] 5 decode errors, last was: received RTP packet with unknown payload type: 50
2026/09/29 07:58:59 WAR [path cam_5064cd2c] [RTSP source] 5 decode errors, last was: received RTP packet with unknown payload type: 50
2026/09/29 07:59:00 WAR [path cam_3059f25c] [RTSP source] 5 decode errors, last was: received RTP packet with unknown payload type: 50
2026/09/29 07:59:00 WAR [path cam_5064cd2c] [RTSP source] 5 decode errors, last was: received RTP packet with unknown payload type: 50
2026/09/29 07:59:01 WAR [path cam_5064cd2c] [RTSP source] 5 decode errors, last was: received RTP packet with unknown payload type: 50
2026/09/29 07:59:01 WAR [path cam_3059f25c] [RTSP source] 5 decode errors, last was: received RTP packet with unknown payload type: 50
2026/09/29 07:59:02 WAR [path cam_3059f25c] [RTSP source] 5 decode errors, last was: received RTP packet with unknown payload type: 50
2026/09/29 07:59:02 WAR [path cam_5064cd2c] [RTSP source] 5 decode errors, last was: received RTP packet with unknown payload type: 50
2026/09/29 07:59:03 WAR [path cam_3059f25c] [RTSP source] 5 decode errors, last was: received RTP packet with unknown payload type: 50
2026/09/29 07:59:03 WAR [path cam_5064cd2c] [RTSP source] 5 decode errors, last was: received RTP packet with unknown payload type: 50
2026/09/29 07:59:04 WAR [path cam_5064cd2c] [RTSP source] 5 decode errors, last was: received RTP packet with unknown payload type: 50
2026/09/29 07:59:04 WAR [path cam_3059f25c] [RTSP source] 5 decode errors, last was: received RTP packet with unknown payload type: 50
2026/09/29 07:59:05 WAR [path cam_3059f25c] [RTSP source] 5 decode errors, last was: received RTP packet with unknown payload type: 50
2026/09/29 07:59:05 WAR [path cam_5064cd2c] [RTSP source] 5 decode errors, last was: received RTP packet with unknown payload type: 50
2026/09/29 07:59:06 WAR [path cam_3059f25c] [RTSP source] 5 decode errors, last was: received RTP packet with unknown payload type: 50
2026/09/29 07:59:06 WAR [path cam_5064cd2c] [RTSP source] 5 decode errors, last was: received RTP packet with unknown payload type: 50
2026/09/29 07:59:07 WAR [path cam_5064cd2c] [RTSP source] 5 decode errors, last was: received RTP packet with unknown payload type: 50
2026/09/29 07:59:07 WAR [path cam_3059f25c] [RTSP source] 5 decode errors, last was: received RTP packet with unknown payload type: 50
2026/09/29 07:59:08 WAR [path cam_5064cd2c] [RTSP source] 5 decode errors, last was: received RTP packet with unknown payload type: 50
2026/09/29 07:59:08 WAR [path cam_3059f25c] [RTSP source] 5 decode errors, last was: received RTP packet with unknown payload type: 50
2026/09/29 07:59:09 WAR [path cam_5064cd2c] [RTSP source] 5 decode errors, last was: received RTP packet with unknown payload type: 50
2026/09/29 07:59:09 WAR [path cam_3059f25c] [RTSP source] 5 decode errors, last was: received RTP packet with unknown payload type: 50
2026/09/29 07:59:10 WAR [path cam_5064cd2c] [RTSP source] 5 decode errors, last was: received RTP packet with unknown payload type: 50
2026/09/29 07:59:10 WAR [path cam_3059f25c] [RTSP source] 5 decode errors, last was: received RTP packet with unknown payload type: 50
2026/09/29 07:59:11 WAR [path cam_3059f25c] [RTSP source] 5 decode errors, last was: received RTP packet with unknown payload type: 50
2026/09/29 07:59:11 WAR [path cam_5064cd2c] [RTSP source] 5 decode errors, last was: received RTP packet with unknown payload type: 50
2026/09/29 07:59:12 WAR [path cam_5064cd2c] [RTSP source] 5 decode errors, last was: received RTP packet with unknown payload type: 50
2026/09/29 07:59:12 WAR [path cam_3059f25c] [RTSP source] 5 decode errors, last was: received RTP packet with unknown payload type: 50
2026/09/29 07:59:13 WAR [path cam_5064cd2c] [RTSP source] 5 decode errors, last was: received RTP packet with unknown payload type: 50
2026/09/29 07:59:13 WAR [path cam_3059f25c] [RTSP source] 5 decode errors, last was: received RTP packet with unknown payload type: 50
2026/09/29 07:59:14 WAR [path cam_5064cd2c] [RTSP source] 5 decode errors, last was: received RTP packet with unknown payload type: 50
2026/09/29 07:59:14 WAR [path cam_3059f25c] [RTSP source] 5 decode errors, last was: received RTP packet with unknown payload type: 50
2026/09/29 07:59:15 WAR [path cam_5064cd2c] [RTSP source] 5 decode errors, last was: received RTP packet with unknown payload type: 50
2026/09/29 07:59:15 WAR [path cam_3059f25c] [RTSP source] 5 decode errors, last was: received RTP packet with unknown payload type: 50
2026/09/29 07:59:16 WAR [path cam_5064cd2c] [RTSP source] 5 decode errors, last was: received RTP packet with unknown payload type: 50
2026/09/29 07:59:16 WAR [path cam_3059f25c] [RTSP source] 5 decode errors, last was: received RTP packet with unknown payload type: 50
2026/09/29 07:59:17 WAR [path cam_5064cd2c] [RTSP source] 5 decode errors, last was: received RTP packet with unknown payload type: 50
2026/09/29 07:59:17 WAR [path cam_3059f25c] [RTSP source] 5 decode errors, last was: received RTP packet with unknown payload type: 50
2026/09/29 07:59:18 WAR [path cam_5064cd2c] [RTSP source] 5 decode errors, last was: received RTP packet with unknown payload type: 50
2026/09/29 07:59:18 WAR [path cam_3059f25c] [RTSP source] 5 decode errors, last was: received RTP packet with unknown payload type: 50
2026/09/29 07:59:19 WAR [path cam_5064cd2c] [RTSP source] 5 decode errors, last was: received RTP packet with unknown payload type: 50
2026/09/29 07:59:19 WAR [path cam_3059f25c] [RTSP source] 5 decode errors, last was: received RTP packet with unknown payload type: 50
2026/09/29 07:59:20 WAR [path cam_5064cd2c] [RTSP source] 5 decode errors, last was: received RTP packet with unknown payload type: 50
2026/09/29 07:59:20 WAR [path cam_3059f25c] [RTSP source] 5 decode errors, last was: received RTP packet with unknown payload type: 50
2026/09/29 07:59:21 WAR [path cam_5064cd2c] [RTSP source] 5 decode errors, last was: received RTP packet with unknown payload type: 50
2026/09/29 07:59:21 WAR [path cam_3059f25c] [RTSP source] 5 decode errors, last was: received RTP packet with unknown payload type: 50
2026/09/29 07:59:22 WAR [path cam_5064cd2c] [RTSP source] 5 decode errors, last was: received RTP packet with unknown payload type: 50
2026/09/29 07:59:22 WAR [path cam_3059f25c] [RTSP source] 5 decode errors, last was: received RTP packet with unknown payload type: 50
2026/09/29 07:59:23 WAR [path cam_5064cd2c] [RTSP source] 5 decode errors, last was: received RTP packet with unknown payload type: 50
2026/09/29 07:59:23 WAR [path cam_3059f25c] [RTSP source] 5 decode errors, last was: received RTP packet with unknown payload type: 50
2026/09/29 07:59:24 WAR [path cam_5064cd2c] [RTSP source] 5 decode errors, last was: received RTP packet with unknown payload type: 50
2026/09/29 07:59:24 WAR [path cam_3059f25c] [RTSP source] 5 decode errors, last was: received RTP packet with unknown payload type: 50
2026/09/29 07:59:25 WAR [path cam_3059f25c] [RTSP source] 5 decode errors, last was: received RTP packet with unknown payload type: 50
2026/09/29 07:59:25 WAR [path cam_5064cd2c] [RTSP source] 5 decode errors, last was: received RTP packet with unknown payload type: 50
2026/09/29 07:59:26 WAR [path cam_5064cd2c] [RTSP source] 5 decode errors, last was: received RTP packet with unknown payload type: 50
2026/09/29 07:59:26 WAR [path cam_3059f25c] [RTSP source] 5 decode errors, last was: received RTP packet with unknown payload type: 50
2026/09/29 07:59:27 WAR [path cam_5064cd2c] [RTSP source] 5 decode errors, last was: received RTP packet with unknown payload type: 50
2026/09/29 07:59:27 WAR [path cam_3059f25c] [RTSP source] 5 decode errors, last was: received RTP packet with unknown payload type: 50
2026/09/29 07:59:28 WAR [path cam_5064cd2c] [RTSP source] 5 decode errors, last was: received RTP packet with unknown payload type: 50
2026/09/29 07:59:28 WAR [path cam_3059f25c] [RTSP source] 5 decode errors, last was: received RTP packet with unknown payload type: 50
2026/09/29 07:59:29 WAR [path cam_5064cd2c] [RTSP source] 5 decode errors, last was: received RTP packet with unknown payload type: 50
2026/09/29 07:59:29 WAR [path cam_3059f25c] [RTSP source] 5 decode errors, last was: received RTP packet with unknown payload type: 50
2026/09/29 07:59:30 WAR [path cam_5064cd2c] [RTSP source] 5 decode errors, last was: received RTP packet with unknown payload type: 50
2026/09/29 07:59:30 WAR [path cam_3059f25c] [RTSP source] 5 decode errors, last was: received RTP packet with unknown payload type: 50
2026/09/29 07:59:31 WAR [path cam_5064cd2c] [RTSP source] 5 decode errors, last was: received RTP packet with unknown payload type: 50
2026/09/29 07:59:31 WAR [path cam_3059f25c] [RTSP source] 5 decode errors, last was: received RTP packet with unknown payload type: 50
2026/09/29 07:59:32 WAR [path cam_3059f25c] [RTSP source] 5 decode errors, last was: received RTP packet with unknown payload type: 50
2026/09/29 07:59:32 WAR [path cam_5064cd2c] [RTSP source] 5 decode errors, last was: received RTP packet with unknown payload type: 50
2026/09/29 07:59:33 WAR [path cam_3059f25c] [RTSP source] 5 decode errors, last was: received RTP packet with unknown payload type: 50
2026/09/29 07:59:33 WAR [path cam_5064cd2c] [RTSP source] 5 decode errors, last was: received RTP packet with unknown payload type: 50
2026/09/29 07:59:34 WAR [path cam_5064cd2c] [RTSP source] 5 decode errors, last was: received RTP packet with unknown payload type: 50
2026/09/29 07:59:34 WAR [path cam_3059f25c] [RTSP source] 5 decode errors, last was: received RTP packet with unknown payload type: 50
2026/09/29 07:59:35 WAR [path cam_3059f25c] [RTSP source] 5 decode errors, last was: received RTP packet with unknown payload type: 50
2026/09/29 07:59:35 WAR [path cam_5064cd2c] [RTSP source] 5 decode errors, last was: received RTP packet with unknown payload type: 50
2026/09/29 07:59:36 WAR [path cam_5064cd2c] [RTSP source] 5 decode errors, last was: received RTP packet with unknown payload type: 50
2026/09/29 07:59:36 WAR [path cam_3059f25c] [RTSP source] 5 decode errors, last was: received RTP packet with unknown payload type: 50
2026/09/29 07:59:37 WAR [path cam_3059f25c] [RTSP source] 5 decode errors, last was: received RTP packet with unknown payload type: 50
2026/09/29 07:59:37 WAR [path cam_5064cd2c] [RTSP source] 5 decode errors, last was: received RTP packet with unknown payload type: 50
2026/09/29 07:59:38 WAR [path cam_3059f25c] [RTSP source] 5 decode errors, last was: received RTP packet with unknown payload type: 50
2026/09/29 07:59:38 WAR [path cam_5064cd2c] [RTSP source] 5 decode errors, last was: received RTP packet with unknown payload type: 50
2026/09/29 07:59:39 WAR [path cam_5064cd2c] [RTSP source] 5 decode errors, last was: received RTP packet with unknown payload type: 50
2026/09/29 07:59:39 WAR [path cam_3059f25c] [RTSP source] 5 decode errors, last was: received RTP packet with unknown payload type: 50
2026/09/29 07:59:40 WAR [path cam_5064cd2c] [RTSP source] 5 decode errors, last was: received RTP packet with unknown payload type: 50
2026/09/29 07:59:40 WAR [path cam_3059f25c] [RTSP source] 5 decode errors, last was: received RTP packet with unknown payload type: 50
2026/09/29 07:59:41 WAR [path cam_5064cd2c] [RTSP source] 5 decode errors, last was: received RTP packet with unknown payload type: 50
2026/09/29 07:59:41 WAR [path cam_3059f25c] [RTSP source] 5 decode errors, last was: received RTP packet with unknown payload type: 50
2026/09/29 07:59:42 WAR [path cam_5064cd2c] [RTSP source] 5 decode errors, last was: received RTP packet with unknown payload type: 50
2026/09/29 07:59:42 WAR [path cam_3059f25c] [RTSP source] 5 decode errors, last was: received RTP packet with unknown payload type: 50
2026/09/29 07:59:43 WAR [path cam_3059f25c] [RTSP source] 5 decode errors, last was: received RTP packet with unknown payload type: 50
2026/09/29 07:59:43 WAR [path cam_5064cd2c] [RTSP source] 5 decode errors, last was: received RTP packet with unknown payload type: 50
2026/09/29 07:59:44 WAR [path cam_3059f25c] [RTSP source] 5 decode errors, last was: received RTP packet with unknown payload type: 50
2026/09/29 07:59:44 WAR [path cam_5064cd2c] [RTSP source] 5 decode errors, last was: received RTP packet with unknown payload type: 50
2026/09/29 07:59:45 WAR [path cam_5064cd2c] [RTSP source] 5 decode errors, last was: received RTP packet with unknown payload type: 50
2026/09/29 07:59:45 WAR [path cam_3059f25c] [RTSP source] 5 decode errors, last was: received RTP packet with unknown payload type: 50
2026/09/29 07:59:46 WAR [path cam_5064cd2c] [RTSP source] 5 decode errors, last was: received RTP packet with unknown payload type: 50
2026/09/29 07:59:46 WAR [path cam_3059f25c] [RTSP source] 5 decode errors, last was: received RTP packet with unknown payload type: 50
2026/09/29 07:59:47 WAR [path cam_5064cd2c] [RTSP source] 5 decode errors, last was: received RTP packet with unknown payload type: 50
2026/09/29 07:59:47 WAR [path cam_3059f25c] [RTSP source] 5 decode errors, last was: received RTP packet with unknown payload type: 50
2026/09/29 07:59:48 WAR [path cam_3059f25c] [RTSP source] 5 decode errors, last was: received RTP packet with unknown payload type: 50
2026/09/29 07:59:48 WAR [path cam_5064cd2c] [RTSP source] 5 decode errors, last was: received RTP packet with unknown payload type: 50
2026/09/29 07:59:49 WAR [path cam_3059f25c] [RTSP source] 5 decode errors, last was: received RTP packet with unknown payload type: 50
2026/09/29 07:59:49 WAR [path cam_5064cd2c] [RTSP source] 5 decode errors, last was: received RTP packet with unknown payload type: 50
2026/09/29 07:59:50 WAR [path cam_5064cd2c] [RTSP source] 5 decode errors, last was: received RTP packet with unknown payload type: 50
2026/09/29 07:59:50 WAR [path cam_3059f25c] [RTSP source] 5 decode errors, last was: received RTP packet with unknown payload type: 50
2026/09/29 07:59:51 WAR [path cam_3059f25c] [RTSP source] 5 decode errors, last was: received RTP packet with unknown payload type: 50
2026/09/29 07:59:51 WAR [path cam_5064cd2c] [RTSP source] 5 decode errors, last was: received RTP packet with unknown payload type: 50
2026/09/29 07:59:52 WAR [path cam_5064cd2c] [RTSP source] 5 decode errors, last was: received RTP packet with unknown payload type: 50
2026/09/29 07:59:52 WAR [path cam_3059f25c] [RTSP source] 5 decode errors, last was: received RTP packet with unknown payload type: 50
2026/09/29 07:59:53 WAR [path cam_3059f25c] [RTSP source] 5 decode errors, last was: received RTP packet with unknown payload type: 50
2026/09/29 07:59:53 WAR [path cam_5064cd2c] [RTSP source] 5 decode errors, last was: received RTP packet with unknown payload type: 50
2026/09/29 07:59:54 WAR [path cam_3059f25c] [RTSP source] 5 decode errors, last was: received RTP packet with unknown payload type: 50
2026/09/29 07:59:54 WAR [path cam_5064cd2c] [RTSP source] 5 decode errors, last was: received RTP packet with unknown payload type: 50
2026/09/29 07:59:55 WAR [path cam_3059f25c] [RTSP source] 5 decode errors, last was: received RTP packet with unknown payload type: 50
2026/09/29 07:59:55 WAR [path cam_5064cd2c] [RTSP source] 5 decode errors, last was: received RTP packet with unknown payload type: 50
2026/09/29 07:59:56 WAR [path cam_5064cd2c] [RTSP source] 5 decode errors, last was: received RTP packet with unknown payload type: 50
2026/09/29 07:59:56 WAR [path cam_3059f25c] [RTSP source] 5 decode errors, last was: received RTP packet with unknown payload type: 50
2026/09/29 07:59:57 WAR [path cam_3059f25c] [RTSP source] 5 decode errors, last was: received RTP packet with unknown payload type: 50
2026/09/29 07:59:57 WAR [path cam_5064cd2c] [RTSP source] 5 decode errors, last was: received RTP packet with unknown payload type: 50
2026/09/29 07:59:58 WAR [path cam_3059f25c] [RTSP source] 5 decode errors, last was: received RTP packet with unknown payload type: 50
2026/09/29 07:59:58 WAR [path cam_5064cd2c] [RTSP source] 5 decode errors, last was: received RTP packet with unknown payload type: 50
2026/09/29 07:59:59 WAR [path cam_3059f25c] [RTSP source] 5 decode errors, last was: received RTP packet with unknown payload type: 50
2026/09/29 07:59:59 WAR [path cam_5064cd2c] [RTSP source] 5 decode errors, last was: received RTP packet with unknown payload type: 50
2026/09/29 08:00:00 WAR [path cam_5064cd2c] [RTSP source] 5 decode errors, last was: received RTP packet with unknown payload type: 50
2026/09/29 08:00:00 WAR [path cam_3059f25c] [RTSP source] 5 decode errors, last was: received RTP packet with unknown payload type: 50
2026/09/29 08:00:01 WAR [path cam_3059f25c] [RTSP source] 5 decode errors, last was: received RTP packet with unknown payload type: 50
2026/09/29 08:00:01 WAR [path cam_5064cd2c] [RTSP source] 5 decode errors, last was: received RTP packet with unknown payload type: 50
2026/09/29 08:00:02 WAR [path cam_5064cd2c] [RTSP source] 5 decode errors, last was: received RTP packet with unknown payload type: 50
2026/09/29 08:00:02 WAR [path cam_3059f25c] [RTSP source] 5 decode errors, last was: received RTP packet with unknown payload type: 50
2026/09/29 08:00:03 WAR [path cam_5064cd2c] [RTSP source] 5 decode errors, last was: received RTP packet with unknown payload type: 50
2026/09/29 08:00:03 WAR [path cam_3059f25c] [RTSP source] 5 decode errors, last was: received RTP packet with unknown payload type: 50
2026/09/29 08:00:04 WAR [path cam_3059f25c] [RTSP source] 5 decode errors, last was: received RTP packet with unknown payload type: 50
2026/09/29 08:00:04 WAR [path cam_5064cd2c] [RTSP source] 5 decode errors, last was: received RTP packet with unknown payload type: 50
2026/09/29 08:00:05 WAR [path cam_3059f25c] [RTSP source] 5 decode errors, last was: received RTP packet with unknown payload type: 50
2026/09/29 08:00:05 WAR [path cam_5064cd2c] [RTSP source] 5 decode errors, last was: received RTP packet with unknown payload type: 50
2026/09/29 08:00:06 WAR [path cam_5064cd2c] [RTSP source] 5 decode errors, last was: received RTP packet with unknown payload type: 50
2026/09/29 08:00:06 WAR [path cam_3059f25c] [RTSP source] 5 decode errors, last was: received RTP packet with unknown payload type: 50
2026/09/29 08:00:07 WAR [path cam_3059f25c] [RTSP source] 5 decode errors, last was: received RTP packet with unknown payload type: 50
2026/09/29 08:00:07 WAR [path cam_5064cd2c] [RTSP source] 5 decode errors, last was: received RTP packet with unknown payload type: 50
2026/09/29 08:00:08 WAR [path cam_5064cd2c] [RTSP source] 5 decode errors, last was: received RTP packet with unknown payload type: 50
2026/09/29 08:00:08 WAR [path cam_3059f25c] [RTSP source] 5 decode errors, last was: received RTP packet with unknown payload type: 50
2026/09/29 08:00:09 WAR [path cam_5064cd2c] [RTSP source] 5 decode errors, last was: received RTP packet with unknown payload type: 50
2026/09/29 08:00:09 WAR [path cam_3059f25c] [RTSP source] 5 decode errors, last was: received RTP packet with unknown payload type: 50
2026/09/29 08:00:10 WAR [path cam_5064cd2c] [RTSP source] 5 decode errors, last was: received RTP packet with unknown payload type: 50
2026/09/29 08:00:10 WAR [path cam_3059f25c] [RTSP source] 5 decode errors, last was: received RTP packet with unknown payload type: 50
2026/09/29 08:00:11 WAR [path cam_5064cd2c] [RTSP source] 5 decode errors, last was: received RTP packet with unknown payload type: 50
2026/09/29 08:00:11 WAR [path cam_3059f25c] [RTSP source] 5 decode errors, last was: received RTP packet with unknown payload type: 50
2026/09/29 08:00:12 WAR [path cam_5064cd2c] [RTSP source] 5 decode errors, last was: received RTP packet with unknown payload type: 50
2026/09/29 08:00:12 WAR [path cam_3059f25c] [RTSP source] 5 decode errors, last was: received RTP packet with unknown payload type: 50
2026/09/29 08:00:13 WAR [path cam_5064cd2c] [RTSP source] 5 decode errors, last was: received RTP packet with unknown payload type: 50
2026/09/29 08:00:13 WAR [path cam_3059f25c] [RTSP source] 5 decode errors, last was: received RTP packet with unknown payload type: 50
2026/09/29 08:00:14 WAR [path cam_5064cd2c] [RTSP source] 5 decode errors, last was: received RTP packet with unknown payload type: 50
2026/09/29 08:00:14 WAR [path cam_3059f25c] [RTSP source] 5 decode errors, last was: received RTP packet with unknown payload type: 50
2026/09/29 08:00:15 WAR [path cam_5064cd2c] [RTSP source] 5 decode errors, last was: received RTP packet with unknown payload type: 50
2026/09/29 08:00:15 WAR [path cam_3059f25c] [RTSP source] 5 decode errors, last was: received RTP packet with unknown payload type: 50
2026/09/29 08:00:16 WAR [path cam_3059f25c] [RTSP source] 5 decode errors, last was: received RTP packet with unknown payload type: 50
2026/09/29 08:00:16 WAR [path cam_5064cd2c] [RTSP source] 5 decode errors, last was: received RTP packet with unknown payload type: 50
2026/09/29 08:00:17 WAR [path cam_3059f25c] [RTSP source] 5 decode errors, last was: received RTP packet with unknown payload type: 50
2026/09/29 08:00:17 WAR [path cam_5064cd2c] [RTSP source] 5 decode errors, last was: received RTP packet with unknown payload type: 50
2026/09/29 08:00:18 WAR [path cam_5064cd2c] [RTSP source] 5 decode errors, last was: received RTP packet with unknown payload type: 50
2026/09/29 08:00:18 WAR [path cam_3059f25c] [RTSP source] 5 decode errors, last was: received RTP packet with unknown payload type: 50
2026/09/29 08:00:19 WAR [path cam_5064cd2c] [RTSP source] 5 decode errors, last was: received RTP packet with unknown payload type: 50
2026/09/29 08:00:19 WAR [path cam_3059f25c] [RTSP source] 5 decode errors, last was: received RTP packet with unknown payload type: 50
2026/09/29 08:00:20 WAR [path cam_3059f25c] [RTSP source] 5 decode errors, last was: received RTP packet with unknown payload type: 50
2026/09/29 08:00:20 WAR [path cam_5064cd2c] [RTSP source] 5 decode errors, last was: received RTP packet with unknown payload type: 50
2026/09/29 08:00:21 WAR [path cam_5064cd2c] [RTSP source] 5 decode errors, last was: received RTP packet with unknown payload type: 50
2026/09/29 08:00:21 WAR [path cam_3059f25c] [RTSP source] 5 decode errors, last was: received RTP packet with unknown payload type: 50
2026/09/29 08:00:22 WAR [path cam_3059f25c] [RTSP source] 5 decode errors, last was: received RTP packet with unknown payload type: 50
2026/09/29 08:00:22 WAR [path cam_5064cd2c] [RTSP source] 5 decode errors, last was: received RTP packet with unknown payload type: 50
2026/09/29 08:00:23 WAR [path cam_5064cd2c] [RTSP source] 5 decode errors, last was: received RTP packet with unknown payload type: 50
2026/09/29 08:00:23 WAR [path cam_3059f25c] [RTSP source] 5 decode errors, last was: received RTP packet with unknown payload type: 50
2026/09/29 08:00:24 WAR [path cam_3059f25c] [RTSP source] 5 decode errors, last was: received RTP packet with unknown payload type: 50
2026/09/29 08:00:24 WAR [path cam_5064cd2c] [RTSP source] 5 decode errors, last was: received RTP packet with unknown payload type: 50
2026/09/29 08:00:25 WAR [path cam_3059f25c] [RTSP source] 5 decode errors, last was: received RTP packet with unknown payload type: 50
2026/09/29 08:00:25 WAR [path cam_5064cd2c] [RTSP source] 5 decode errors, last was: received RTP packet with unknown payload type: 50
2026/09/29 08:00:26 WAR [path cam_3059f25c] [RTSP source] 5 decode errors, last was: received RTP packet with unknown payload type: 50
2026/09/29 08:00:26 WAR [path cam_5064cd2c] [RTSP source] 5 decode errors, last was: received RTP packet with unknown payload type: 50
2026/09/29 08:00:27 WAR [path cam_3059f25c] [RTSP source] 5 decode errors, last was: received RTP packet with unknown payload type: 50
2026/09/29 08:00:27 WAR [path cam_5064cd2c] [RTSP source] 5 decode errors, last was: received RTP packet with unknown payload type: 50
2026/09/29 08:00:28 WAR [path cam_5064cd2c] [RTSP source] 5 decode errors, last was: received RTP packet with unknown payload type: 50
2026/09/29 08:00:28 WAR [path cam_3059f25c] [RTSP source] 5 decode errors, last was: received RTP packet with unknown payload type: 50
2026/09/29 08:00:29 WAR [path cam_3059f25c] [RTSP source] 5 decode errors, last was: received RTP packet with unknown payload type: 50
2026/09/29 08:00:29 WAR [path cam_5064cd2c] [RTSP source] 5 decode errors, last was: received RTP packet with unknown payload type: 50
2026/09/29 08:00:30 WAR [path cam_5064cd2c] [RTSP source] 5 decode errors, last was: received RTP packet with unknown payload type: 50
2026/09/29 08:00:30 WAR [path cam_3059f25c] [RTSP source] 5 decode errors, last was: received RTP packet with unknown payload type: 50
2026/09/29 08:00:31 WAR [path cam_3059f25c] [RTSP source] 5 decode errors, last was: received RTP packet with unknown payload type: 50
2026/09/29 08:00:31 WAR [path cam_5064cd2c] [RTSP source] 5 decode errors, last was: received RTP packet with unknown payload type: 50
2026/09/29 08:00:32 WAR [path cam_3059f25c] [RTSP source] 5 decode errors, last was: received RTP packet with unknown payload type: 50
2026/09/29 08:00:32 WAR [path cam_5064cd2c] [RTSP source] 5 decode errors, last was: received RTP packet with unknown payload type: 50
2026/09/29 08:00:33 WAR [path cam_3059f25c] [RTSP source] 5 decode errors, last was: received RTP packet with unknown payload type: 50
2026/09/29 08:00:33 WAR [path cam_5064cd2c] [RTSP source] 5 decode errors, last was: received RTP packet with unknown payload type: 50
2026/09/29 08:00:34 WAR [path cam_5064cd2c] [RTSP source] 5 decode errors, last was: received RTP packet with unknown payload type: 50
2026/09/29 08:00:34 WAR [path cam_3059f25c] [RTSP source] 5 decode errors, last was: received RTP packet with unknown payload type: 50
2026/09/29 08:00:35 WAR [path cam_5064cd2c] [RTSP source] 5 decode errors, last was: received RTP packet with unknown payload type: 50
2026/09/29 08:00:35 WAR [path cam_3059f25c] [RTSP source] 5 decode errors, last was: received RTP packet with unknown payload type: 50
2026/09/29 08:00:36 WAR [path cam_5064cd2c] [RTSP source] 5 decode errors, last was: received RTP packet with unknown payload type: 50
2026/09/29 08:00:36 WAR [path cam_3059f25c] [RTSP source] 5 decode errors, last was: received RTP packet with unknown payload type: 50
2026/09/29 08:00:37 WAR [path cam_3059f25c] [RTSP source] 5 decode errors, last was: received RTP packet with unknown payload type: 50
2026/09/29 08:00:37 WAR [path cam_5064cd2c] [RTSP source] 5 decode errors, last was: received RTP packet with unknown payload type: 50
2026/09/29 08:00:38 WAR [path cam_5064cd2c] [RTSP source] 5 decode errors, last was: received RTP packet with unknown payload type: 50
2026/09/29 08:00:38 WAR [path cam_3059f25c] [RTSP source] 5 decode errors, last was: received RTP packet with unknown payload type: 50
2026/09/29 08:00:39 WAR [path cam_5064cd2c] [RTSP source] 5 decode errors, last was: received RTP packet with unknown payload type: 50
2026/09/29 08:00:39 WAR [path cam_3059f25c] [RTSP source] 5 decode errors, last was: received RTP packet with unknown payload type: 50
2026/09/29 08:00:40 WAR [path cam_3059f25c] [RTSP source] 5 decode errors, last was: received RTP packet with unknown payload type: 50
2026/09/29 08:00:40 WAR [path cam_5064cd2c] [RTSP source] 5 decode errors, last was: received RTP packet with unknown payload type: 50
2026/09/29 08:00:41 WAR [path cam_5064cd2c] [RTSP source] 5 decode errors, last was: received RTP packet with unknown payload type: 50
2026/09/29 08:00:41 WAR [path cam_3059f25c] [RTSP source] 5 decode errors, last was: received RTP packet with unknown payload type: 50
2026/09/29 08:00:42 WAR [path cam_5064cd2c] [RTSP source] 5 decode errors, last was: received RTP packet with unknown payload type: 50
2026/09/29 08:00:42 WAR [path cam_3059f25c] [RTSP source] 5 decode errors, last was: received RTP packet with unknown payload type: 50
2026/09/29 08:00:43 WAR [path cam_5064cd2c] [RTSP source] 5 decode errors, last was: received RTP packet with unknown payload type: 50
2026/09/29 08:00:43 WAR [path cam_3059f25c] [RTSP source] 5 decode errors, last was: received RTP packet with unknown payload type: 50
2026/09/29 08:00:44 WAR [path cam_3059f25c] [RTSP source] 5 decode errors, last was: received RTP packet with unknown payload type: 50
2026/09/29 08:00:44 WAR [path cam_5064cd2c] [RTSP source] 5 decode errors, last was: received RTP packet with unknown payload type: 50
2026/09/29 08:00:45 WAR [path cam_5064cd2c] [RTSP source] 5 decode errors, last was: received RTP packet with unknown payload type: 50
2026/09/29 08:00:45 WAR [path cam_3059f25c] [RTSP source] 5 decode errors, last was: received RTP packet with unknown payload type: 50
2026/09/29 08:00:46 WAR [path cam_5064cd2c] [RTSP source] 5 decode errors, last was: received RTP packet with unknown payload type: 50
2026/09/29 08:00:46 WAR [path cam_3059f25c] [RTSP source] 5 decode errors, last was: received RTP packet with unknown payload type: 50
2026/09/29 08:00:47 WAR [path cam_3059f25c] [RTSP source] 5 decode errors, last was: received RTP packet with unknown payload type: 50
2026/09/29 08:00:47 WAR [path cam_5064cd2c] [RTSP source] 5 decode errors, last was: received RTP packet with unknown payload type: 50
2026/09/29 08:00:48 WAR [path cam_3059f25c] [RTSP source] 5 decode errors, last was: received RTP packet with unknown payload type: 50
2026/09/29 08:00:48 WAR [path cam_5064cd2c] [RTSP source] 5 decode errors, last was: received RTP packet with unknown payload type: 50
2026/09/29 08:00:49 WAR [path cam_3059f25c] [RTSP source] 5 decode errors, last was: received RTP packet with unknown payload type: 50
2026/09/29 08:00:49 WAR [path cam_5064cd2c] [RTSP source] 5 decode errors, last was: received RTP packet with unknown payload type: 50
2026/09/29 08:00:50 WAR [path cam_5064cd2c] [RTSP source] 5 decode errors, last was: received RTP packet with unknown payload type: 50
2026/09/29 08:00:50 WAR [path cam_3059f25c] [RTSP source] 5 decode errors, last was: received RTP packet with unknown payload type: 50
2026/09/29 08:00:51 WAR [path cam_5064cd2c] [RTSP source] 5 decode errors, last was: received RTP packet with unknown payload type: 50
2026/09/29 08:00:51 WAR [path cam_3059f25c] [RTSP source] 5 decode errors, last was: received RTP packet with unknown payload type: 50
2026/09/29 08:00:52 WAR [path cam_5064cd2c] [RTSP source] 5 decode errors, last was: received RTP packet with unknown payload type: 50
2026/09/29 08:00:52 WAR [path cam_3059f25c] [RTSP source] 5 decode errors, last was: received RTP packet with unknown payload type: 50
2026/09/29 08:00:53 WAR [path cam_3059f25c] [RTSP source] 5 decode errors, last was: received RTP packet with unknown payload type: 50
2026/09/29 08:00:53 WAR [path cam_5064cd2c] [RTSP source] 5 decode errors, last was: received RTP packet with unknown payload type: 50
2026/09/29 08:00:54 WAR [path cam_5064cd2c] [RTSP source] 5 decode errors, last was: received RTP packet with unknown payload type: 50
2026/09/29 08:00:54 WAR [path cam_3059f25c] [RTSP source] 5 decode errors, last was: received RTP packet with unknown payload type: 50
2026/09/29 08:00:55 WAR [path cam_5064cd2c] [RTSP source] 5 decode errors, last was: received RTP packet with unknown payload type: 50
2026/09/29 08:00:55 WAR [path cam_3059f25c] [RTSP source] 5 decode errors, last was: received RTP packet with unknown payload type: 50
2026/09/29 08:00:56 WAR [path cam_5064cd2c] [RTSP source] 5 decode errors, last was: received RTP packet with unknown payload type: 50
2026/09/29 08:00:56 WAR [path cam_3059f25c] [RTSP source] 5 decode errors, last was: received RTP packet with unknown payload type: 50
2026/09/29 08:00:57 WAR [path cam_3059f25c] [RTSP source] 5 decode errors, last was: received RTP packet with unknown payload type: 50
2026/09/29 08:00:57 WAR [path cam_5064cd2c] [RTSP source] 5 decode errors, last was: received RTP packet with unknown payload type: 50
2026/09/29 08:00:58 WAR [path cam_3059f25c] [RTSP source] 5 decode errors, last was: received RTP packet with unknown payload type: 50
2026/09/29 08:00:58 WAR [path cam_5064cd2c] [RTSP source] 5 decode errors, last was: received RTP packet with unknown payload type: 50
2026/09/29 08:00:59 WAR [path cam_3059f25c] [RTSP source] 5 decode errors, last was: received RTP packet with unknown payload type: 50
2026/09/29 08:00:59 WAR [path cam_5064cd2c] [RTSP source] 5 decode errors, last was: received RTP packet with unknown payload type: 50
2026/09/29 08:00:59 WAR [path cam_1e437edf] [RTSP source] 9 RTP packets lost
2026/09/29 08:00:59 WAR [path cam_1e437edf] 57 processing errors, last was: invalid fragmentation unit (non-starting)
2026/09/29 08:01:00 WAR [path cam_5064cd2c] [RTSP source] 5 decode errors, last was: received RTP packet with unknown payload type: 50
2026/09/29 08:01:00 WAR [path cam_3059f25c] [RTSP source] 5 decode errors, last was: received RTP packet with unknown payload type: 50
2026/09/29 08:01:01 WAR [path cam_3059f25c] [RTSP source] 5 decode errors, last was: received RTP packet with unknown payload type: 50
2026/09/29 08:01:01 WAR [path cam_5064cd2c] [RTSP source] 5 decode errors, last was: received RTP packet with unknown payload type: 50
2026/09/29 08:01:02 WAR [path cam_3059f25c] [RTSP source] 5 decode errors, last was: received RTP packet with unknown payload type: 50
2026/09/29 08:01:02 WAR [path cam_5064cd2c] [RTSP source] 5 decode errors, last was: received RTP packet with unknown payload type: 50
2026/09/29 08:01:03 WAR [path cam_5064cd2c] [RTSP source] 5 decode errors, last was: received RTP packet with unknown payload type: 50
2026/09/29 08:01:03 WAR [path cam_3059f25c] [RTSP source] 5 decode errors, last was: received RTP packet with unknown payload type: 50
2026/09/29 08:01:04 WAR [path cam_5064cd2c] [RTSP source] 5 decode errors, last was: received RTP packet with unknown payload type: 50
2026/09/29 08:01:04 WAR [path cam_3059f25c] [RTSP source] 5 decode errors, last was: received RTP packet with unknown payload type: 50
2026/09/29 08:01:05 WAR [path cam_5064cd2c] [RTSP source] 5 decode errors, last was: received RTP packet with unknown payload type: 50
2026/09/29 08:01:05 WAR [path cam_3059f25c] [RTSP source] 5 decode errors, last was: received RTP packet with unknown payload type: 50
2026/09/29 08:01:06 WAR [path cam_3059f25c] [RTSP source] 5 decode errors, last was: received RTP packet with unknown payload type: 50
2026/09/29 08:01:06 WAR [path cam_5064cd2c] [RTSP source] 5 decode errors, last was: received RTP packet with unknown payload type: 50
2026/09/29 08:01:07 WAR [path cam_5064cd2c] [RTSP source] 5 decode errors, last was: received RTP packet with unknown payload type: 50
2026/09/29 08:01:07 WAR [path cam_3059f25c] [RTSP source] 5 decode errors, last was: received RTP packet with unknown payload type: 50
2026/09/29 08:01:08 WAR [path cam_5064cd2c] [RTSP source] 5 decode errors, last was: received RTP packet with unknown payload type: 50
2026/09/29 08:01:08 WAR [path cam_3059f25c] [RTSP source] 5 decode errors, last was: received RTP packet with unknown payload type: 50
2026/09/29 08:01:09 WAR [path cam_3059f25c] [RTSP source] 5 decode errors, last was: received RTP packet with unknown payload type: 50
2026/09/29 08:01:09 WAR [path cam_5064cd2c] [RTSP source] 5 decode errors, last was: received RTP packet with unknown payload type: 50
2026/09/29 08:01:10 WAR [path cam_3059f25c] [RTSP source] 5 decode errors, last was: received RTP packet with unknown payload type: 50
2026/09/29 08:01:10 WAR [path cam_5064cd2c] [RTSP source] 5 decode errors, last was: received RTP packet with unknown payload type: 50
2026/09/29 08:01:11 WAR [path cam_5064cd2c] [RTSP source] 5 decode errors, last was: received RTP packet with unknown payload type: 50
2026/09/29 08:01:11 WAR [path cam_3059f25c] [RTSP source] 5 decode errors, last was: received RTP packet with unknown payload type: 50
2026/09/29 08:01:12 WAR [path cam_5064cd2c] [RTSP source] 5 decode errors, last was: received RTP packet with unknown payload type: 50
2026/09/29 08:01:12 WAR [path cam_3059f25c] [RTSP source] 5 decode errors, last was: received RTP packet with unknown payload type: 50
2026/09/29 08:01:13 WAR [path cam_5064cd2c] [RTSP source] 5 decode errors, last was: received RTP packet with unknown payload type: 50
2026/09/29 08:01:13 WAR [path cam_3059f25c] [RTSP source] 5 decode errors, last was: received RTP packet with unknown payload type: 50
2026/09/29 08:01:14 WAR [path cam_5064cd2c] [RTSP source] 5 decode errors, last was: received RTP packet with unknown payload type: 50
2026/09/29 08:01:14 WAR [path cam_3059f25c] [RTSP source] 5 decode errors, last was: received RTP packet with unknown payload type: 50
2026/09/29 08:01:15 WAR [path cam_3059f25c] [RTSP source] 5 decode errors, last was: received RTP packet with unknown payload type: 50
2026/09/29 08:01:15 WAR [path cam_5064cd2c] [RTSP source] 5 decode errors, last was: received RTP packet with unknown payload type: 50
2026/09/29 08:01:16 WAR [path cam_3059f25c] [RTSP source] 5 decode errors, last was: received RTP packet with unknown payload type: 50
2026/09/29 08:01:16 WAR [path cam_5064cd2c] [RTSP source] 5 decode errors, last was: received RTP packet with unknown payload type: 50
2026/09/29 08:01:17 WAR [path cam_5064cd2c] [RTSP source] 5 decode errors, last was: received RTP packet with unknown payload type: 50
2026/09/29 08:01:17 WAR [path cam_3059f25c] [RTSP source] 5 decode errors, last was: received RTP packet with unknown payload type: 50
2026/09/29 08:01:18 WAR [path cam_3059f25c] [RTSP source] 5 decode errors, last was: received RTP packet with unknown payload type: 50
2026/09/29 08:01:18 WAR [path cam_5064cd2c] [RTSP source] 5 decode errors, last was: received RTP packet with unknown payload type: 50
2026/09/29 08:01:19 WAR [path cam_5064cd2c] [RTSP source] 5 decode errors, last was: received RTP packet with unknown payload type: 50
2026/09/29 08:01:19 WAR [path cam_3059f25c] [RTSP source] 5 decode errors, last was: received RTP packet with unknown payload type: 50
2026/09/29 08:01:20 WAR [path cam_3059f25c] [RTSP source] 5 decode errors, last was: received RTP packet with unknown payload type: 50
2026/09/29 08:01:20 WAR [path cam_5064cd2c] [RTSP source] 5 decode errors, last was: received RTP packet with unknown payload type: 50
2026/09/29 08:01:21 WAR [path cam_3059f25c] [RTSP source] 5 decode errors, last was: received RTP packet with unknown payload type: 50
2026/09/29 08:01:21 WAR [path cam_5064cd2c] [RTSP source] 5 decode errors, last was: received RTP packet with unknown payload type: 50
2026/09/29 08:01:22 WAR [path cam_5064cd2c] [RTSP source] 5 decode errors, last was: received RTP packet with unknown payload type: 50
2026/09/29 08:01:22 WAR [path cam_3059f25c] [RTSP source] 5 decode errors, last was: received RTP packet with unknown payload type: 50
2026/09/29 08:01:23 WAR [path cam_5064cd2c] [RTSP source] 5 decode errors, last was: received RTP packet with unknown payload type: 50
2026/09/29 08:01:23 WAR [path cam_3059f25c] [RTSP source] 5 decode errors, last was: received RTP packet with unknown payload type: 50
2026/09/29 08:01:24 WAR [path cam_5064cd2c] [RTSP source] 5 decode errors, last was: received RTP packet with unknown payload type: 50
2026/09/29 08:01:24 WAR [path cam_3059f25c] [RTSP source] 5 decode errors, last was: received RTP packet with unknown payload type: 50
2026/09/29 08:01:25 WAR [path cam_5064cd2c] [RTSP source] 5 decode errors, last was: received RTP packet with unknown payload type: 50
2026/09/29 08:01:25 WAR [path cam_3059f25c] [RTSP source] 5 decode errors, last was: received RTP packet with unknown payload type: 50
2026/09/29 08:01:26 WAR [path cam_5064cd2c] [RTSP source] 5 decode errors, last was: received RTP packet with unknown payload type: 50
2026/09/29 08:01:26 WAR [path cam_1e437edf] [RTSP source] 34 RTP packets lost
2026/09/29 08:01:26 WAR [path cam_3059f25c] [RTSP source] 5 decode errors, last was: received RTP packet with unknown payload type: 50
2026/09/29 08:01:27 WAR [path cam_5064cd2c] [RTSP source] 5 decode errors, last was: received RTP packet with unknown payload type: 50
2026/09/29 08:01:27 WAR [path cam_3059f25c] [RTSP source] 5 decode errors, last was: received RTP packet with unknown payload type: 50
2026/09/29 08:01:28 WAR [path cam_5064cd2c] [RTSP source] 5 decode errors, last was: received RTP packet with unknown payload type: 50
2026/09/29 08:01:28 WAR [path cam_3059f25c] [RTSP source] 5 decode errors, last was: received RTP packet with unknown payload type: 50
2026/09/29 08:01:29 WAR [path cam_5064cd2c] [RTSP source] 5 decode errors, last was: received RTP packet with unknown payload type: 50
2026/09/29 08:01:29 WAR [path cam_3059f25c] [RTSP source] 5 decode errors, last was: received RTP packet with unknown payload type: 50
2026/09/29 08:01:30 WAR [path cam_5064cd2c] [RTSP source] 5 decode errors, last was: received RTP packet with unknown payload type: 50
2026/09/29 08:01:30 WAR [path cam_3059f25c] [RTSP source] 5 decode errors, last was: received RTP packet with unknown payload type: 50
2026/09/29 08:01:31 WAR [path cam_3059f25c] [RTSP source] 5 decode errors, last was: received RTP packet with unknown payload type: 50
2026/09/29 08:01:31 WAR [path cam_5064cd2c] [RTSP source] 5 decode errors, last was: received RTP packet with unknown payload type: 50
2026/09/29 08:01:32 WAR [path cam_3059f25c] [RTSP source] 5 decode errors, last was: received RTP packet with unknown payload type: 50
2026/09/29 08:01:32 WAR [path cam_5064cd2c] [RTSP source] 5 decode errors, last was: received RTP packet with unknown payload type: 50
2026/09/29 08:01:33 WAR [path cam_3059f25c] [RTSP source] 5 decode errors, last was: received RTP packet with unknown payload type: 50
2026/09/29 08:01:33 WAR [path cam_5064cd2c] [RTSP source] 5 decode errors, last was: received RTP packet with unknown payload type: 50
2026/09/29 08:01:34 WAR [path cam_3059f25c] [RTSP source] 5 decode errors, last was: received RTP packet with unknown payload type: 50
2026/09/29 08:01:34 WAR [path cam_5064cd2c] [RTSP source] 5 decode errors, last was: received RTP packet with unknown payload type: 50
2026/09/29 08:01:35 WAR [path cam_3059f25c] [RTSP source] 5 decode errors, last was: received RTP packet with unknown payload type: 50
2026/09/29 08:01:35 WAR [path cam_5064cd2c] [RTSP source] 5 decode errors, last was: received RTP packet with unknown payload type: 50
2026/09/29 08:01:36 WAR [path cam_5064cd2c] [RTSP source] 5 decode errors, last was: received RTP packet with unknown payload type: 50
2026/09/29 08:01:36 WAR [path cam_3059f25c] [RTSP source] 5 decode errors, last was: received RTP packet with unknown payload type: 50
2026/09/29 08:01:37 WAR [path cam_5064cd2c] [RTSP source] 5 decode errors, last was: received RTP packet with unknown payload type: 50
2026/09/29 08:01:37 WAR [path cam_3059f25c] [RTSP source] 5 decode errors, last was: received RTP packet with unknown payload type: 50
2026/09/29 08:01:38 WAR [path cam_5064cd2c] [RTSP source] 5 decode errors, last was: received RTP packet with unknown payload type: 50
2026/09/29 08:01:38 WAR [path cam_3059f25c] [RTSP source] 5 decode errors, last was: received RTP packet with unknown payload type: 50
2026/09/29 08:01:39 WAR [path cam_5064cd2c] [RTSP source] 5 decode errors, last was: received RTP packet with unknown payload type: 50
2026/09/29 08:01:39 WAR [path cam_3059f25c] [RTSP source] 5 decode errors, last was: received RTP packet with unknown payload type: 50
2026/09/29 08:01:40 WAR [path cam_5064cd2c] [RTSP source] 5 decode errors, last was: received RTP packet with unknown payload type: 50
2026/09/29 08:01:40 WAR [path cam_3059f25c] [RTSP source] 5 decode errors, last was: received RTP packet with unknown payload type: 50
2026/09/29 08:01:41 WAR [path cam_5064cd2c] [RTSP source] 5 decode errors, last was: received RTP packet with unknown payload type: 50
2026/09/29 08:01:41 WAR [path cam_3059f25c] [RTSP source] 5 decode errors, last was: received RTP packet with unknown payload type: 50
2026/09/29 08:01:42 WAR [path cam_3059f25c] [RTSP source] 5 decode errors, last was: received RTP packet with unknown payload type: 50
2026/09/29 08:01:42 WAR [path cam_5064cd2c] [RTSP source] 5 decode errors, last was: received RTP packet with unknown payload type: 50
2026/09/29 08:01:43 WAR [path cam_3059f25c] [RTSP source] 5 decode errors, last was: received RTP packet with unknown payload type: 50
2026/09/29 08:01:43 WAR [path cam_5064cd2c] [RTSP source] 5 decode errors, last was: received RTP packet with unknown payload type: 50
2026/09/29 08:01:44 WAR [path cam_3059f25c] [RTSP source] 5 decode errors, last was: received RTP packet with unknown payload type: 50
2026/09/29 08:01:44 WAR [path cam_5064cd2c] [RTSP source] 5 decode errors, last was: received RTP packet with unknown payload type: 50
2026/09/29 08:01:45 WAR [path cam_5064cd2c] [RTSP source] 5 decode errors, last was: received RTP packet with unknown payload type: 50
2026/09/29 08:01:45 WAR [path cam_3059f25c] [RTSP source] 5 decode errors, last was: received RTP packet with unknown payload type: 50
2026/09/29 08:01:46 WAR [path cam_3059f25c] [RTSP source] 5 decode errors, last was: received RTP packet with unknown payload type: 50
2026/09/29 08:01:46 WAR [path cam_5064cd2c] [RTSP source] 5 decode errors, last was: received RTP packet with unknown payload type: 50
2026/09/29 08:01:47 WAR [path cam_5064cd2c] [RTSP source] 5 decode errors, last was: received RTP packet with unknown payload type: 50
2026/09/29 08:01:47 WAR [path cam_3059f25c] [RTSP source] 5 decode errors, last was: received RTP packet with unknown payload type: 50
2026/09/29 08:01:48 WAR [path cam_5064cd2c] [RTSP source] 5 decode errors, last was: received RTP packet with unknown payload type: 50
2026/09/29 08:01:48 WAR [path cam_3059f25c] [RTSP source] 5 decode errors, last was: received RTP packet with unknown payload type: 50
2026/09/29 08:01:49 WAR [path cam_5064cd2c] [RTSP source] 5 decode errors, last was: received RTP packet with unknown payload type: 50
2026/09/29 08:01:49 WAR [path cam_3059f25c] [RTSP source] 5 decode errors, last was: received RTP packet with unknown payload type: 50
2026/09/29 08:01:50 WAR [path cam_3059f25c] [RTSP source] 5 decode errors, last was: received RTP packet with unknown payload type: 50
2026/09/29 08:01:50 WAR [path cam_5064cd2c] [RTSP source] 5 decode errors, last was: received RTP packet with unknown payload type: 50
2026/09/29 08:01:51 WAR [path cam_3059f25c] [RTSP source] 5 decode errors, last was: received RTP packet with unknown payload type: 50
2026/09/29 08:01:51 WAR [path cam_5064cd2c] [RTSP source] 5 decode errors, last was: received RTP packet with unknown payload type: 50
2026/09/29 08:01:52 WAR [path cam_5064cd2c] [RTSP source] 5 decode errors, last was: received RTP packet with unknown payload type: 50
2026/09/29 08:01:52 WAR [path cam_3059f25c] [RTSP source] 5 decode errors, last was: received RTP packet with unknown payload type: 50
2026/09/29 08:01:53 WAR [path cam_3059f25c] [RTSP source] 5 decode errors, last was: received RTP packet with unknown payload type: 50
2026/09/29 08:01:53 WAR [path cam_5064cd2c] [RTSP source] 5 decode errors, last was: received RTP packet with unknown payload type: 50
2026/09/29 08:01:54 WAR [path cam_3059f25c] [RTSP source] 5 decode errors, last was: received RTP packet with unknown payload type: 50
2026/09/29 08:01:54 WAR [path cam_5064cd2c] [RTSP source] 5 decode errors, last was: received RTP packet with unknown payload type: 50
2026/09/29 08:01:55 WAR [path cam_5064cd2c] [RTSP source] 5 decode errors, last was: received RTP packet with unknown payload type: 50
2026/09/29 08:01:55 WAR [path cam_3059f25c] [RTSP source] 5 decode errors, last was: received RTP packet with unknown payload type: 50
2026/09/29 08:01:56 WAR [path cam_5064cd2c] [RTSP source] 5 decode errors, last was: received RTP packet with unknown payload type: 50
2026/09/29 08:01:56 WAR [path cam_3059f25c] [RTSP source] 5 decode errors, last was: received RTP packet with unknown payload type: 50
2026/09/29 08:01:57 WAR [path cam_5064cd2c] [RTSP source] 5 decode errors, last was: received RTP packet with unknown payload type: 50
2026/09/29 08:01:57 WAR [path cam_3059f25c] [RTSP source] 5 decode errors, last was: received RTP packet with unknown payload type: 50
2026/09/29 08:01:58 WAR [path cam_5064cd2c] [RTSP source] 5 decode errors, last was: received RTP packet with unknown payload type: 50
2026/09/29 08:01:58 WAR [path cam_3059f25c] [RTSP source] 5 decode errors, last was: received RTP packet with unknown payload type: 50
2026/09/29 08:01:59 WAR [path cam_3059f25c] [RTSP source] 5 decode errors, last was: received RTP packet with unknown payload type: 50
2026/09/29 08:01:59 WAR [path cam_5064cd2c] [RTSP source] 5 decode errors, last was: received RTP packet with unknown payload type: 50
2026/09/29 08:02:00 WAR [path cam_5064cd2c] [RTSP source] 5 decode errors, last was: received RTP packet with unknown payload type: 50
2026/09/29 08:02:00 WAR [path cam_3059f25c] [RTSP source] 5 decode errors, last was: received RTP packet with unknown payload type: 50
2026/09/29 08:02:01 WAR [path cam_3059f25c] [RTSP source] 5 decode errors, last was: received RTP packet with unknown payload type: 50
2026/09/29 08:02:01 WAR [path cam_5064cd2c] [RTSP source] 5 decode errors, last was: received RTP packet with unknown payload type: 50
2026/09/29 08:02:02 WAR [path cam_3059f25c] [RTSP source] 5 decode errors, last was: received RTP packet with unknown payload type: 50
2026/09/29 08:02:02 WAR [path cam_5064cd2c] [RTSP source] 5 decode errors, last was: received RTP packet with unknown payload type: 50
2026/09/29 08:02:03 WAR [path cam_3059f25c] [RTSP source] 5 decode errors, last was: received RTP packet with unknown payload type: 50
2026/09/29 08:02:03 WAR [path cam_5064cd2c] [RTSP source] 5 decode errors, last was: received RTP packet with unknown payload type: 50
2026/09/29 08:02:04 WAR [path cam_5064cd2c] [RTSP source] 5 decode errors, last was: received RTP packet with unknown payload type: 50
2026/09/29 08:02:04 WAR [path cam_3059f25c] [RTSP source] 5 decode errors, last was: received RTP packet with unknown payload type: 50
2026/09/29 08:02:05 WAR [path cam_3059f25c] [RTSP source] 5 decode errors, last was: received RTP packet with unknown payload type: 50
2026/09/29 08:02:05 WAR [path cam_5064cd2c] [RTSP source] 5 decode errors, last was: received RTP packet with unknown payload type: 50
2026/09/29 08:02:06 WAR [path cam_5064cd2c] [RTSP source] 5 decode errors, last was: received RTP packet with unknown payload type: 50
2026/09/29 08:02:06 WAR [path cam_3059f25c] [RTSP source] 5 decode errors, last was: received RTP packet with unknown payload type: 50
2026/09/29 08:02:07 WAR [path cam_3059f25c] [RTSP source] 5 decode errors, last was: received RTP packet with unknown payload type: 50
2026/09/29 08:02:07 WAR [path cam_5064cd2c] [RTSP source] 5 decode errors, last was: received RTP packet with unknown payload type: 50
2026/09/29 08:02:08 WAR [path cam_5064cd2c] [RTSP source] 5 decode errors, last was: received RTP packet with unknown payload type: 50
2026/09/29 08:02:08 WAR [path cam_3059f25c] [RTSP source] 5 decode errors, last was: received RTP packet with unknown payload type: 50
2026/09/29 08:02:09 WAR [path cam_5064cd2c] [RTSP source] 5 decode errors, last was: received RTP packet with unknown payload type: 50
2026/09/29 08:02:09 WAR [path cam_3059f25c] [RTSP source] 5 decode errors, last was: received RTP packet with unknown payload type: 50
2026/09/29 08:02:10 WAR [path cam_5064cd2c] [RTSP source] 5 decode errors, last was: received RTP packet with unknown payload type: 50
2026/09/29 08:02:10 WAR [path cam_3059f25c] [RTSP source] 5 decode errors, last was: received RTP packet with unknown payload type: 50
2026/09/29 08:02:11 WAR [path cam_5064cd2c] [RTSP source] 5 decode errors, last was: received RTP packet with unknown payload type: 50
2026/09/29 08:02:11 WAR [path cam_3059f25c] [RTSP source] 5 decode errors, last was: received RTP packet with unknown payload type: 50
2026/09/29 08:02:12 WAR [path cam_5064cd2c] [RTSP source] 5 decode errors, last was: received RTP packet with unknown payload type: 50
2026/09/29 08:02:12 WAR [path cam_3059f25c] [RTSP source] 5 decode errors, last was: received RTP packet with unknown payload type: 50
2026/09/29 08:02:13 WAR [path cam_5064cd2c] [RTSP source] 5 decode errors, last was: received RTP packet with unknown payload type: 50
2026/09/29 08:02:13 WAR [path cam_3059f25c] [RTSP source] 5 decode errors, last was: received RTP packet with unknown payload type: 50
2026/09/29 08:02:14 WAR [path cam_5064cd2c] [RTSP source] 5 decode errors, last was: received RTP packet with unknown payload type: 50
2026/09/29 08:02:14 WAR [path cam_3059f25c] [RTSP source] 5 decode errors, last was: received RTP packet with unknown payload type: 50
2026/09/29 08:02:15 WAR [path cam_3059f25c] [RTSP source] 5 decode errors, last was: received RTP packet with unknown payload type: 50
2026/09/29 08:02:15 WAR [path cam_5064cd2c] [RTSP source] 5 decode errors, last was: received RTP packet with unknown payload type: 50
2026/09/29 08:02:16 WAR [path cam_3059f25c] [RTSP source] 5 decode errors, last was: received RTP packet with unknown payload type: 50
2026/09/29 08:02:16 WAR [path cam_5064cd2c] [RTSP source] 5 decode errors, last was: received RTP packet with unknown payload type: 50
2026/09/29 08:02:17 WAR [path cam_3059f25c] [RTSP source] 5 decode errors, last was: received RTP packet with unknown payload type: 50
2026/09/29 08:02:17 WAR [path cam_5064cd2c] [RTSP source] 1 RTP packet lost
2026/09/29 08:02:17 WAR [path cam_5064cd2c] [RTSP source] 5 decode errors, last was: received RTP packet with unknown payload type: 50
2026/09/29 08:02:17 WAR [path cam_5064cd2c] 81 processing errors, last was: invalid fragmentation unit (non-starting)
2026/09/29 08:02:18 WAR [path cam_3059f25c] [RTSP source] 5 decode errors, last was: received RTP packet with unknown payload type: 50
2026/09/29 08:02:18 WAR [path cam_5064cd2c] [RTSP source] 5 decode errors, last was: received RTP packet with unknown payload type: 50
2026/09/29 08:02:19 WAR [path cam_3059f25c] [RTSP source] 5 decode errors, last was: received RTP packet with unknown payload type: 50
2026/09/29 08:02:19 WAR [path cam_5064cd2c] [RTSP source] 5 decode errors, last was: received RTP packet with unknown payload type: 50
2026/09/29 08:02:20 WAR [path cam_5064cd2c] [RTSP source] 5 decode errors, last was: received RTP packet with unknown payload type: 50
2026/09/29 08:02:20 WAR [path cam_3059f25c] [RTSP source] 5 decode errors, last was: received RTP packet with unknown payload type: 50
2026/09/29 08:02:21 WAR [path cam_5064cd2c] [RTSP source] 5 decode errors, last was: received RTP packet with unknown payload type: 50
2026/09/29 08:02:21 WAR [path cam_3059f25c] [RTSP source] 5 decode errors, last was: received RTP packet with unknown payload type: 50
2026/09/29 08:02:22 WAR [path cam_3059f25c] [RTSP source] 5 decode errors, last was: received RTP packet with unknown payload type: 50
2026/09/29 08:02:22 WAR [path cam_5064cd2c] [RTSP source] 5 decode errors, last was: received RTP packet with unknown payload type: 50
2026/09/29 08:02:23 WAR [path cam_5064cd2c] [RTSP source] 5 decode errors, last was: received RTP packet with unknown payload type: 50
2026/09/29 08:02:23 WAR [path cam_3059f25c] [RTSP source] 5 decode errors, last was: received RTP packet with unknown payload type: 50
2026/09/29 08:02:24 WAR [path cam_3059f25c] [RTSP source] 5 decode errors, last was: received RTP packet with unknown payload type: 50
2026/09/29 08:02:24 WAR [path cam_5064cd2c] [RTSP source] 5 decode errors, last was: received RTP packet with unknown payload type: 50
2026/09/29 08:02:25 WAR [path cam_3059f25c] [RTSP source] 5 decode errors, last was: received RTP packet with unknown payload type: 50
2026/09/29 08:02:25 WAR [path cam_5064cd2c] [RTSP source] 5 decode errors, last was: received RTP packet with unknown payload type: 50
2026/09/29 08:02:25 WAR [path cam_1e437edf] 2 processing errors, last was: invalid fragmentation unit (non-starting)
2026/09/29 08:02:26 WAR [path cam_3059f25c] [RTSP source] 5 decode errors, last was: received RTP packet with unknown payload type: 50
2026/09/29 08:02:26 WAR [path cam_1e437edf] [RTSP source] 6 RTP packets lost
2026/09/29 08:02:26 WAR [path cam_5064cd2c] [RTSP source] 5 decode errors, last was: received RTP packet with unknown payload type: 50
2026/09/29 08:02:27 WAR [path cam_5064cd2c] [RTSP source] 5 decode errors, last was: received RTP packet with unknown payload type: 50
2026/09/29 08:02:27 WAR [path cam_3059f25c] [RTSP source] 5 decode errors, last was: received RTP packet with unknown payload type: 50
2026/09/29 08:02:28 WAR [path cam_3059f25c] [RTSP source] 5 decode errors, last was: received RTP packet with unknown payload type: 50
2026/09/29 08:02:28 WAR [path cam_5064cd2c] [RTSP source] 5 decode errors, last was: received RTP packet with unknown payload type: 50
2026/09/29 08:02:29 WAR [path cam_3059f25c] [RTSP source] 5 decode errors, last was: received RTP packet with unknown payload type: 50
2026/09/29 08:02:29 WAR [path cam_5064cd2c] [RTSP source] 5 decode errors, last was: received RTP packet with unknown payload type: 50
2026/09/29 08:02:30 WAR [path cam_5064cd2c] [RTSP source] 5 decode errors, last was: received RTP packet with unknown payload type: 50
2026/09/29 08:02:30 WAR [path cam_3059f25c] [RTSP source] 5 decode errors, last was: received RTP packet with unknown payload type: 50
2026/09/29 08:02:31 WAR [path cam_5064cd2c] [RTSP source] 5 decode errors, last was: received RTP packet with unknown payload type: 50
2026/09/29 08:02:31 WAR [path cam_3059f25c] [RTSP source] 5 decode errors, last was: received RTP packet with unknown payload type: 50
2026/09/29 08:02:32 WAR [path cam_5064cd2c] [RTSP source] 5 decode errors, last was: received RTP packet with unknown payload type: 50
2026/09/29 08:02:32 WAR [path cam_3059f25c] [RTSP source] 5 decode errors, last was: received RTP packet with unknown payload type: 50
2026/09/29 08:02:33 WAR [path cam_5064cd2c] [RTSP source] 5 decode errors, last was: received RTP packet with unknown payload type: 50
2026/09/29 08:02:33 WAR [path cam_3059f25c] [RTSP source] 5 decode errors, last was: received RTP packet with unknown payload type: 50
2026/09/29 08:02:34 WAR [path cam_3059f25c] [RTSP source] 5 decode errors, last was: received RTP packet with unknown payload type: 50
2026/09/29 08:02:34 WAR [path cam_5064cd2c] [RTSP source] 5 decode errors, last was: received RTP packet with unknown payload type: 50
2026/09/29 08:02:35 WAR [path cam_5064cd2c] [RTSP source] 5 decode errors, last was: received RTP packet with unknown payload type: 50
2026/09/29 08:02:35 WAR [path cam_3059f25c] [RTSP source] 5 decode errors, last was: received RTP packet with unknown payload type: 50
2026/09/29 08:02:36 WAR [path cam_5064cd2c] [RTSP source] 5 decode errors, last was: received RTP packet with unknown payload type: 50
2026/09/29 08:02:36 WAR [path cam_3059f25c] [RTSP source] 5 decode errors, last was: received RTP packet with unknown payload type: 50
2026/09/29 08:02:37 WAR [path cam_5064cd2c] [RTSP source] 5 decode errors, last was: received RTP packet with unknown payload type: 50
2026/09/29 08:02:37 WAR [path cam_3059f25c] [RTSP source] 5 decode errors, last was: received RTP packet with unknown payload type: 50
2026/09/29 08:02:38 WAR [path cam_5064cd2c] [RTSP source] 5 decode errors, last was: received RTP packet with unknown payload type: 50
2026/09/29 08:02:38 WAR [path cam_3059f25c] [RTSP source] 5 decode errors, last was: received RTP packet with unknown payload type: 50
2026/09/29 08:02:39 WAR [path cam_5064cd2c] [RTSP source] 5 decode errors, last was: received RTP packet with unknown payload type: 50
2026/09/29 08:02:39 WAR [path cam_3059f25c] [RTSP source] 5 decode errors, last was: received RTP packet with unknown payload type: 50
2026/09/29 08:02:40 WAR [path cam_3059f25c] [RTSP source] 5 decode errors, last was: received RTP packet with unknown payload type: 50
2026/09/29 08:02:40 WAR [path cam_5064cd2c] [RTSP source] 5 decode errors, last was: received RTP packet with unknown payload type: 50
2026/09/29 08:02:41 WAR [path cam_5064cd2c] [RTSP source] 5 decode errors, last was: received RTP packet with unknown payload type: 50
2026/09/29 08:02:41 WAR [path cam_3059f25c] [RTSP source] 5 decode errors, last was: received RTP packet with unknown payload type: 50
2026/09/29 08:02:42 WAR [path cam_5064cd2c] [RTSP source] 5 decode errors, last was: received RTP packet with unknown payload type: 50
2026/09/29 08:02:42 WAR [path cam_3059f25c] [RTSP source] 5 decode errors, last was: received RTP packet with unknown payload type: 50
2026/09/29 08:02:43 WAR [path cam_5064cd2c] [RTSP source] 5 decode errors, last was: received RTP packet with unknown payload type: 50
2026/09/29 08:02:43 WAR [path cam_3059f25c] [RTSP source] 5 decode errors, last was: received RTP packet with unknown payload type: 50
2026/09/29 08:02:44 WAR [path cam_3059f25c] [RTSP source] 5 decode errors, last was: received RTP packet with unknown payload type: 50
2026/09/29 08:02:44 WAR [path cam_5064cd2c] [RTSP source] 5 decode errors, last was: received RTP packet with unknown payload type: 50
2026/09/29 08:02:45 WAR [path cam_3059f25c] [RTSP source] 5 decode errors, last was: received RTP packet with unknown payload type: 50
2026/09/29 08:02:45 WAR [path cam_5064cd2c] [RTSP source] 5 decode errors, last was: received RTP packet with unknown payload type: 50
2026/09/29 08:02:46 WAR [path cam_5064cd2c] [RTSP source] 5 decode errors, last was: received RTP packet with unknown payload type: 50
2026/09/29 08:02:46 WAR [path cam_3059f25c] [RTSP source] 5 decode errors, last was: received RTP packet with unknown payload type: 50
2026/09/29 08:02:47 WAR [path cam_5064cd2c] [RTSP source] 5 decode errors, last was: received RTP packet with unknown payload type: 50
2026/09/29 08:02:47 WAR [path cam_3059f25c] [RTSP source] 5 decode errors, last was: received RTP packet with unknown payload type: 50
2026/09/29 08:02:48 WAR [path cam_3059f25c] [RTSP source] 5 decode errors, last was: received RTP packet with unknown payload type: 50
2026/09/29 08:02:48 WAR [path cam_5064cd2c] [RTSP source] 5 decode errors, last was: received RTP packet with unknown payload type: 50
2026/09/29 08:02:49 WAR [path cam_5064cd2c] [RTSP source] 5 decode errors, last was: received RTP packet with unknown payload type: 50
2026/09/29 08:02:49 WAR [path cam_3059f25c] [RTSP source] 5 decode errors, last was: received RTP packet with unknown payload type: 50
2026/09/29 08:02:50 WAR [path cam_5064cd2c] [RTSP source] 5 decode errors, last was: received RTP packet with unknown payload type: 50
2026/09/29 08:02:50 WAR [path cam_3059f25c] [RTSP source] 5 decode errors, last was: received RTP packet with unknown payload type: 50
2026/09/29 08:02:51 WAR [path cam_5064cd2c] [RTSP source] 5 decode errors, last was: received RTP packet with unknown payload type: 50
2026/09/29 08:02:51 WAR [path cam_3059f25c] [RTSP source] 5 decode errors, last was: received RTP packet with unknown payload type: 50
2026/09/29 08:02:52 WAR [path cam_5064cd2c] [RTSP source] 5 decode errors, last was: received RTP packet with unknown payload type: 50
2026/09/29 08:02:52 WAR [path cam_3059f25c] [RTSP source] 5 decode errors, last was: received RTP packet with unknown payload type: 50
2026/09/29 08:02:53 WAR [path cam_5064cd2c] [RTSP source] 5 decode errors, last was: received RTP packet with unknown payload type: 50
2026/09/29 08:02:53 WAR [path cam_3059f25c] [RTSP source] 5 decode errors, last was: received RTP packet with unknown payload type: 50
2026/09/29 08:02:54 WAR [path cam_3059f25c] [RTSP source] 5 decode errors, last was: received RTP packet with unknown payload type: 50
2026/09/29 08:02:54 WAR [path cam_5064cd2c] [RTSP source] 5 decode errors, last was: received RTP packet with unknown payload type: 50
2026/09/29 08:02:55 WAR [path cam_5064cd2c] [RTSP source] 5 decode errors, last was: received RTP packet with unknown payload type: 50
2026/09/29 08:02:55 WAR [path cam_3059f25c] [RTSP source] 5 decode errors, last was: received RTP packet with unknown payload type: 50
2026/09/29 08:02:56 WAR [path cam_3059f25c] [RTSP source] 5 decode errors, last was: received RTP packet with unknown payload type: 50
2026/09/29 08:02:56 WAR [path cam_5064cd2c] [RTSP source] 5 decode errors, last was: received RTP packet with unknown payload type: 50
2026/09/29 08:02:57 WAR [path cam_5064cd2c] [RTSP source] 5 decode errors, last was: received RTP packet with unknown payload type: 50
2026/09/29 08:02:57 WAR [path cam_3059f25c] [RTSP source] 5 decode errors, last was: received RTP packet with unknown payload type: 50
2026/09/29 08:02:58 WAR [path cam_5064cd2c] [RTSP source] 5 decode errors, last was: received RTP packet with unknown payload type: 50
2026/09/29 08:02:58 WAR [path cam_3059f25c] [RTSP source] 5 decode errors, last was: received RTP packet with unknown payload type: 50
2026/09/29 08:02:59 WAR [path cam_3059f25c] [RTSP source] 5 decode errors, last was: received RTP packet with unknown payload type: 50
2026/09/29 08:02:59 WAR [path cam_5064cd2c] [RTSP source] 5 decode errors, last was: received RTP packet with unknown payload type: 50
2026/09/29 08:03:00 WAR [path cam_3059f25c] [RTSP source] 5 decode errors, last was: received RTP packet with unknown payload type: 50
2026/09/29 08:03:00 WAR [path cam_5064cd2c] [RTSP source] 5 decode errors, last was: received RTP packet with unknown payload type: 50
2026/09/29 08:03:01 WAR [path cam_5064cd2c] [RTSP source] 5 decode errors, last was: received RTP packet with unknown payload type: 50
2026/09/29 08:03:01 WAR [path cam_3059f25c] [RTSP source] 5 decode errors, last was: received RTP packet with unknown payload type: 50
2026/09/29 08:03:02 WAR [path cam_5064cd2c] [RTSP source] 5 decode errors, last was: received RTP packet with unknown payload type: 50
2026/09/29 08:03:02 WAR [path cam_3059f25c] [RTSP source] 5 decode errors, last was: received RTP packet with unknown payload type: 50
2026/09/29 08:03:03 WAR [path cam_5064cd2c] [RTSP source] 5 decode errors, last was: received RTP packet with unknown payload type: 50
2026/09/29 08:03:03 WAR [path cam_3059f25c] [RTSP source] 5 decode errors, last was: received RTP packet with unknown payload type: 50
2026/09/29 08:03:04 WAR [path cam_5064cd2c] [RTSP source] 5 decode errors, last was: received RTP packet with unknown payload type: 50
2026/09/29 08:03:04 WAR [path cam_3059f25c] [RTSP source] 5 decode errors, last was: received RTP packet with unknown payload type: 50
2026/09/29 08:03:05 WAR [path cam_3059f25c] [RTSP source] 5 decode errors, last was: received RTP packet with unknown payload type: 50
2026/09/29 08:03:05 WAR [path cam_5064cd2c] [RTSP source] 5 decode errors, last was: received RTP packet with unknown payload type: 50
2026/09/29 08:03:06 WAR [path cam_5064cd2c] [RTSP source] 5 decode errors, last was: received RTP packet with unknown payload type: 50
2026/09/29 08:03:06 WAR [path cam_3059f25c] [RTSP source] 5 decode errors, last was: received RTP packet with unknown payload type: 50
2026/09/29 08:03:07 WAR [path cam_3059f25c] [RTSP source] 5 decode errors, last was: received RTP packet with unknown payload type: 50
2026/09/29 08:03:07 WAR [path cam_5064cd2c] [RTSP source] 5 decode errors, last was: received RTP packet with unknown payload type: 50
2026/09/29 08:03:08 WAR [path cam_5064cd2c] [RTSP source] 5 decode errors, last was: received RTP packet with unknown payload type: 50
2026/09/29 08:03:08 WAR [path cam_3059f25c] [RTSP source] 5 decode errors, last was: received RTP packet with unknown payload type: 50
2026/09/29 08:03:09 WAR [path cam_3059f25c] [RTSP source] 5 decode errors, last was: received RTP packet with unknown payload type: 50
2026/09/29 08:03:09 WAR [path cam_5064cd2c] [RTSP source] 5 decode errors, last was: received RTP packet with unknown payload type: 50
2026/09/29 08:03:10 WAR [path cam_5064cd2c] [RTSP source] 5 decode errors, last was: received RTP packet with unknown payload type: 50
2026/09/29 08:03:10 WAR [path cam_3059f25c] [RTSP source] 5 decode errors, last was: received RTP packet with unknown payload type: 50
2026/09/29 08:03:11 WAR [path cam_3059f25c] [RTSP source] 5 decode errors, last was: received RTP packet with unknown payload type: 50
2026/09/29 08:03:11 WAR [path cam_5064cd2c] [RTSP source] 5 decode errors, last was: received RTP packet with unknown payload type: 50
2026/09/29 08:03:12 WAR [path cam_5064cd2c] [RTSP source] 5 decode errors, last was: received RTP packet with unknown payload type: 50
2026/09/29 08:03:12 WAR [path cam_3059f25c] [RTSP source] 5 decode errors, last was: received RTP packet with unknown payload type: 50
2026/09/29 08:03:13 WAR [path cam_5064cd2c] [RTSP source] 5 decode errors, last was: received RTP packet with unknown payload type: 50
2026/09/29 08:03:13 WAR [path cam_1e437edf] [RTSP source] 1 RTP packet lost
2026/09/29 08:03:13 WAR [path cam_3059f25c] [RTSP source] 5 decode errors, last was: received RTP packet with unknown payload type: 50
2026/09/29 08:03:13 WAR [path cam_1e437edf] 108 processing errors, last was: invalid fragmentation unit (non-starting)
2026/09/29 08:03:14 WAR [path cam_3059f25c] [RTSP source] 5 decode errors, last was: received RTP packet with unknown payload type: 50
2026/09/29 08:03:14 WAR [path cam_5064cd2c] [RTSP source] 5 decode errors, last was: received RTP packet with unknown payload type: 50
2026/09/29 08:03:15 WAR [path cam_3059f25c] [RTSP source] 5 decode errors, last was: received RTP packet with unknown payload type: 50
2026/09/29 08:03:15 WAR [path cam_5064cd2c] [RTSP source] 5 decode errors, last was: received RTP packet with unknown payload type: 50
2026/09/29 08:03:16 WAR [path cam_5064cd2c] [RTSP source] 5 decode errors, last was: received RTP packet with unknown payload type: 50
2026/09/29 08:03:16 WAR [path cam_3059f25c] [RTSP source] 5 decode errors, last was: received RTP packet with unknown payload type: 50
2026/09/29 08:03:17 WAR [path cam_5064cd2c] [RTSP source] 5 decode errors, last was: received RTP packet with unknown payload type: 50
2026/09/29 08:03:17 WAR [path cam_3059f25c] [RTSP source] 5 decode errors, last was: received RTP packet with unknown payload type: 50
2026/09/29 08:03:18 WAR [path cam_3059f25c] [RTSP source] 5 decode errors, last was: received RTP packet with unknown payload type: 50
2026/09/29 08:03:18 WAR [path cam_5064cd2c] [RTSP source] 5 decode errors, last was: received RTP packet with unknown payload type: 50
2026/09/29 08:03:19 WAR [path cam_5064cd2c] [RTSP source] 5 decode errors, last was: received RTP packet with unknown payload type: 50
2026/09/29 08:03:19 WAR [path cam_3059f25c] [RTSP source] 5 decode errors, last was: received RTP packet with unknown payload type: 50
2026/09/29 08:03:20 WAR [path cam_3059f25c] [RTSP source] 5 decode errors, last was: received RTP packet with unknown payload type: 50
2026/09/29 08:03:20 WAR [path cam_5064cd2c] [RTSP source] 5 decode errors, last was: received RTP packet with unknown payload type: 50
2026/09/29 08:03:21 WAR [path cam_5064cd2c] [RTSP source] 5 decode errors, last was: received RTP packet with unknown payload type: 50
2026/09/29 08:03:21 WAR [path cam_3059f25c] [RTSP source] 5 decode errors, last was: received RTP packet with unknown payload type: 50
2026/09/29 08:03:22 WAR [path cam_3059f25c] [RTSP source] 5 decode errors, last was: received RTP packet with unknown payload type: 50
2026/09/29 08:03:22 WAR [path cam_5064cd2c] [RTSP source] 5 decode errors, last was: received RTP packet with unknown payload type: 50
2026/09/29 08:03:23 WAR [path cam_5064cd2c] [RTSP source] 5 decode errors, last was: received RTP packet with unknown payload type: 50
2026/09/29 08:03:23 WAR [path cam_3059f25c] [RTSP source] 5 decode errors, last was: received RTP packet with unknown payload type: 50
2026/09/29 08:03:24 WAR [path cam_3059f25c] [RTSP source] 5 decode errors, last was: received RTP packet with unknown payload type: 50
2026/09/29 08:03:24 WAR [path cam_5064cd2c] [RTSP source] 5 decode errors, last was: received RTP packet with unknown payload type: 50
2026/09/29 08:03:25 WAR [path cam_3059f25c] [RTSP source] 5 decode errors, last was: received RTP packet with unknown payload type: 50
2026/09/29 08:03:25 WAR [path cam_5064cd2c] [RTSP source] 5 decode errors, last was: received RTP packet with unknown payload type: 50
2026/09/29 08:03:26 WAR [path cam_3059f25c] [RTSP source] 5 decode errors, last was: received RTP packet with unknown payload type: 50
2026/09/29 08:03:26 WAR [path cam_5064cd2c] [RTSP source] 5 decode errors, last was: received RTP packet with unknown payload type: 50
2026/09/29 08:03:27 WAR [path cam_5064cd2c] [RTSP source] 5 decode errors, last was: received RTP packet with unknown payload type: 50
2026/09/29 08:03:27 WAR [path cam_3059f25c] [RTSP source] 5 decode errors, last was: received RTP packet with unknown payload type: 50
2026/09/29 08:03:28 WAR [path cam_3059f25c] [RTSP source] 5 decode errors, last was: received RTP packet with unknown payload type: 50
2026/09/29 08:03:28 WAR [path cam_5064cd2c] [RTSP source] 5 decode errors, last was: received RTP packet with unknown payload type: 50
2026/09/29 08:03:29 WAR [path cam_5064cd2c] [RTSP source] 5 decode errors, last was: received RTP packet with unknown payload type: 50
2026/09/29 08:03:29 WAR [path cam_3059f25c] [RTSP source] 5 decode errors, last was: received RTP packet with unknown payload type: 50
2026/09/29 08:03:30 WAR [path cam_3059f25c] [RTSP source] 5 decode errors, last was: received RTP packet with unknown payload type: 50
2026/09/29 08:03:30 WAR [path cam_5064cd2c] [RTSP source] 5 decode errors, last was: received RTP packet with unknown payload type: 50
2026/09/29 08:03:31 WAR [path cam_3059f25c] [RTSP source] 5 decode errors, last was: received RTP packet with unknown payload type: 50
2026/09/29 08:03:31 WAR [path cam_5064cd2c] [RTSP source] 5 decode errors, last was: received RTP packet with unknown payload type: 50
2026/09/29 08:03:32 WAR [path cam_3059f25c] [RTSP source] 5 decode errors, last was: received RTP packet with unknown payload type: 50
2026/09/29 08:03:32 WAR [path cam_5064cd2c] [RTSP source] 5 decode errors, last was: received RTP packet with unknown payload type: 50
2026/09/29 08:03:33 WAR [path cam_5064cd2c] [RTSP source] 5 decode errors, last was: received RTP packet with unknown payload type: 50
2026/09/29 08:03:33 WAR [path cam_3059f25c] [RTSP source] 5 decode errors, last was: received RTP packet with unknown payload type: 50
2026/09/29 08:03:34 WAR [path cam_3059f25c] [RTSP source] 5 decode errors, last was: received RTP packet with unknown payload type: 50
2026/09/29 08:03:34 WAR [path cam_5064cd2c] [RTSP source] 5 decode errors, last was: received RTP packet with unknown payload type: 50
2026/09/29 08:03:35 WAR [path cam_3059f25c] [RTSP source] 5 decode errors, last was: received RTP packet with unknown payload type: 50
2026/09/29 08:03:35 WAR [path cam_5064cd2c] [RTSP source] 5 decode errors, last was: received RTP packet with unknown payload type: 50
2026/09/29 08:03:36 WAR [path cam_5064cd2c] [RTSP source] 5 decode errors, last was: received RTP packet with unknown payload type: 50
2026/09/29 08:03:36 WAR [path cam_3059f25c] [RTSP source] 5 decode errors, last was: received RTP packet with unknown payload type: 50
2026/09/29 08:03:37 WAR [path cam_3059f25c] [RTSP source] 5 decode errors, last was: received RTP packet with unknown payload type: 50
2026/09/29 08:03:37 WAR [path cam_5064cd2c] [RTSP source] 5 decode errors, last was: received RTP packet with unknown payload type: 50
2026/09/29 08:03:38 WAR [path cam_5064cd2c] [RTSP source] 5 decode errors, last was: received RTP packet with unknown payload type: 50
2026/09/29 08:03:38 WAR [path cam_3059f25c] [RTSP source] 5 decode errors, last was: received RTP packet with unknown payload type: 50
2026/09/29 08:03:39 WAR [path cam_3059f25c] [RTSP source] 5 decode errors, last was: received RTP packet with unknown payload type: 50
2026/09/29 08:03:39 WAR [path cam_5064cd2c] [RTSP source] 5 decode errors, last was: received RTP packet with unknown payload type: 50
2026/09/29 08:03:40 WAR [path cam_5064cd2c] [RTSP source] 5 decode errors, last was: received RTP packet with unknown payload type: 50
2026/09/29 08:03:40 WAR [path cam_3059f25c] [RTSP source] 5 decode errors, last was: received RTP packet with unknown payload type: 50
2026/09/29 08:03:41 WAR [path cam_5064cd2c] [RTSP source] 5 decode errors, last was: received RTP packet with unknown payload type: 50
2026/09/29 08:03:41 WAR [path cam_3059f25c] [RTSP source] 5 decode errors, last was: received RTP packet with unknown payload type: 50
2026/09/29 08:03:42 WAR [path cam_5064cd2c] [RTSP source] 5 decode errors, last was: received RTP packet with unknown payload type: 50
2026/09/29 08:03:42 WAR [path cam_3059f25c] [RTSP source] 5 decode errors, last was: received RTP packet with unknown payload type: 50
2026/09/29 08:03:43 WAR [path cam_5064cd2c] [RTSP source] 5 decode errors, last was: received RTP packet with unknown payload type: 50
2026/09/29 08:03:43 WAR [path cam_3059f25c] [RTSP source] 5 decode errors, last was: received RTP packet with unknown payload type: 50
2026/09/29 08:03:44 WAR [path cam_5064cd2c] [RTSP source] 5 decode errors, last was: received RTP packet with unknown payload type: 50
2026/09/29 08:03:44 WAR [path cam_3059f25c] [RTSP source] 5 decode errors, last was: received RTP packet with unknown payload type: 50
2026/09/29 08:03:45 WAR [path cam_3059f25c] [RTSP source] 5 decode errors, last was: received RTP packet with unknown payload type: 50
2026/09/29 08:03:45 WAR [path cam_5064cd2c] [RTSP source] 5 decode errors, last was: received RTP packet with unknown payload type: 50
2026/09/29 08:03:46 WAR [path cam_5064cd2c] [RTSP source] 5 decode errors, last was: received RTP packet with unknown payload type: 50
2026/09/29 08:03:46 WAR [path cam_3059f25c] [RTSP source] 5 decode errors, last was: received RTP packet with unknown payload type: 50
2026/09/29 08:03:47 WAR [path cam_3059f25c] [RTSP source] 5 decode errors, last was: received RTP packet with unknown payload type: 50
2026/09/29 08:03:47 WAR [path cam_5064cd2c] [RTSP source] 5 decode errors, last was: received RTP packet with unknown payload type: 50
2026/09/29 08:03:48 WAR [path cam_3059f25c] [RTSP source] 5 decode errors, last was: received RTP packet with unknown payload type: 50
2026/09/29 08:03:48 WAR [path cam_5064cd2c] [RTSP source] 5 decode errors, last was: received RTP packet with unknown payload type: 50
2026/09/29 08:03:49 WAR [path cam_3059f25c] [RTSP source] 5 decode errors, last was: received RTP packet with unknown payload type: 50
2026/09/29 08:03:49 WAR [path cam_5064cd2c] [RTSP source] 5 decode errors, last was: received RTP packet with unknown payload type: 50
2026/09/29 08:03:50 WAR [path cam_5064cd2c] [RTSP source] 5 decode errors, last was: received RTP packet with unknown payload type: 50
2026/09/29 08:03:50 WAR [path cam_3059f25c] [RTSP source] 5 decode errors, last was: received RTP packet with unknown payload type: 50
2026/09/29 08:03:50 WAR [path cam_5064cd2c] [RTSP source] 2 RTP packets lost
2026/09/29 08:03:50 WAR [path cam_5064cd2c] 19 processing errors, last was: invalid fragmentation unit (non-starting)
2026/09/29 08:03:51 WAR [path cam_3059f25c] [RTSP source] 5 decode errors, last was: received RTP packet with unknown payload type: 50
2026/09/29 08:03:51 WAR [path cam_5064cd2c] [RTSP source] 5 decode errors, last was: received RTP packet with unknown payload type: 50
2026/09/29 08:03:52 WAR [path cam_5064cd2c] [RTSP source] 5 decode errors, last was: received RTP packet with unknown payload type: 50
2026/09/29 08:03:52 WAR [path cam_3059f25c] [RTSP source] 5 decode errors, last was: received RTP packet with unknown payload type: 50
2026/09/29 08:03:53 WAR [path cam_3059f25c] [RTSP source] 5 decode errors, last was: received RTP packet with unknown payload type: 50
2026/09/29 08:03:53 WAR [path cam_5064cd2c] [RTSP source] 5 decode errors, last was: received RTP packet with unknown payload type: 50
2026/09/29 08:03:54 WAR [path cam_5064cd2c] [RTSP source] 5 decode errors, last was: received RTP packet with unknown payload type: 50
2026/09/29 08:03:54 WAR [path cam_3059f25c] [RTSP source] 5 decode errors, last was: received RTP packet with unknown payload type: 50
2026/09/29 08:03:55 WAR [path cam_5064cd2c] [RTSP source] 1 RTP packet lost
2026/09/29 08:03:55 WAR [path cam_3059f25c] [RTSP source] 5 decode errors, last was: received RTP packet with unknown payload type: 50
2026/09/29 08:03:55 WAR [path cam_5064cd2c] [RTSP source] 5 decode errors, last was: received RTP packet with unknown payload type: 50
2026/09/29 08:03:55 WAR [path cam_5064cd2c] 7 processing errors, last was: invalid fragmentation unit (non-starting)
2026/09/29 08:03:56 WAR [path cam_5064cd2c] [RTSP source] 5 decode errors, last was: received RTP packet with unknown payload type: 50
2026/09/29 08:03:56 WAR [path cam_3059f25c] [RTSP source] 5 decode errors, last was: received RTP packet with unknown payload type: 50
2026/09/29 08:03:57 WAR [path cam_5064cd2c] [RTSP source] 5 decode errors, last was: received RTP packet with unknown payload type: 50
2026/09/29 08:03:57 WAR [path cam_3059f25c] [RTSP source] 5 decode errors, last was: received RTP packet with unknown payload type: 50
2026/09/29 08:03:58 WAR [path cam_3059f25c] [RTSP source] 5 decode errors, last was: received RTP packet with unknown payload type: 50
2026/09/29 08:03:58 WAR [path cam_5064cd2c] [RTSP source] 5 decode errors, last was: received RTP packet with unknown payload type: 50
2026/09/29 08:03:59 WAR [path cam_3059f25c] [RTSP source] 5 decode errors, last was: received RTP packet with unknown payload type: 50
2026/09/29 08:03:59 WAR [path cam_5064cd2c] [RTSP source] 5 decode errors, last was: received RTP packet with unknown payload type: 50
2026/09/29 08:04:00 WAR [path cam_5064cd2c] [RTSP source] 5 decode errors, last was: received RTP packet with unknown payload type: 50
2026/09/29 08:04:00 WAR [path cam_3059f25c] [RTSP source] 5 decode errors, last was: received RTP packet with unknown payload type: 50
2026/09/29 08:04:01 WAR [path cam_5064cd2c] [RTSP source] 5 decode errors, last was: received RTP packet with unknown payload type: 50
2026/09/29 08:04:01 WAR [path cam_3059f25c] [RTSP source] 5 decode errors, last was: received RTP packet with unknown payload type: 50
2026/09/29 08:04:02 WAR [path cam_5064cd2c] [RTSP source] 5 decode errors, last was: received RTP packet with unknown payload type: 50
2026/09/29 08:04:02 WAR [path cam_3059f25c] [RTSP source] 5 decode errors, last was: received RTP packet with unknown payload type: 50
2026/09/29 08:04:03 WAR [path cam_5064cd2c] [RTSP source] 5 decode errors, last was: received RTP packet with unknown payload type: 50
2026/09/29 08:04:03 WAR [path cam_3059f25c] [RTSP source] 5 decode errors, last was: received RTP packet with unknown payload type: 50
2026/09/29 08:04:04 WAR [path cam_5064cd2c] [RTSP source] 5 decode errors, last was: received RTP packet with unknown payload type: 50
2026/09/29 08:04:04 WAR [path cam_3059f25c] [RTSP source] 5 decode errors, last was: received RTP packet with unknown payload type: 50
2026/09/29 08:04:05 WAR [path cam_5064cd2c] [RTSP source] 5 decode errors, last was: received RTP packet with unknown payload type: 50
2026/09/29 08:04:05 WAR [path cam_3059f25c] [RTSP source] 5 decode errors, last was: received RTP packet with unknown payload type: 50
2026/09/29 08:04:06 WAR [path cam_3059f25c] [RTSP source] 5 decode errors, last was: received RTP packet with unknown payload type: 50
2026/09/29 08:04:06 WAR [path cam_5064cd2c] [RTSP source] 5 decode errors, last was: received RTP packet with unknown payload type: 50
2026/09/29 08:04:07 WAR [path cam_3059f25c] [RTSP source] 5 decode errors, last was: received RTP packet with unknown payload type: 50
2026/09/29 08:04:07 WAR [path cam_5064cd2c] [RTSP source] 5 decode errors, last was: received RTP packet with unknown payload type: 50
2026/09/29 08:04:08 WAR [path cam_3059f25c] [RTSP source] 5 decode errors, last was: received RTP packet with unknown payload type: 50
2026/09/29 08:04:08 WAR [path cam_5064cd2c] [RTSP source] 5 decode errors, last was: received RTP packet with unknown payload type: 50
2026/09/29 08:04:09 WAR [path cam_3059f25c] [RTSP source] 5 decode errors, last was: received RTP packet with unknown payload type: 50
2026/09/29 08:04:09 WAR [path cam_5064cd2c] [RTSP source] 5 decode errors, last was: received RTP packet with unknown payload type: 50
2026/09/29 08:04:10 WAR [path cam_5064cd2c] [RTSP source] 5 decode errors, last was: received RTP packet with unknown payload type: 50
2026/09/29 08:04:10 WAR [path cam_3059f25c] [RTSP source] 5 decode errors, last was: received RTP packet with unknown payload type: 50
2026/09/29 08:04:11 WAR [path cam_3059f25c] [RTSP source] 5 decode errors, last was: received RTP packet with unknown payload type: 50
2026/09/29 08:04:11 WAR [path cam_5064cd2c] [RTSP source] 5 decode errors, last was: received RTP packet with unknown payload type: 50
2026/09/29 08:04:12 WAR [path cam_5064cd2c] [RTSP source] 5 decode errors, last was: received RTP packet with unknown payload type: 50
2026/09/29 08:04:12 WAR [path cam_3059f25c] [RTSP source] 5 decode errors, last was: received RTP packet with unknown payload type: 50
2026/09/29 08:04:13 WAR [path cam_3059f25c] [RTSP source] 5 decode errors, last was: received RTP packet with unknown payload type: 50
2026/09/29 08:04:13 WAR [path cam_5064cd2c] [RTSP source] 5 decode errors, last was: received RTP packet with unknown payload type: 50
2026/09/29 08:04:14 WAR [path cam_5064cd2c] [RTSP source] 5 decode errors, last was: received RTP packet with unknown payload type: 50
2026/09/29 08:04:14 WAR [path cam_3059f25c] [RTSP source] 5 decode errors, last was: received RTP packet with unknown payload type: 50
2026/09/29 08:04:14 WAR [path cam_1e437edf_sub] [RTSP source] 6 RTP packets lost
2026/09/29 08:04:15 WAR [path cam_3059f25c] [RTSP source] 5 decode errors, last was: received RTP packet with unknown payload type: 50
2026/09/29 08:04:15 WAR [path cam_5064cd2c] [RTSP source] 5 decode errors, last was: received RTP packet with unknown payload type: 50
2026/09/29 08:04:16 WAR [path cam_3059f25c] [RTSP source] 5 decode errors, last was: received RTP packet with unknown payload type: 50
2026/09/29 08:04:16 WAR [path cam_5064cd2c] [RTSP source] 5 decode errors, last was: received RTP packet with unknown payload type: 50
2026/09/29 08:04:17 WAR [path cam_5064cd2c] [RTSP source] 5 decode errors, last was: received RTP packet with unknown payload type: 50
2026/09/29 08:04:17 WAR [path cam_3059f25c] [RTSP source] 5 decode errors, last was: received RTP packet with unknown payload type: 50
2026/09/29 08:04:18 WAR [path cam_3059f25c] [RTSP source] 5 decode errors, last was: received RTP packet with unknown payload type: 50
2026/09/29 08:04:18 WAR [path cam_5064cd2c] [RTSP source] 5 decode errors, last was: received RTP packet with unknown payload type: 50
2026/09/29 08:04:19 WAR [path cam_3059f25c] [RTSP source] 5 decode errors, last was: received RTP packet with unknown payload type: 50
2026/09/29 08:04:19 WAR [path cam_5064cd2c] [RTSP source] 5 decode errors, last was: received RTP packet with unknown payload type: 50
2026/09/29 08:04:20 WAR [path cam_1e437edf_sub] [RTSP source] 2 RTP packets lost
2026/09/29 08:04:20 WAR [path cam_3059f25c] [RTSP source] 5 decode errors, last was: received RTP packet with unknown payload type: 50
2026/09/29 08:04:20 WAR [path cam_5064cd2c] [RTSP source] 5 decode errors, last was: received RTP packet with unknown payload type: 50
2026/09/29 08:04:21 WAR [path cam_3059f25c] [RTSP source] 5 decode errors, last was: received RTP packet with unknown payload type: 50
2026/09/29 08:04:21 WAR [path cam_5064cd2c] [RTSP source] 5 decode errors, last was: received RTP packet with unknown payload type: 50
2026/09/29 08:04:22 WAR [path cam_3059f25c] [RTSP source] 5 decode errors, last was: received RTP packet with unknown payload type: 50
2026/09/29 08:04:22 WAR [path cam_5064cd2c] [RTSP source] 5 decode errors, last was: received RTP packet with unknown payload type: 50
2026/09/29 08:04:23 WAR [path cam_5064cd2c] [RTSP source] 5 decode errors, last was: received RTP packet with unknown payload type: 50
2026/09/29 08:04:23 WAR [path cam_3059f25c] [RTSP source] 5 decode errors, last was: received RTP packet with unknown payload type: 50
2026/09/29 08:04:24 WAR [path cam_3059f25c] [RTSP source] 5 decode errors, last was: received RTP packet with unknown payload type: 50
2026/09/29 08:04:24 WAR [path cam_5064cd2c] [RTSP source] 5 decode errors, last was: received RTP packet with unknown payload type: 50
2026/09/29 08:04:25 WAR [path cam_5064cd2c] [RTSP source] 5 decode errors, last was: received RTP packet with unknown payload type: 50
2026/09/29 08:04:25 WAR [path cam_3059f25c] [RTSP source] 5 decode errors, last was: received RTP packet with unknown payload type: 50
2026/09/29 08:04:26 WAR [path cam_3059f25c] [RTSP source] 5 decode errors, last was: received RTP packet with unknown payload type: 50
2026/09/29 08:04:26 WAR [path cam_5064cd2c] [RTSP source] 5 decode errors, last was: received RTP packet with unknown payload type: 50
2026/09/29 08:04:27 WAR [path cam_5064cd2c] [RTSP source] 5 decode errors, last was: received RTP packet with unknown payload type: 50
2026/09/29 08:04:27 WAR [path cam_3059f25c] [RTSP source] 5 decode errors, last was: received RTP packet with unknown payload type: 50
2026/09/29 08:04:28 WAR [path cam_3059f25c] [RTSP source] 5 decode errors, last was: received RTP packet with unknown payload type: 50
2026/09/29 08:04:28 WAR [path cam_5064cd2c] [RTSP source] 5 decode errors, last was: received RTP packet with unknown payload type: 50
2026/09/29 08:04:29 WAR [path cam_3059f25c] [RTSP source] 5 decode errors, last was: received RTP packet with unknown payload type: 50
2026/09/29 08:04:29 WAR [path cam_5064cd2c] [RTSP source] 5 decode errors, last was: received RTP packet with unknown payload type: 50
2026/09/29 08:04:29 WAR [path cam_1e437edf] [RTSP source] 6 RTP packets lost
2026/09/29 08:04:30 WAR [path cam_5064cd2c] [RTSP source] 5 decode errors, last was: received RTP packet with unknown payload type: 50
2026/09/29 08:04:30 WAR [path cam_3059f25c] [RTSP source] 5 decode errors, last was: received RTP packet with unknown payload type: 50
2026/09/29 08:04:31 WAR [path cam_5064cd2c] [RTSP source] 5 decode errors, last was: received RTP packet with unknown payload type: 50
2026/09/29 08:04:31 WAR [path cam_3059f25c] [RTSP source] 5 decode errors, last was: received RTP packet with unknown payload type: 50
2026/09/29 08:04:32 WAR [path cam_5064cd2c] [RTSP source] 5 decode errors, last was: received RTP packet with unknown payload type: 50
2026/09/29 08:04:32 WAR [path cam_3059f25c] [RTSP source] 5 decode errors, last was: received RTP packet with unknown payload type: 50
2026/09/29 08:04:33 WAR [path cam_3059f25c] [RTSP source] 5 decode errors, last was: received RTP packet with unknown payload type: 50
2026/09/29 08:04:33 WAR [path cam_5064cd2c] [RTSP source] 5 decode errors, last was: received RTP packet with unknown payload type: 50
2026/09/29 08:04:34 WAR [path cam_5064cd2c] [RTSP source] 5 decode errors, last was: received RTP packet with unknown payload type: 50
2026/09/29 08:04:34 WAR [path cam_3059f25c] [RTSP source] 5 decode errors, last was: received RTP packet with unknown payload type: 50
2026/09/29 08:04:35 WAR [path cam_5064cd2c] [RTSP source] 5 decode errors, last was: received RTP packet with unknown payload type: 50
2026/09/29 08:04:35 WAR [path cam_3059f25c] [RTSP source] 5 decode errors, last was: received RTP packet with unknown payload type: 50
2026/09/29 08:04:36 WAR [path cam_5064cd2c] [RTSP source] 5 decode errors, last was: received RTP packet with unknown payload type: 50
2026/09/29 08:04:36 WAR [path cam_3059f25c] [RTSP source] 5 decode errors, last was: received RTP packet with unknown payload type: 50
2026/09/29 08:04:36 WAR [path cam_1e437edf] 47 processing errors, last was: invalid fragmentation unit (non-starting)
2026/09/29 08:04:37 WAR [path cam_3059f25c] [RTSP source] 5 decode errors, last was: received RTP packet with unknown payload type: 50
2026/09/29 08:04:37 WAR [path cam_5064cd2c] [RTSP source] 5 decode errors, last was: received RTP packet with unknown payload type: 50
2026/09/29 08:04:37 WAR [path cam_1e437edf] [RTSP source] 23 RTP packets lost
2026/09/29 08:04:38 WAR [path cam_3059f25c] [RTSP source] 5 decode errors, last was: received RTP packet with unknown payload type: 50
2026/09/29 08:04:38 WAR [path cam_5064cd2c] [RTSP source] 5 decode errors, last was: received RTP packet with unknown payload type: 50
2026/09/29 08:04:39 WAR [path cam_3059f25c] [RTSP source] 5 decode errors, last was: received RTP packet with unknown payload type: 50
2026/09/29 08:04:39 WAR [path cam_5064cd2c] [RTSP source] 5 decode errors, last was: received RTP packet with unknown payload type: 50
2026/09/29 08:04:39 WAR [path cam_1e437edf] [RTSP source] 11 RTP packets lost
2026/09/29 08:04:40 WAR [path cam_5064cd2c] [RTSP source] 5 decode errors, last was: received RTP packet with unknown payload type: 50
2026/09/29 08:04:40 WAR [path cam_3059f25c] [RTSP source] 5 decode errors, last was: received RTP packet with unknown payload type: 50
2026/09/29 08:04:40 WAR [path cam_1e437edf] 62 processing errors, last was: invalid fragmentation unit (non-starting)
2026/09/29 08:04:41 WAR [path cam_1e437edf] [RTSP source] 7 RTP packets lost
2026/09/29 08:04:41 WAR [path cam_5064cd2c] [RTSP source] 5 decode errors, last was: received RTP packet with unknown payload type: 50
2026/09/29 08:04:41 WAR [path cam_3059f25c] [RTSP source] 5 decode errors, last was: received RTP packet with unknown payload type: 50
2026/09/29 08:04:42 WAR [path cam_5064cd2c] [RTSP source] 5 decode errors, last was: received RTP packet with unknown payload type: 50
2026/09/29 08:04:42 WAR [path cam_3059f25c] [RTSP source] 5 decode errors, last was: received RTP packet with unknown payload type: 50
2026/09/29 08:04:43 WAR [path cam_3059f25c] [RTSP source] 5 decode errors, last was: received RTP packet with unknown payload type: 50
2026/09/29 08:04:43 WAR [path cam_5064cd2c] [RTSP source] 5 decode errors, last was: received RTP packet with unknown payload type: 50
2026/09/29 08:04:44 WAR [path cam_3059f25c] [RTSP source] 5 decode errors, last was: received RTP packet with unknown payload type: 50
2026/09/29 08:04:44 WAR [path cam_5064cd2c] [RTSP source] 5 decode errors, last was: received RTP packet with unknown payload type: 50
2026/09/29 08:04:45 WAR [path cam_5064cd2c] [RTSP source] 5 decode errors, last was: received RTP packet with unknown payload type: 50
2026/09/29 08:04:45 WAR [path cam_3059f25c] [RTSP source] 5 decode errors, last was: received RTP packet with unknown payload type: 50
2026/09/29 08:04:46 WAR [path cam_3059f25c] [RTSP source] 5 decode errors, last was: received RTP packet with unknown payload type: 50
2026/09/29 08:04:46 WAR [path cam_5064cd2c] [RTSP source] 5 decode errors, last was: received RTP packet with unknown payload type: 50
2026/09/29 08:04:47 WAR [path cam_5064cd2c] [RTSP source] 5 decode errors, last was: received RTP packet with unknown payload type: 50
2026/09/29 08:04:47 WAR [path cam_3059f25c] [RTSP source] 5 decode errors, last was: received RTP packet with unknown payload type: 50
2026/09/29 08:04:48 WAR [path cam_5064cd2c] [RTSP source] 5 decode errors, last was: received RTP packet with unknown payload type: 50
2026/09/29 08:04:48 WAR [path cam_3059f25c] [RTSP source] 5 decode errors, last was: received RTP packet with unknown payload type: 50
2026/09/29 08:04:49 WAR [path cam_5064cd2c] [RTSP source] 5 decode errors, last was: received RTP packet with unknown payload type: 50
2026/09/29 08:04:49 WAR [path cam_3059f25c] [RTSP source] 5 decode errors, last was: received RTP packet with unknown payload type: 50
2026/09/29 08:04:50 WAR [path cam_3059f25c] [RTSP source] 5 decode errors, last was: received RTP packet with unknown payload type: 50
2026/09/29 08:04:50 WAR [path cam_5064cd2c] [RTSP source] 5 decode errors, last was: received RTP packet with unknown payload type: 50
2026/09/29 08:04:51 WAR [path cam_3059f25c] [RTSP source] 5 decode errors, last was: received RTP packet with unknown payload type: 50
2026/09/29 08:04:51 WAR [path cam_5064cd2c] [RTSP source] 5 decode errors, last was: received RTP packet with unknown payload type: 50
2026/09/29 08:04:52 WAR [path cam_5064cd2c] [RTSP source] 5 decode errors, last was: received RTP packet with unknown payload type: 50
2026/09/29 08:04:52 WAR [path cam_3059f25c] [RTSP source] 5 decode errors, last was: received RTP packet with unknown payload type: 50
2026/09/29 08:04:53 WAR [path cam_3059f25c] [RTSP source] 5 decode errors, last was: received RTP packet with unknown payload type: 50
2026/09/29 08:04:53 WAR [path cam_5064cd2c] [RTSP source] 5 decode errors, last was: received RTP packet with unknown payload type: 50
2026/09/29 08:04:54 WAR [path cam_3059f25c] [RTSP source] 5 decode errors, last was: received RTP packet with unknown payload type: 50
2026/09/29 08:04:54 WAR [path cam_5064cd2c] [RTSP source] 5 decode errors, last was: received RTP packet with unknown payload type: 50
2026/09/29 08:04:55 WAR [path cam_5064cd2c] [RTSP source] 5 decode errors, last was: received RTP packet with unknown payload type: 50
2026/09/29 08:04:55 WAR [path cam_3059f25c] [RTSP source] 5 decode errors, last was: received RTP packet with unknown payload type: 50
2026/09/29 08:04:56 WAR [path cam_3059f25c] [RTSP source] 5 decode errors, last was: received RTP packet with unknown payload type: 50
2026/09/29 08:04:56 WAR [path cam_5064cd2c] [RTSP source] 5 decode errors, last was: received RTP packet with unknown payload type: 50
2026/09/29 08:04:57 WAR [path cam_3059f25c] [RTSP source] 5 decode errors, last was: received RTP packet with unknown payload type: 50
2026/09/29 08:04:57 WAR [path cam_5064cd2c] [RTSP source] 5 decode errors, last was: received RTP packet with unknown payload type: 50
2026/09/29 08:04:58 WAR [path cam_3059f25c] [RTSP source] 5 decode errors, last was: received RTP packet with unknown payload type: 50
2026/09/29 08:04:58 WAR [path cam_5064cd2c] [RTSP source] 5 decode errors, last was: received RTP packet with unknown payload type: 50
2026/09/29 08:04:59 WAR [path cam_5064cd2c] [RTSP source] 5 decode errors, last was: received RTP packet with unknown payload type: 50
2026/09/29 08:04:59 WAR [path cam_3059f25c] [RTSP source] 5 decode errors, last was: received RTP packet with unknown payload type: 50
2026/09/29 08:05:00 WAR [path cam_5064cd2c] [RTSP source] 5 decode errors, last was: received RTP packet with unknown payload type: 50
2026/09/29 08:05:00 WAR [path cam_3059f25c] [RTSP source] 5 decode errors, last was: received RTP packet with unknown payload type: 50
2026/09/29 08:05:01 WAR [path cam_3059f25c] [RTSP source] 5 decode errors, last was: received RTP packet with unknown payload type: 50
2026/09/29 08:05:01 WAR [path cam_5064cd2c] [RTSP source] 5 decode errors, last was: received RTP packet with unknown payload type: 50
2026/09/29 08:05:02 WAR [path cam_5064cd2c] [RTSP source] 5 decode errors, last was: received RTP packet with unknown payload type: 50
2026/09/29 08:05:02 WAR [path cam_3059f25c] [RTSP source] 5 decode errors, last was: received RTP packet with unknown payload type: 50
2026/09/29 08:05:03 WAR [path cam_5064cd2c] [RTSP source] 5 decode errors, last was: received RTP packet with unknown payload type: 50
2026/09/29 08:05:03 WAR [path cam_3059f25c] [RTSP source] 5 decode errors, last was: received RTP packet with unknown payload type: 50
2026/09/29 08:05:04 WAR [path cam_3059f25c] [RTSP source] 5 decode errors, last was: received RTP packet with unknown payload type: 50
2026/09/29 08:05:04 WAR [path cam_5064cd2c] [RTSP source] 5 decode errors, last was: received RTP packet with unknown payload type: 50
2026/09/29 08:05:05 WAR [path cam_5064cd2c] [RTSP source] 5 decode errors, last was: received RTP packet with unknown payload type: 50
2026/09/29 08:05:05 WAR [path cam_3059f25c] [RTSP source] 5 decode errors, last was: received RTP packet with unknown payload type: 50
2026/09/29 08:05:06 WAR [path cam_3059f25c] [RTSP source] 5 decode errors, last was: received RTP packet with unknown payload type: 50
2026/09/29 08:05:06 WAR [path cam_5064cd2c] [RTSP source] 5 decode errors, last was: received RTP packet with unknown payload type: 50
2026/09/29 08:05:07 WAR [path cam_3059f25c] [RTSP source] 5 decode errors, last was: received RTP packet with unknown payload type: 50
2026/09/29 08:05:07 WAR [path cam_5064cd2c] [RTSP source] 5 decode errors, last was: received RTP packet with unknown payload type: 50
2026/09/29 08:05:08 WAR [path cam_3059f25c] [RTSP source] 5 decode errors, last was: received RTP packet with unknown payload type: 50
2026/09/29 08:05:08 WAR [path cam_5064cd2c] [RTSP source] 5 decode errors, last was: received RTP packet with unknown payload type: 50
2026/09/29 08:05:09 WAR [path cam_5064cd2c] [RTSP source] 5 decode errors, last was: received RTP packet with unknown payload type: 50
2026/09/29 08:05:09 WAR [path cam_3059f25c] [RTSP source] 5 decode errors, last was: received RTP packet with unknown payload type: 50
2026/09/29 08:05:10 WAR [path cam_5064cd2c] [RTSP source] 5 decode errors, last was: received RTP packet with unknown payload type: 50
2026/09/29 08:05:10 WAR [path cam_3059f25c] [RTSP source] 5 decode errors, last was: received RTP packet with unknown payload type: 50
2026/09/29 08:05:11 WAR [path cam_5064cd2c] [RTSP source] 5 decode errors, last was: received RTP packet with unknown payload type: 50
2026/09/29 08:05:11 WAR [path cam_3059f25c] [RTSP source] 5 decode errors, last was: received RTP packet with unknown payload type: 50
2026/09/29 08:05:12 WAR [path cam_5064cd2c] [RTSP source] 5 decode errors, last was: received RTP packet with unknown payload type: 50
2026/09/29 08:05:12 WAR [path cam_3059f25c] [RTSP source] 5 decode errors, last was: received RTP packet with unknown payload type: 50
2026/09/29 08:05:13 WAR [path cam_5064cd2c] [RTSP source] 5 decode errors, last was: received RTP packet with unknown payload type: 50
2026/09/29 08:05:13 WAR [path cam_3059f25c] [RTSP source] 5 decode errors, last was: received RTP packet with unknown payload type: 50
2026/09/29 08:05:14 WAR [path cam_5064cd2c] [RTSP source] 5 decode errors, last was: received RTP packet with unknown payload type: 50
2026/09/29 08:05:14 WAR [path cam_3059f25c] [RTSP source] 5 decode errors, last was: received RTP packet with unknown payload type: 50
2026/09/29 08:05:15 WAR [path cam_3059f25c] [RTSP source] 5 decode errors, last was: received RTP packet with unknown payload type: 50
2026/09/29 08:05:15 WAR [path cam_5064cd2c] [RTSP source] 5 decode errors, last was: received RTP packet with unknown payload type: 50
2026/09/29 08:05:16 WAR [path cam_5064cd2c] [RTSP source] 5 decode errors, last was: received RTP packet with unknown payload type: 50
2026/09/29 08:05:16 WAR [path cam_3059f25c] [RTSP source] 5 decode errors, last was: received RTP packet with unknown payload type: 50
2026/09/29 08:05:17 WAR [path cam_5064cd2c] [RTSP source] 5 decode errors, last was: received RTP packet with unknown payload type: 50
2026/09/29 08:05:17 WAR [path cam_3059f25c] [RTSP source] 5 decode errors, last was: received RTP packet with unknown payload type: 50
2026/09/29 08:05:18 WAR [path cam_3059f25c] [RTSP source] 5 decode errors, last was: received RTP packet with unknown payload type: 50
2026/09/29 08:05:18 WAR [path cam_5064cd2c] [RTSP source] 5 decode errors, last was: received RTP packet with unknown payload type: 50
2026/09/29 08:05:19 WAR [path cam_5064cd2c] [RTSP source] 5 decode errors, last was: received RTP packet with unknown payload type: 50
2026/09/29 08:05:19 WAR [path cam_3059f25c] [RTSP source] 5 decode errors, last was: received RTP packet with unknown payload type: 50
2026/09/29 08:05:20 WAR [path cam_3059f25c] [RTSP source] 5 decode errors, last was: received RTP packet with unknown payload type: 50
2026/09/29 08:05:20 WAR [path cam_5064cd2c] [RTSP source] 5 decode errors, last was: received RTP packet with unknown payload type: 50
2026/09/29 08:05:21 WAR [path cam_5064cd2c] [RTSP source] 5 decode errors, last was: received RTP packet with unknown payload type: 50
2026/09/29 08:05:21 WAR [path cam_3059f25c] [RTSP source] 5 decode errors, last was: received RTP packet with unknown payload type: 50
2026/09/29 08:05:22 WAR [path cam_5064cd2c] [RTSP source] 5 decode errors, last was: received RTP packet with unknown payload type: 50
2026/09/29 08:05:22 WAR [path cam_3059f25c] [RTSP source] 5 decode errors, last was: received RTP packet with unknown payload type: 50
2026/09/29 08:05:23 WAR [path cam_5064cd2c] [RTSP source] 5 decode errors, last was: received RTP packet with unknown payload type: 50
2026/09/29 08:05:23 WAR [path cam_3059f25c] [RTSP source] 5 decode errors, last was: received RTP packet with unknown payload type: 50
2026/09/29 08:05:24 WAR [path cam_5064cd2c] [RTSP source] 5 decode errors, last was: received RTP packet with unknown payload type: 50
2026/09/29 08:05:24 WAR [path cam_3059f25c] [RTSP source] 5 decode errors, last was: received RTP packet with unknown payload type: 50
2026/09/29 08:05:25 WAR [path cam_5064cd2c] [RTSP source] 5 decode errors, last was: received RTP packet with unknown payload type: 50
2026/09/29 08:05:25 WAR [path cam_3059f25c] [RTSP source] 5 decode errors, last was: received RTP packet with unknown payload type: 50
2026/09/29 08:05:26 WAR [path cam_3059f25c] [RTSP source] 5 decode errors, last was: received RTP packet with unknown payload type: 50
2026/09/29 08:05:26 WAR [path cam_5064cd2c] [RTSP source] 3 RTP packets lost
2026/09/29 08:05:26 WAR [path cam_5064cd2c] [RTSP source] 5 decode errors, last was: received RTP packet with unknown payload type: 50
2026/09/29 08:05:26 WAR [path cam_5064cd2c] 81 processing errors, last was: invalid fragmentation unit (non-starting)
2026/09/29 08:05:26 WAR [path cam_1e437edf] 3 processing errors, last was: invalid fragmentation unit (non-starting)
2026/09/29 08:05:27 WAR [path cam_1e437edf] [RTSP source] 34 RTP packets lost
2026/09/29 08:05:27 WAR [path cam_5064cd2c] [RTSP source] 5 decode errors, last was: received RTP packet with unknown payload type: 50
2026/09/29 08:05:27 WAR [path cam_3059f25c] [RTSP source] 5 decode errors, last was: received RTP packet with unknown payload type: 50
2026/09/29 08:05:28 WAR [path cam_3059f25c] [RTSP source] 5 decode errors, last was: received RTP packet with unknown payload type: 50
2026/09/29 08:05:28 WAR [path cam_5064cd2c] [RTSP source] 5 decode errors, last was: received RTP packet with unknown payload type: 50
2026/09/29 08:05:29 WAR [path cam_3059f25c] [RTSP source] 5 decode errors, last was: received RTP packet with unknown payload type: 50
2026/09/29 08:05:29 WAR [path cam_5064cd2c] [RTSP source] 5 decode errors, last was: received RTP packet with unknown payload type: 50
2026/09/29 08:05:30 WAR [path cam_5064cd2c] [RTSP source] 5 decode errors, last was: received RTP packet with unknown payload type: 50
2026/09/29 08:05:30 WAR [path cam_3059f25c] [RTSP source] 5 decode errors, last was: received RTP packet with unknown payload type: 50
2026/09/29 08:05:31 WAR [path cam_5064cd2c] [RTSP source] 5 decode errors, last was: received RTP packet with unknown payload type: 50
2026/09/29 08:05:31 WAR [path cam_3059f25c] [RTSP source] 5 decode errors, last was: received RTP packet with unknown payload type: 50
2026/09/29 08:05:32 WAR [path cam_5064cd2c] [RTSP source] 5 decode errors, last was: received RTP packet with unknown payload type: 50
2026/09/29 08:05:32 WAR [path cam_3059f25c] [RTSP source] 5 decode errors, last was: received RTP packet with unknown payload type: 50
2026/09/29 08:05:33 WAR [path cam_3059f25c] [RTSP source] 5 decode errors, last was: received RTP packet with unknown payload type: 50
2026/09/29 08:05:33 WAR [path cam_5064cd2c] [RTSP source] 5 decode errors, last was: received RTP packet with unknown payload type: 50
2026/09/29 08:05:34 WAR [path cam_5064cd2c] [RTSP source] 5 decode errors, last was: received RTP packet with unknown payload type: 50
2026/09/29 08:05:34 WAR [path cam_3059f25c] [RTSP source] 5 decode errors, last was: received RTP packet with unknown payload type: 50
2026/09/29 08:05:35 WAR [path cam_5064cd2c] [RTSP source] 5 decode errors, last was: received RTP packet with unknown payload type: 50
2026/09/29 08:05:35 WAR [path cam_3059f25c] [RTSP source] 5 decode errors, last was: received RTP packet with unknown payload type: 50
2026/09/29 08:05:36 WAR [path cam_3059f25c] [RTSP source] 5 decode errors, last was: received RTP packet with unknown payload type: 50
2026/09/29 08:05:36 WAR [path cam_5064cd2c] [RTSP source] 5 decode errors, last was: received RTP packet with unknown payload type: 50
2026/09/29 08:05:37 WAR [path cam_5064cd2c] [RTSP source] 5 decode errors, last was: received RTP packet with unknown payload type: 50
2026/09/29 08:05:37 WAR [path cam_3059f25c] [RTSP source] 5 decode errors, last was: received RTP packet with unknown payload type: 50
2026/09/29 08:05:38 WAR [path cam_5064cd2c] [RTSP source] 5 decode errors, last was: received RTP packet with unknown payload type: 50
2026/09/29 08:05:38 WAR [path cam_3059f25c] [RTSP source] 5 decode errors, last was: received RTP packet with unknown payload type: 50
2026/09/29 08:05:39 WAR [path cam_3059f25c] [RTSP source] 5 decode errors, last was: received RTP packet with unknown payload type: 50
2026/09/29 08:05:39 WAR [path cam_5064cd2c] [RTSP source] 5 decode errors, last was: received RTP packet with unknown payload type: 50
2026/09/29 08:05:40 WAR [path cam_5064cd2c] [RTSP source] 5 decode errors, last was: received RTP packet with unknown payload type: 50
2026/09/29 08:05:40 WAR [path cam_3059f25c] [RTSP source] 5 decode errors, last was: received RTP packet with unknown payload type: 50
2026/09/29 08:05:41 WAR [path cam_5064cd2c] [RTSP source] 5 decode errors, last was: received RTP packet with unknown payload type: 50
2026/09/29 08:05:41 WAR [path cam_3059f25c] [RTSP source] 5 decode errors, last was: received RTP packet with unknown payload type: 50
2026/09/29 08:05:42 WAR [path cam_3059f25c] [RTSP source] 5 decode errors, last was: received RTP packet with unknown payload type: 50
2026/09/29 08:05:42 WAR [path cam_5064cd2c] [RTSP source] 5 decode errors, last was: received RTP packet with unknown payload type: 50
2026/09/29 08:05:43 WAR [path cam_5064cd2c] [RTSP source] 5 decode errors, last was: received RTP packet with unknown payload type: 50
2026/09/29 08:05:43 WAR [path cam_3059f25c] [RTSP source] 5 decode errors, last was: received RTP packet with unknown payload type: 50
2026/09/29 08:05:44 WAR [path cam_5064cd2c] [RTSP source] 5 decode errors, last was: received RTP packet with unknown payload type: 50
2026/09/29 08:05:44 WAR [path cam_3059f25c] [RTSP source] 5 decode errors, last was: received RTP packet with unknown payload type: 50
2026/09/29 08:05:45 WAR [path cam_3059f25c] [RTSP source] 5 decode errors, last was: received RTP packet with unknown payload type: 50
2026/09/29 08:05:45 WAR [path cam_5064cd2c] [RTSP source] 5 decode errors, last was: received RTP packet with unknown payload type: 50
2026/09/29 08:05:46 WAR [path cam_5064cd2c] [RTSP source] 5 decode errors, last was: received RTP packet with unknown payload type: 50
2026/09/29 08:05:46 WAR [path cam_3059f25c] [RTSP source] 5 decode errors, last was: received RTP packet with unknown payload type: 50
2026/09/29 08:05:47 WAR [path cam_5064cd2c] [RTSP source] 5 decode errors, last was: received RTP packet with unknown payload type: 50
2026/09/29 08:05:47 WAR [path cam_3059f25c] [RTSP source] 5 decode errors, last was: received RTP packet with unknown payload type: 50
2026/09/29 08:05:48 WAR [path cam_3059f25c] [RTSP source] 5 decode errors, last was: received RTP packet with unknown payload type: 50
2026/09/29 08:05:48 WAR [path cam_5064cd2c] [RTSP source] 5 decode errors, last was: received RTP packet with unknown payload type: 50
2026/09/29 08:05:49 WAR [path cam_3059f25c] [RTSP source] 5 decode errors, last was: received RTP packet with unknown payload type: 50
2026/09/29 08:05:49 WAR [path cam_5064cd2c] [RTSP source] 5 decode errors, last was: received RTP packet with unknown payload type: 50
2026/09/29 08:05:50 WAR [path cam_5064cd2c] [RTSP source] 5 decode errors, last was: received RTP packet with unknown payload type: 50
2026/09/29 08:05:50 WAR [path cam_3059f25c] [RTSP source] 5 decode errors, last was: received RTP packet with unknown payload type: 50
2026/09/29 08:05:51 WAR [path cam_5064cd2c] [RTSP source] 5 decode errors, last was: received RTP packet with unknown payload type: 50
2026/09/29 08:05:51 WAR [path cam_3059f25c] [RTSP source] 5 decode errors, last was: received RTP packet with unknown payload type: 50
2026/09/29 08:05:52 WAR [path cam_5064cd2c] [RTSP source] 5 decode errors, last was: received RTP packet with unknown payload type: 50
2026/09/29 08:05:52 WAR [path cam_3059f25c] [RTSP source] 5 decode errors, last was: received RTP packet with unknown payload type: 50
2026/09/29 08:05:53 WAR [path cam_5064cd2c] [RTSP source] 5 decode errors, last was: received RTP packet with unknown payload type: 50
2026/09/29 08:05:53 WAR [path cam_3059f25c] [RTSP source] 5 decode errors, last was: received RTP packet with unknown payload type: 50
2026/09/29 08:05:54 WAR [path cam_5064cd2c] [RTSP source] 5 decode errors, last was: received RTP packet with unknown payload type: 50
2026/09/29 08:05:54 WAR [path cam_3059f25c] [RTSP source] 5 decode errors, last was: received RTP packet with unknown payload type: 50
2026/09/29 08:05:55 WAR [path cam_5064cd2c] [RTSP source] 5 decode errors, last was: received RTP packet with unknown payload type: 50
2026/09/29 08:05:55 WAR [path cam_3059f25c] [RTSP source] 5 decode errors, last was: received RTP packet with unknown payload type: 50
2026/09/29 08:05:56 WAR [path cam_3059f25c] [RTSP source] 5 decode errors, last was: received RTP packet with unknown payload type: 50
2026/09/29 08:05:56 WAR [path cam_5064cd2c] [RTSP source] 5 decode errors, last was: received RTP packet with unknown payload type: 50
2026/09/29 08:05:57 WAR [path cam_5064cd2c] [RTSP source] 5 decode errors, last was: received RTP packet with unknown payload type: 50
2026/09/29 08:05:57 WAR [path cam_3059f25c] [RTSP source] 5 decode errors, last was: received RTP packet with unknown payload type: 50
2026/09/29 08:05:58 WAR [path cam_3059f25c] [RTSP source] 5 decode errors, last was: received RTP packet with unknown payload type: 50
2026/09/29 08:05:58 WAR [path cam_5064cd2c] [RTSP source] 5 decode errors, last was: received RTP packet with unknown payload type: 50
2026/09/29 08:05:59 WAR [path cam_3059f25c] [RTSP source] 5 decode errors, last was: received RTP packet with unknown payload type: 50
2026/09/29 08:05:59 WAR [path cam_5064cd2c] [RTSP source] 5 decode errors, last was: received RTP packet with unknown payload type: 50
2026/09/29 08:06:00 WAR [path cam_3059f25c] [RTSP source] 5 decode errors, last was: received RTP packet with unknown payload type: 50
2026/09/29 08:06:00 WAR [path cam_5064cd2c] [RTSP source] 5 decode errors, last was: received RTP packet with unknown payload type: 50
2026/09/29 08:06:01 WAR [path cam_3059f25c] [RTSP source] 5 decode errors, last was: received RTP packet with unknown payload type: 50
2026/09/29 08:06:01 WAR [path cam_5064cd2c] [RTSP source] 5 decode errors, last was: received RTP packet with unknown payload type: 50
2026/09/29 08:06:02 WAR [path cam_3059f25c] [RTSP source] 5 decode errors, last was: received RTP packet with unknown payload type: 50
2026/09/29 08:06:02 WAR [path cam_5064cd2c] [RTSP source] 5 decode errors, last was: received RTP packet with unknown payload type: 50
2026/09/29 08:06:03 WAR [path cam_5064cd2c] [RTSP source] 5 decode errors, last was: received RTP packet with unknown payload type: 50
2026/09/29 08:06:03 WAR [path cam_3059f25c] [RTSP source] 5 decode errors, last was: received RTP packet with unknown payload type: 50
2026/09/29 08:06:04 WAR [path cam_5064cd2c] [RTSP source] 5 decode errors, last was: received RTP packet with unknown payload type: 50
2026/09/29 08:06:04 WAR [path cam_3059f25c] [RTSP source] 5 decode errors, last was: received RTP packet with unknown payload type: 50
2026/09/29 08:06:05 WAR [path cam_5064cd2c] [RTSP source] 5 decode errors, last was: received RTP packet with unknown payload type: 50
2026/09/29 08:06:05 WAR [path cam_3059f25c] [RTSP source] 5 decode errors, last was: received RTP packet with unknown payload type: 50
2026/09/29 08:06:06 WAR [path cam_5064cd2c] [RTSP source] 5 decode errors, last was: received RTP packet with unknown payload type: 50
2026/09/29 08:06:06 WAR [path cam_3059f25c] [RTSP source] 5 decode errors, last was: received RTP packet with unknown payload type: 50
2026/09/29 08:06:07 WAR [path cam_5064cd2c] [RTSP source] 5 decode errors, last was: received RTP packet with unknown payload type: 50
2026/09/29 08:06:07 WAR [path cam_3059f25c] [RTSP source] 5 decode errors, last was: received RTP packet with unknown payload type: 50
2026/09/29 08:06:08 WAR [path cam_3059f25c] [RTSP source] 5 decode errors, last was: received RTP packet with unknown payload type: 50
2026/09/29 08:06:08 WAR [path cam_5064cd2c] [RTSP source] 6 decode errors, last was: received RTP packet with unknown payload type: 50
2026/09/29 08:06:09 WAR [path cam_5064cd2c] [RTSP source] 4 decode errors, last was: received RTP packet with unknown payload type: 50
2026/09/29 08:06:09 WAR [path cam_3059f25c] [RTSP source] 5 decode errors, last was: received RTP packet with unknown payload type: 50
2026/09/29 08:06:10 WAR [path cam_5064cd2c] [RTSP source] 5 decode errors, last was: received RTP packet with unknown payload type: 50
2026/09/29 08:06:10 WAR [path cam_3059f25c] [RTSP source] 5 decode errors, last was: received RTP packet with unknown payload type: 50
2026/09/29 08:06:11 WAR [path cam_5064cd2c] [RTSP source] 5 decode errors, last was: received RTP packet with unknown payload type: 50
2026/09/29 08:06:11 WAR [path cam_3059f25c] [RTSP source] 5 decode errors, last was: received RTP packet with unknown payload type: 50
2026/09/29 08:06:12 WAR [path cam_5064cd2c] [RTSP source] 6 decode errors, last was: received RTP packet with unknown payload type: 50
2026/09/29 08:06:12 WAR [path cam_3059f25c] [RTSP source] 5 decode errors, last was: received RTP packet with unknown payload type: 50
2026/09/29 08:06:13 WAR [path cam_5064cd2c] [RTSP source] 4 decode errors, last was: received RTP packet with unknown payload type: 50
2026/09/29 08:06:13 WAR [path cam_3059f25c] [RTSP source] 5 decode errors, last was: received RTP packet with unknown payload type: 50
2026/09/29 08:06:14 WAR [path cam_5064cd2c] [RTSP source] 6 decode errors, last was: received RTP packet with unknown payload type: 50
2026/09/29 08:06:14 WAR [path cam_3059f25c] [RTSP source] 5 decode errors, last was: received RTP packet with unknown payload type: 50
2026/09/29 08:06:15 WAR [path cam_3059f25c] [RTSP source] 5 decode errors, last was: received RTP packet with unknown payload type: 50
2026/09/29 08:06:15 WAR [path cam_5064cd2c] [RTSP source] 5 decode errors, last was: received RTP packet with unknown payload type: 50
2026/09/29 08:06:16 WAR [path cam_3059f25c] [RTSP source] 5 decode errors, last was: received RTP packet with unknown payload type: 50
2026/09/29 08:06:16 WAR [path cam_5064cd2c] [RTSP source] 4 decode errors, last was: received RTP packet with unknown payload type: 50
2026/09/29 08:06:17 WAR [path cam_5064cd2c] [RTSP source] 6 decode errors, last was: received RTP packet with unknown payload type: 50
2026/09/29 08:06:17 WAR [path cam_3059f25c] [RTSP source] 5 decode errors, last was: received RTP packet with unknown payload type: 50
2026/09/29 08:06:18 WAR [path cam_5064cd2c] [RTSP source] 5 decode errors, last was: received RTP packet with unknown payload type: 50
2026/09/29 08:06:18 WAR [path cam_3059f25c] [RTSP source] 5 decode errors, last was: received RTP packet with unknown payload type: 50
2026/09/29 08:06:19 WAR [path cam_5064cd2c] [RTSP source] 4 decode errors, last was: received RTP packet with unknown payload type: 50
2026/09/29 08:06:19 WAR [path cam_3059f25c] [RTSP source] 5 decode errors, last was: received RTP packet with unknown payload type: 50
2026/09/29 08:06:20 WAR [path cam_5064cd2c] [RTSP source] 5 decode errors, last was: received RTP packet with unknown payload type: 50
2026/09/29 08:06:20 WAR [path cam_3059f25c] [RTSP source] 5 decode errors, last was: received RTP packet with unknown payload type: 50
2026/09/29 08:06:21 WAR [path cam_5064cd2c] [RTSP source] 5 decode errors, last was: received RTP packet with unknown payload type: 50
2026/09/29 08:06:21 WAR [path cam_3059f25c] [RTSP source] 5 decode errors, last was: received RTP packet with unknown payload type: 50
2026/09/29 08:06:22 WAR [path cam_5064cd2c] [RTSP source] 5 decode errors, last was: received RTP packet with unknown payload type: 50
2026/09/29 08:06:22 WAR [path cam_3059f25c] [RTSP source] 5 decode errors, last was: received RTP packet with unknown payload type: 50
2026/09/29 08:06:23 WAR [path cam_5064cd2c] [RTSP source] 6 decode errors, last was: received RTP packet with unknown payload type: 50
2026/09/29 08:06:23 WAR [path cam_3059f25c] [RTSP source] 5 decode errors, last was: received RTP packet with unknown payload type: 50
2026/09/29 08:06:24 WAR [path cam_3059f25c] [RTSP source] 5 decode errors, last was: received RTP packet with unknown payload type: 50
2026/09/29 08:06:24 WAR [path cam_5064cd2c] [RTSP source] 5 decode errors, last was: received RTP packet with unknown payload type: 50
2026/09/29 08:06:25 WAR [path cam_5064cd2c] [RTSP source] 5 decode errors, last was: received RTP packet with unknown payload type: 50
2026/09/29 08:06:25 WAR [path cam_3059f25c] [RTSP source] 5 decode errors, last was: received RTP packet with unknown payload type: 50
2026/09/29 08:06:26 WAR [path cam_5064cd2c] [RTSP source] 5 decode errors, last was: received RTP packet with unknown payload type: 50
2026/09/29 08:06:26 WAR [path cam_3059f25c] [RTSP source] 5 decode errors, last was: received RTP packet with unknown payload type: 50
2026/09/29 08:06:27 WAR [path cam_3059f25c] [RTSP source] 5 decode errors, last was: received RTP packet with unknown payload type: 50
2026/09/29 08:06:27 WAR [path cam_5064cd2c] [RTSP source] 5 decode errors, last was: received RTP packet with unknown payload type: 50
2026/09/29 08:06:28 WAR [path cam_5064cd2c] [RTSP source] 5 decode errors, last was: received RTP packet with unknown payload type: 50
2026/09/29 08:06:28 WAR [path cam_3059f25c] [RTSP source] 5 decode errors, last was: received RTP packet with unknown payload type: 50
2026/09/29 08:06:29 WAR [path cam_3059f25c] [RTSP source] 5 decode errors, last was: received RTP packet with unknown payload type: 50
2026/09/29 08:06:29 WAR [path cam_5064cd2c] [RTSP source] 5 decode errors, last was: received RTP packet with unknown payload type: 50
2026/09/29 08:06:30 WAR [path cam_5064cd2c] [RTSP source] 5 decode errors, last was: received RTP packet with unknown payload type: 50
2026/09/29 08:06:30 WAR [path cam_3059f25c] [RTSP source] 5 decode errors, last was: received RTP packet with unknown payload type: 50
2026/09/29 08:06:31 WAR [path cam_5064cd2c] [RTSP source] 4 decode errors, last was: received RTP packet with unknown payload type: 50
2026/09/29 08:06:31 WAR [path cam_3059f25c] [RTSP source] 5 decode errors, last was: received RTP packet with unknown payload type: 50
2026/09/29 08:06:32 WAR [path cam_5064cd2c] [RTSP source] 6 decode errors, last was: received RTP packet with unknown payload type: 50
2026/09/29 08:06:32 WAR [path cam_3059f25c] [RTSP source] 5 decode errors, last was: received RTP packet with unknown payload type: 50
2026/09/29 08:06:33 WAR [path cam_5064cd2c] [RTSP source] 5 decode errors, last was: received RTP packet with unknown payload type: 50
2026/09/29 08:06:33 WAR [path cam_3059f25c] [RTSP source] 5 decode errors, last was: received RTP packet with unknown payload type: 50
2026/09/29 08:06:34 WAR [path cam_3059f25c] [RTSP source] 5 decode errors, last was: received RTP packet with unknown payload type: 50
2026/09/29 08:06:34 WAR [path cam_5064cd2c] [RTSP source] 5 decode errors, last was: received RTP packet with unknown payload type: 50
2026/09/29 08:06:35 WAR [path cam_5064cd2c] [RTSP source] 5 decode errors, last was: received RTP packet with unknown payload type: 50
2026/09/29 08:06:35 WAR [path cam_3059f25c] [RTSP source] 5 decode errors, last was: received RTP packet with unknown payload type: 50
2026/09/29 08:06:36 WAR [path cam_3059f25c] [RTSP source] 5 decode errors, last was: received RTP packet with unknown payload type: 50
2026/09/29 08:06:36 WAR [path cam_5064cd2c] [RTSP source] 5 decode errors, last was: received RTP packet with unknown payload type: 50
2026/09/29 08:06:37 WAR [path cam_3059f25c] [RTSP source] 5 decode errors, last was: received RTP packet with unknown payload type: 50
2026/09/29 08:06:37 WAR [path cam_5064cd2c] [RTSP source] 5 decode errors, last was: received RTP packet with unknown payload type: 50
2026/09/29 08:06:38 WAR [path cam_5064cd2c] [RTSP source] 5 decode errors, last was: received RTP packet with unknown payload type: 50
2026/09/29 08:06:38 WAR [path cam_3059f25c] [RTSP source] 5 decode errors, last was: received RTP packet with unknown payload type: 50
2026/09/29 08:06:39 WAR [path cam_3059f25c] [RTSP source] 5 decode errors, last was: received RTP packet with unknown payload type: 50
2026/09/29 08:06:39 WAR [path cam_5064cd2c] [RTSP source] 5 decode errors, last was: received RTP packet with unknown payload type: 50
2026/09/29 08:06:40 WAR [path cam_5064cd2c] [RTSP source] 5 decode errors, last was: received RTP packet with unknown payload type: 50
2026/09/29 08:06:40 WAR [path cam_3059f25c] [RTSP source] 5 decode errors, last was: received RTP packet with unknown payload type: 50
2026/09/29 08:06:41 WAR [path cam_3059f25c] [RTSP source] 5 decode errors, last was: received RTP packet with unknown payload type: 50
2026/09/29 08:06:41 WAR [path cam_5064cd2c] [RTSP source] 5 decode errors, last was: received RTP packet with unknown payload type: 50
2026/09/29 08:06:42 WAR [path cam_3059f25c] [RTSP source] 5 decode errors, last was: received RTP packet with unknown payload type: 50
2026/09/29 08:06:42 WAR [path cam_5064cd2c] [RTSP source] 4 decode errors, last was: received RTP packet with unknown payload type: 50
2026/09/29 08:06:43 WAR [path cam_5064cd2c] [RTSP source] 6 decode errors, last was: received RTP packet with unknown payload type: 50
2026/09/29 08:06:43 WAR [path cam_3059f25c] [RTSP source] 5 decode errors, last was: received RTP packet with unknown payload type: 50
2026/09/29 08:06:44 WAR [path cam_3059f25c] [RTSP source] 5 decode errors, last was: received RTP packet with unknown payload type: 50
2026/09/29 08:06:44 WAR [path cam_5064cd2c] [RTSP source] 5 decode errors, last was: received RTP packet with unknown payload type: 50
2026/09/29 08:06:45 WAR [path cam_3059f25c] [RTSP source] 5 decode errors, last was: received RTP packet with unknown payload type: 50
2026/09/29 08:06:45 WAR [path cam_5064cd2c] [RTSP source] 5 decode errors, last was: received RTP packet with unknown payload type: 50
2026/09/29 08:06:46 WAR [path cam_5064cd2c] [RTSP source] 5 decode errors, last was: received RTP packet with unknown payload type: 50
2026/09/29 08:06:46 WAR [path cam_3059f25c] [RTSP source] 5 decode errors, last was: received RTP packet with unknown payload type: 50
2026/09/29 08:06:47 WAR [path cam_3059f25c] [RTSP source] 5 decode errors, last was: received RTP packet with unknown payload type: 50
2026/09/29 08:06:47 WAR [path cam_5064cd2c] [RTSP source] 5 decode errors, last was: received RTP packet with unknown payload type: 50
2026/09/29 08:06:48 WAR [path cam_3059f25c] [RTSP source] 5 decode errors, last was: received RTP packet with unknown payload type: 50
2026/09/29 08:06:48 WAR [path cam_5064cd2c] [RTSP source] 5 decode errors, last was: received RTP packet with unknown payload type: 50
2026/09/29 08:06:49 WAR [path cam_5064cd2c] [RTSP source] 5 decode errors, last was: received RTP packet with unknown payload type: 50
2026/09/29 08:06:49 WAR [path cam_3059f25c] [RTSP source] 5 decode errors, last was: received RTP packet with unknown payload type: 50
2026/09/29 08:06:50 WAR [path cam_3059f25c] [RTSP source] 5 decode errors, last was: received RTP packet with unknown payload type: 50
2026/09/29 08:06:50 WAR [path cam_5064cd2c] [RTSP source] 5 decode errors, last was: received RTP packet with unknown payload type: 50
2026/09/29 08:06:51 WAR [path cam_3059f25c] [RTSP source] 5 decode errors, last was: received RTP packet with unknown payload type: 50
2026/09/29 08:06:51 WAR [path cam_5064cd2c] [RTSP source] 5 decode errors, last was: received RTP packet with unknown payload type: 50
2026/09/29 08:06:52 WAR [path cam_3059f25c] [RTSP source] 5 decode errors, last was: received RTP packet with unknown payload type: 50
2026/09/29 08:06:52 WAR [path cam_5064cd2c] [RTSP source] 5 decode errors, last was: received RTP packet with unknown payload type: 50
2026/09/29 08:06:53 WAR [path cam_5064cd2c] [RTSP source] 5 decode errors, last was: received RTP packet with unknown payload type: 50
2026/09/29 08:06:53 WAR [path cam_3059f25c] [RTSP source] 5 decode errors, last was: received RTP packet with unknown payload type: 50
2026/09/29 08:06:54 WAR [path cam_3059f25c] [RTSP source] 5 decode errors, last was: received RTP packet with unknown payload type: 50
2026/09/29 08:06:54 WAR [path cam_5064cd2c] [RTSP source] 5 decode errors, last was: received RTP packet with unknown payload type: 50
2026/09/29 08:06:55 WAR [path cam_5064cd2c] [RTSP source] 4 decode errors, last was: received RTP packet with unknown payload type: 50
2026/09/29 08:06:55 WAR [path cam_3059f25c] [RTSP source] 5 decode errors, last was: received RTP packet with unknown payload type: 50
2026/09/29 08:06:56 WAR [path cam_3059f25c] [RTSP source] 5 decode errors, last was: received RTP packet with unknown payload type: 50
2026/09/29 08:06:56 WAR [path cam_5064cd2c] [RTSP source] 6 decode errors, last was: received RTP packet with unknown payload type: 50
2026/09/29 08:06:57 WAR [path cam_3059f25c] [RTSP source] 5 decode errors, last was: received RTP packet with unknown payload type: 50
2026/09/29 08:06:57 WAR [path cam_5064cd2c] [RTSP source] 5 decode errors, last was: received RTP packet with unknown payload type: 50
2026/09/29 08:06:58 WAR [path cam_3059f25c] [RTSP source] 5 decode errors, last was: received RTP packet with unknown payload type: 50
2026/09/29 08:06:58 WAR [path cam_5064cd2c] [RTSP source] 5 decode errors, last was: received RTP packet with unknown payload type: 50
2026/09/29 08:06:59 WAR [path cam_3059f25c] [RTSP source] 5 decode errors, last was: received RTP packet with unknown payload type: 50
2026/09/29 08:06:59 WAR [path cam_5064cd2c] [RTSP source] 5 decode errors, last was: received RTP packet with unknown payload type: 50
2026/09/29 08:07:00 WAR [path cam_5064cd2c] [RTSP source] 5 decode errors, last was: received RTP packet with unknown payload type: 50
2026/09/29 08:07:00 WAR [path cam_3059f25c] [RTSP source] 5 decode errors, last was: received RTP packet with unknown payload type: 50
2026/09/29 08:07:01 WAR [path cam_5064cd2c] [RTSP source] 5 decode errors, last was: received RTP packet with unknown payload type: 50
2026/09/29 08:07:01 WAR [path cam_3059f25c] [RTSP source] 5 decode errors, last was: received RTP packet with unknown payload type: 50
2026/09/29 08:07:02 WAR [path cam_5064cd2c] [RTSP source] 5 decode errors, last was: received RTP packet with unknown payload type: 50
2026/09/29 08:07:02 WAR [path cam_1e437edf] [RTSP source] 5 RTP packets lost
2026/09/29 08:07:02 WAR [path cam_3059f25c] [RTSP source] 5 decode errors, last was: received RTP packet with unknown payload type: 50
2026/09/29 08:07:02 WAR [path cam_1e437edf] 44 processing errors, last was: invalid fragmentation unit (non-starting)
2026/09/29 08:07:03 WAR [path cam_3059f25c] [RTSP source] 5 decode errors, last was: received RTP packet with unknown payload type: 50
2026/09/29 08:07:03 WAR [path cam_5064cd2c] [RTSP source] 5 decode errors, last was: received RTP packet with unknown payload type: 50
2026/09/29 08:07:04 WAR [path cam_1e437edf] [RTSP source] 16 RTP packets lost
2026/09/29 08:07:04 WAR [path cam_5064cd2c] [RTSP source] 5 decode errors, last was: received RTP packet with unknown payload type: 50
2026/09/29 08:07:04 WAR [path cam_3059f25c] [RTSP source] 5 decode errors, last was: received RTP packet with unknown payload type: 50
2026/09/29 08:07:04 WAR [path cam_1e437edf] 53 processing errors, last was: invalid fragmentation unit (non-starting)
2026/09/29 08:07:05 WAR [path cam_3059f25c] [RTSP source] 5 decode errors, last was: received RTP packet with unknown payload type: 50
2026/09/29 08:07:05 WAR [path cam_5064cd2c] [RTSP source] 5 decode errors, last was: received RTP packet with unknown payload type: 50
2026/09/29 08:07:06 WAR [path cam_3059f25c] [RTSP source] 5 decode errors, last was: received RTP packet with unknown payload type: 50
2026/09/29 08:07:06 WAR [path cam_5064cd2c] [RTSP source] 5 decode errors, last was: received RTP packet with unknown payload type: 50
2026/09/29 08:07:07 WAR [path cam_5064cd2c] [RTSP source] 5 decode errors, last was: received RTP packet with unknown payload type: 50
2026/09/29 08:07:07 WAR [path cam_5064cd2c] [RTSP source] 8 RTP packets lost
2026/09/29 08:07:07 WAR [path cam_3059f25c] [RTSP source] 5 decode errors, last was: received RTP packet with unknown payload type: 50
2026/09/29 08:07:07 WAR [path cam_5064cd2c] 93 processing errors, last was: invalid fragmentation unit (non-starting)
2026/09/29 08:07:08 WAR [path cam_5064cd2c] [RTSP source] 5 decode errors, last was: received RTP packet with unknown payload type: 50
2026/09/29 08:07:08 WAR [path cam_3059f25c] [RTSP source] 5 decode errors, last was: received RTP packet with unknown payload type: 50
2026/09/29 08:07:09 ERR [path cam_1e437edf] [recorder] detected drift between recording duration and absolute time, resetting
2026/09/29 08:07:09 WAR [path cam_3059f25c] [RTSP source] 5 decode errors, last was: received RTP packet with unknown payload type: 50
2026/09/29 08:07:09 WAR [path cam_5064cd2c] [RTSP source] 5 decode errors, last was: received RTP packet with unknown payload type: 50
2026/09/29 08:07:10 WAR [path cam_3059f25c] [RTSP source] 5 decode errors, last was: received RTP packet with unknown payload type: 50
2026/09/29 08:07:10 WAR [path cam_5064cd2c] [RTSP source] 5 decode errors, last was: received RTP packet with unknown payload type: 50
2026/09/29 08:07:11 WAR [path cam_1e437edf] [recorder] skipping track 2 (Generic)
2026/09/29 08:07:11 INF [path cam_1e437edf] [recorder] recording 1 track (H265)
2026/09/29 08:07:11 WAR [path cam_5064cd2c] [RTSP source] 5 decode errors, last was: received RTP packet with unknown payload type: 50
2026/09/29 08:07:11 WAR [path cam_3059f25c] [RTSP source] 5 decode errors, last was: received RTP packet with unknown payload type: 50
2026/09/29 08:07:12 WAR [path cam_5064cd2c] [RTSP source] 5 decode errors, last was: received RTP packet with unknown payload type: 50
2026/09/29 08:07:12 WAR [path cam_3059f25c] [RTSP source] 5 decode errors, last was: received RTP packet with unknown payload type: 50
2026/09/29 08:07:13 WAR [path cam_3059f25c] [RTSP source] 5 decode errors, last was: received RTP packet with unknown payload type: 50
2026/09/29 08:07:13 WAR [path cam_5064cd2c] [RTSP source] 5 decode errors, last was: received RTP packet with unknown payload type: 50
2026/09/29 08:07:14 WAR [path cam_3059f25c] [RTSP source] 5 decode errors, last was: received RTP packet with unknown payload type: 50
2026/09/29 08:07:14 WAR [path cam_5064cd2c] [RTSP source] 5 decode errors, last was: received RTP packet with unknown payload type: 50
2026/09/29 08:07:15 WAR [path cam_5064cd2c] [RTSP source] 5 decode errors, last was: received RTP packet with unknown payload type: 50
2026/09/29 08:07:15 WAR [path cam_3059f25c] [RTSP source] 5 decode errors, last was: received RTP packet with unknown payload type: 50
2026/09/29 08:07:16 WAR [path cam_3059f25c] [RTSP source] 5 decode errors, last was: received RTP packet with unknown payload type: 50
2026/09/29 08:07:16 WAR [path cam_5064cd2c] [RTSP source] 5 decode errors, last was: received RTP packet with unknown payload type: 50
2026/09/29 08:07:17 WAR [path cam_5064cd2c] [RTSP source] 5 decode errors, last was: received RTP packet with unknown payload type: 50
2026/09/29 08:07:17 WAR [path cam_3059f25c] [RTSP source] 5 decode errors, last was: received RTP packet with unknown payload type: 50
2026/09/29 08:07:18 WAR [path cam_3059f25c] [RTSP source] 5 decode errors, last was: received RTP packet with unknown payload type: 50
2026/09/29 08:07:18 WAR [path cam_5064cd2c] [RTSP source] 5 decode errors, last was: received RTP packet with unknown payload type: 50
2026/09/29 08:07:19 WAR [path cam_3059f25c] [RTSP source] 5 decode errors, last was: received RTP packet with unknown payload type: 50
2026/09/29 08:07:19 WAR [path cam_5064cd2c] [RTSP source] 5 decode errors, last was: received RTP packet with unknown payload type: 50
2026/09/29 08:07:20 WAR [path cam_5064cd2c] [RTSP source] 5 decode errors, last was: received RTP packet with unknown payload type: 50
2026/09/29 08:07:20 WAR [path cam_3059f25c] [RTSP source] 5 decode errors, last was: received RTP packet with unknown payload type: 50
2026/09/29 08:07:21 WAR [path cam_3059f25c] [RTSP source] 5 decode errors, last was: received RTP packet with unknown payload type: 50
2026/09/29 08:07:21 WAR [path cam_5064cd2c] [RTSP source] 5 decode errors, last was: received RTP packet with unknown payload type: 50
2026/09/29 08:07:22 WAR [path cam_3059f25c] [RTSP source] 5 decode errors, last was: received RTP packet with unknown payload type: 50
2026/09/29 08:07:22 WAR [path cam_5064cd2c] [RTSP source] 5 decode errors, last was: received RTP packet with unknown payload type: 50
2026/09/29 08:07:23 WAR [path cam_3059f25c] [RTSP source] 5 decode errors, last was: received RTP packet with unknown payload type: 50
2026/09/29 08:07:23 WAR [path cam_5064cd2c] [RTSP source] 5 decode errors, last was: received RTP packet with unknown payload type: 50
2026/09/29 08:07:24 WAR [path cam_3059f25c] [RTSP source] 5 decode errors, last was: received RTP packet with unknown payload type: 50
2026/09/29 08:07:24 WAR [path cam_5064cd2c] [RTSP source] 7 RTP packets lost
2026/09/29 08:07:24 WAR [path cam_5064cd2c] [RTSP source] 5 decode errors, last was: received RTP packet with unknown payload type: 50
2026/09/29 08:07:24 WAR [path cam_5064cd2c] 68 processing errors, last was: invalid fragmentation unit (non-starting)
2026/09/29 08:07:25 WAR [path cam_3059f25c] [RTSP source] 5 decode errors, last was: received RTP packet with unknown payload type: 50
2026/09/29 08:07:25 WAR [path cam_5064cd2c] [RTSP source] 5 decode errors, last was: received RTP packet with unknown payload type: 50
2026/09/29 08:07:26 WAR [path cam_5064cd2c] [RTSP source] 5 decode errors, last was: received RTP packet with unknown payload type: 50
2026/09/29 08:07:26 WAR [path cam_3059f25c] [RTSP source] 5 decode errors, last was: received RTP packet with unknown payload type: 50
2026/09/29 08:07:26 WAR [path cam_1e437edf_sub] [RTSP source] 1 RTP packet lost
2026/09/29 08:07:27 WAR [path cam_3059f25c] [RTSP source] 5 decode errors, last was: received RTP packet with unknown payload type: 50
2026/09/29 08:07:27 WAR [path cam_5064cd2c] [RTSP source] 5 decode errors, last was: received RTP packet with unknown payload type: 50
2026/09/29 08:07:28 WAR [path cam_3059f25c] [RTSP source] 5 decode errors, last was: received RTP packet with unknown payload type: 50
2026/09/29 08:07:28 WAR [path cam_5064cd2c] [RTSP source] 5 decode errors, last was: received RTP packet with unknown payload type: 50
2026/09/29 08:07:29 WAR [path cam_3059f25c] [RTSP source] 5 decode errors, last was: received RTP packet with unknown payload type: 50
2026/09/29 08:07:29 WAR [path cam_5064cd2c] [RTSP source] 5 decode errors, last was: received RTP packet with unknown payload type: 50
2026/09/29 08:07:30 WAR [path cam_5064cd2c] [RTSP source] 5 decode errors, last was: received RTP packet with unknown payload type: 50
2026/09/29 08:07:30 WAR [path cam_3059f25c] [RTSP source] 5 decode errors, last was: received RTP packet with unknown payload type: 50
2026/09/29 08:07:31 WAR [path cam_5064cd2c] [RTSP source] 5 decode errors, last was: received RTP packet with unknown payload type: 50
2026/09/29 08:07:31 WAR [path cam_3059f25c] [RTSP source] 5 decode errors, last was: received RTP packet with unknown payload type: 50
2026/09/29 08:07:32 WAR [path cam_5064cd2c] [RTSP source] 5 decode errors, last was: received RTP packet with unknown payload type: 50
2026/09/29 08:07:32 WAR [path cam_3059f25c] [RTSP source] 5 decode errors, last was: received RTP packet with unknown payload type: 50
2026/09/29 08:07:33 WAR [path cam_3059f25c] [RTSP source] 5 decode errors, last was: received RTP packet with unknown payload type: 50
2026/09/29 08:07:33 WAR [path cam_5064cd2c] [RTSP source] 5 decode errors, last was: received RTP packet with unknown payload type: 50
2026/09/29 08:07:34 WAR [path cam_5064cd2c] [RTSP source] 5 decode errors, last was: received RTP packet with unknown payload type: 50
2026/09/29 08:07:34 WAR [path cam_3059f25c] [RTSP source] 5 decode errors, last was: received RTP packet with unknown payload type: 50
2026/09/29 08:07:34 WAR [path cam_1e437edf_sub] [RTSP source] 1 RTP packet lost
2026/09/29 08:07:35 WAR [path cam_5064cd2c] [RTSP source] 5 decode errors, last was: received RTP packet with unknown payload type: 50
2026/09/29 08:07:35 WAR [path cam_3059f25c] [RTSP source] 5 decode errors, last was: received RTP packet with unknown payload type: 50
2026/09/29 08:07:36 WAR [path cam_5064cd2c] [RTSP source] 5 decode errors, last was: received RTP packet with unknown payload type: 50
2026/09/29 08:07:36 WAR [path cam_3059f25c] [RTSP source] 5 decode errors, last was: received RTP packet with unknown payload type: 50
2026/09/29 08:07:37 WAR [path cam_5064cd2c] [RTSP source] 5 decode errors, last was: received RTP packet with unknown payload type: 50
2026/09/29 08:07:37 WAR [path cam_3059f25c] [RTSP source] 5 decode errors, last was: received RTP packet with unknown payload type: 50
2026/09/29 08:07:38 WAR [path cam_5064cd2c] [RTSP source] 5 decode errors, last was: received RTP packet with unknown payload type: 50
2026/09/29 08:07:38 WAR [path cam_3059f25c] [RTSP source] 5 decode errors, last was: received RTP packet with unknown payload type: 50
2026/09/29 08:07:39 WAR [path cam_5064cd2c] [RTSP source] 5 decode errors, last was: received RTP packet with unknown payload type: 50
2026/09/29 08:07:39 WAR [path cam_3059f25c] [RTSP source] 5 decode errors, last was: received RTP packet with unknown payload type: 50
2026/09/29 08:07:40 WAR [path cam_3059f25c] [RTSP source] 5 decode errors, last was: received RTP packet with unknown payload type: 50
2026/09/29 08:07:40 WAR [path cam_5064cd2c] [RTSP source] 5 decode errors, last was: received RTP packet with unknown payload type: 50
2026/09/29 08:07:41 WAR [path cam_5064cd2c] [RTSP source] 5 decode errors, last was: received RTP packet with unknown payload type: 50
2026/09/29 08:07:41 WAR [path cam_3059f25c] [RTSP source] 5 decode errors, last was: received RTP packet with unknown payload type: 50
2026/09/29 08:07:42 WAR [path cam_5064cd2c] [RTSP source] 5 decode errors, last was: received RTP packet with unknown payload type: 50
2026/09/29 08:07:42 WAR [path cam_3059f25c] [RTSP source] 5 decode errors, last was: received RTP packet with unknown payload type: 50
2026/09/29 08:07:43 WAR [path cam_5064cd2c] [RTSP source] 5 decode errors, last was: received RTP packet with unknown payload type: 50
2026/09/29 08:07:43 WAR [path cam_3059f25c] [RTSP source] 5 decode errors, last was: received RTP packet with unknown payload type: 50
2026/09/29 08:07:44 WAR [path cam_5064cd2c] [RTSP source] 5 decode errors, last was: received RTP packet with unknown payload type: 50
2026/09/29 08:07:44 WAR [path cam_3059f25c] [RTSP source] 5 decode errors, last was: received RTP packet with unknown payload type: 50
2026/09/29 08:07:45 WAR [path cam_5064cd2c] [RTSP source] 5 decode errors, last was: received RTP packet with unknown payload type: 50
2026/09/29 08:07:45 WAR [path cam_3059f25c] [RTSP source] 5 decode errors, last was: received RTP packet with unknown payload type: 50
2026/09/29 08:07:46 WAR [path cam_5064cd2c] [RTSP source] 5 decode errors, last was: received RTP packet with unknown payload type: 50
2026/09/29 08:07:46 WAR [path cam_3059f25c] [RTSP source] 5 decode errors, last was: received RTP packet with unknown payload type: 50
2026/09/29 08:07:46 WAR [path cam_5064cd2c] [RTSP source] 1 RTP packet lost
2026/09/29 08:07:46 WAR [path cam_5064cd2c] 11 processing errors, last was: invalid fragmentation unit (non-starting)
2026/09/29 08:07:47 WAR [path cam_5064cd2c] [RTSP source] 5 decode errors, last was: received RTP packet with unknown payload type: 50
2026/09/29 08:07:47 WAR [path cam_3059f25c] [RTSP source] 5 decode errors, last was: received RTP packet with unknown payload type: 50
2026/09/29 08:07:48 WAR [path cam_5064cd2c] [RTSP source] 5 decode errors, last was: received RTP packet with unknown payload type: 50
2026/09/29 08:07:48 WAR [path cam_3059f25c] [RTSP source] 5 decode errors, last was: received RTP packet with unknown payload type: 50
2026/09/29 08:07:49 WAR [path cam_5064cd2c] [RTSP source] 5 decode errors, last was: received RTP packet with unknown payload type: 50
2026/09/29 08:07:49 WAR [path cam_3059f25c] [RTSP source] 5 decode errors, last was: received RTP packet with unknown payload type: 50
2026/09/29 08:07:50 WAR [path cam_3059f25c] [RTSP source] 5 decode errors, last was: received RTP packet with unknown payload type: 50
2026/09/29 08:07:50 WAR [path cam_5064cd2c] [RTSP source] 5 decode errors, last was: received RTP packet with unknown payload type: 50
2026/09/29 08:07:51 WAR [path cam_3059f25c] [RTSP source] 5 decode errors, last was: received RTP packet with unknown payload type: 50
2026/09/29 08:07:51 WAR [path cam_5064cd2c] [RTSP source] 5 decode errors, last was: received RTP packet with unknown payload type: 50
2026/09/29 08:07:52 WAR [path cam_5064cd2c] [RTSP source] 5 decode errors, last was: received RTP packet with unknown payload type: 50
2026/09/29 08:07:52 WAR [path cam_3059f25c] [RTSP source] 5 decode errors, last was: received RTP packet with unknown payload type: 50
2026/09/29 08:07:53 WAR [path cam_3059f25c] [RTSP source] 5 decode errors, last was: received RTP packet with unknown payload type: 50
2026/09/29 08:07:53 WAR [path cam_5064cd2c] [RTSP source] 5 decode errors, last was: received RTP packet with unknown payload type: 50
2026/09/29 08:07:53 WAR [path cam_1e437edf] 51 processing errors, last was: invalid fragmentation unit (non-starting)
2026/09/29 08:07:54 WAR [path cam_1e437edf] [RTSP source] 18 RTP packets lost
2026/09/29 08:07:54 WAR [path cam_5064cd2c] [RTSP source] 5 decode errors, last was: received RTP packet with unknown payload type: 50
2026/09/29 08:07:54 WAR [path cam_3059f25c] [RTSP source] 5 decode errors, last was: received RTP packet with unknown payload type: 50
2026/09/29 08:07:55 WAR [path cam_5064cd2c] [RTSP source] 5 decode errors, last was: received RTP packet with unknown payload type: 50
2026/09/29 08:07:55 WAR [path cam_3059f25c] [RTSP source] 5 decode errors, last was: received RTP packet with unknown payload type: 50
2026/09/29 08:07:56 WAR [path cam_3059f25c] [RTSP source] 5 decode errors, last was: received RTP packet with unknown payload type: 50
2026/09/29 08:07:56 WAR [path cam_5064cd2c] [RTSP source] 5 decode errors, last was: received RTP packet with unknown payload type: 50
2026/09/29 08:07:57 WAR [path cam_3059f25c] [RTSP source] 5 decode errors, last was: received RTP packet with unknown payload type: 50
2026/09/29 08:07:57 WAR [path cam_5064cd2c] [RTSP source] 5 decode errors, last was: received RTP packet with unknown payload type: 50
2026/09/29 08:07:58 WAR [path cam_5064cd2c] [RTSP source] 5 decode errors, last was: received RTP packet with unknown payload type: 50
2026/09/29 08:07:58 WAR [path cam_3059f25c] [RTSP source] 5 decode errors, last was: received RTP packet with unknown payload type: 50
2026/09/29 08:07:59 WAR [path cam_5064cd2c] [RTSP source] 5 decode errors, last was: received RTP packet with unknown payload type: 50
2026/09/29 08:07:59 WAR [path cam_3059f25c] [RTSP source] 5 decode errors, last was: received RTP packet with unknown payload type: 50
2026/09/29 08:08:00 WAR [path cam_3059f25c] [RTSP source] 5 decode errors, last was: received RTP packet with unknown payload type: 50
2026/09/29 08:08:00 WAR [path cam_5064cd2c] [RTSP source] 5 decode errors, last was: received RTP packet with unknown payload type: 50
2026/09/29 08:08:01 WAR [path cam_3059f25c] [RTSP source] 5 decode errors, last was: received RTP packet with unknown payload type: 50
2026/09/29 08:08:01 WAR [path cam_5064cd2c] [RTSP source] 5 decode errors, last was: received RTP packet with unknown payload type: 50
2026/09/29 08:08:02 WAR [path cam_5064cd2c] [RTSP source] 5 decode errors, last was: received RTP packet with unknown payload type: 50
2026/09/29 08:08:02 WAR [path cam_3059f25c] [RTSP source] 5 decode errors, last was: received RTP packet with unknown payload type: 50
2026/09/29 08:08:03 WAR [path cam_5064cd2c] [RTSP source] 5 decode errors, last was: received RTP packet with unknown payload type: 50
2026/09/29 08:08:03 WAR [path cam_3059f25c] [RTSP source] 5 decode errors, last was: received RTP packet with unknown payload type: 50
2026/09/29 08:08:04 WAR [path cam_5064cd2c] [RTSP source] 5 decode errors, last was: received RTP packet with unknown payload type: 50
2026/09/29 08:08:04 WAR [path cam_3059f25c] [RTSP source] 5 decode errors, last was: received RTP packet with unknown payload type: 50
2026/09/29 08:08:05 WAR [path cam_5064cd2c] [RTSP source] 5 decode errors, last was: received RTP packet with unknown payload type: 50
2026/09/29 08:08:05 WAR [path cam_3059f25c] [RTSP source] 5 decode errors, last was: received RTP packet with unknown payload type: 50
2026/09/29 08:08:06 WAR [path cam_5064cd2c] [RTSP source] 5 decode errors, last was: received RTP packet with unknown payload type: 50
2026/09/29 08:08:06 WAR [path cam_3059f25c] [RTSP source] 5 decode errors, last was: received RTP packet with unknown payload type: 50
2026/09/29 08:08:07 WAR [path cam_3059f25c] [RTSP source] 5 decode errors, last was: received RTP packet with unknown payload type: 50
2026/09/29 08:08:07 WAR [path cam_5064cd2c] [RTSP source] 5 decode errors, last was: received RTP packet with unknown payload type: 50
2026/09/29 08:08:08 WAR [path cam_5064cd2c] [RTSP source] 5 decode errors, last was: received RTP packet with unknown payload type: 50
2026/09/29 08:08:08 WAR [path cam_3059f25c] [RTSP source] 5 decode errors, last was: received RTP packet with unknown payload type: 50
2026/09/29 08:08:09 WAR [path cam_5064cd2c] [RTSP source] 5 decode errors, last was: received RTP packet with unknown payload type: 50
2026/09/29 08:08:09 WAR [path cam_3059f25c] [RTSP source] 5 decode errors, last was: received RTP packet with unknown payload type: 50
2026/09/29 08:08:10 WAR [path cam_5064cd2c] [RTSP source] 5 decode errors, last was: received RTP packet with unknown payload type: 50
2026/09/29 08:08:10 WAR [path cam_3059f25c] [RTSP source] 5 decode errors, last was: received RTP packet with unknown payload type: 50
2026/09/29 08:08:11 WAR [path cam_5064cd2c] [RTSP source] 5 decode errors, last was: received RTP packet with unknown payload type: 50
2026/09/29 08:08:11 WAR [path cam_3059f25c] [RTSP source] 5 decode errors, last was: received RTP packet with unknown payload type: 50
2026/09/29 08:08:12 WAR [path cam_5064cd2c] [RTSP source] 5 decode errors, last was: received RTP packet with unknown payload type: 50
2026/09/29 08:08:12 WAR [path cam_3059f25c] [RTSP source] 5 decode errors, last was: received RTP packet with unknown payload type: 50
2026/09/29 08:08:13 WAR [path cam_3059f25c] [RTSP source] 5 decode errors, last was: received RTP packet with unknown payload type: 50
2026/09/29 08:08:13 WAR [path cam_5064cd2c] [RTSP source] 5 decode errors, last was: received RTP packet with unknown payload type: 50
2026/09/29 08:08:14 WAR [path cam_5064cd2c] [RTSP source] 5 decode errors, last was: received RTP packet with unknown payload type: 50
2026/09/29 08:08:14 WAR [path cam_3059f25c] [RTSP source] 5 decode errors, last was: received RTP packet with unknown payload type: 50
2026/09/29 08:08:15 WAR [path cam_3059f25c] [RTSP source] 5 decode errors, last was: received RTP packet with unknown payload type: 50
2026/09/29 08:08:15 WAR [path cam_5064cd2c] [RTSP source] 5 decode errors, last was: received RTP packet with unknown payload type: 50
2026/09/29 08:08:16 WAR [path cam_3059f25c] [RTSP source] 5 decode errors, last was: received RTP packet with unknown payload type: 50
2026/09/29 08:08:16 WAR [path cam_5064cd2c] [RTSP source] 5 decode errors, last was: received RTP packet with unknown payload type: 50
2026/09/29 08:08:17 WAR [path cam_3059f25c] [RTSP source] 5 decode errors, last was: received RTP packet with unknown payload type: 50
2026/09/29 08:08:17 WAR [path cam_5064cd2c] [RTSP source] 5 decode errors, last was: received RTP packet with unknown payload type: 50
2026/09/29 08:08:18 WAR [path cam_5064cd2c] [RTSP source] 5 decode errors, last was: received RTP packet with unknown payload type: 50
2026/09/29 08:08:18 WAR [path cam_3059f25c] [RTSP source] 5 decode errors, last was: received RTP packet with unknown payload type: 50
2026/09/29 08:08:19 WAR [path cam_5064cd2c] [RTSP source] 5 decode errors, last was: received RTP packet with unknown payload type: 50
2026/09/29 08:08:19 WAR [path cam_3059f25c] [RTSP source] 5 decode errors, last was: received RTP packet with unknown payload type: 50
2026/09/29 08:08:20 WAR [path cam_5064cd2c] [RTSP source] 5 decode errors, last was: received RTP packet with unknown payload type: 50
2026/09/29 08:08:20 WAR [path cam_3059f25c] [RTSP source] 5 decode errors, last was: received RTP packet with unknown payload type: 50
2026/09/29 08:08:21 WAR [path cam_5064cd2c] [RTSP source] 5 decode errors, last was: received RTP packet with unknown payload type: 50
2026/09/29 08:08:21 WAR [path cam_3059f25c] [RTSP source] 5 decode errors, last was: received RTP packet with unknown payload type: 50
2026/09/29 08:08:22 WAR [path cam_5064cd2c] [RTSP source] 5 decode errors, last was: received RTP packet with unknown payload type: 50
2026/09/29 08:08:22 WAR [path cam_3059f25c] [RTSP source] 5 decode errors, last was: received RTP packet with unknown payload type: 50
2026/09/29 08:08:23 WAR [path cam_5064cd2c] [RTSP source] 5 decode errors, last was: received RTP packet with unknown payload type: 50
2026/09/29 08:08:23 WAR [path cam_3059f25c] [RTSP source] 5 decode errors, last was: received RTP packet with unknown payload type: 50
2026/09/29 08:08:24 WAR [path cam_5064cd2c] [RTSP source] 5 decode errors, last was: received RTP packet with unknown payload type: 50
2026/09/29 08:08:24 WAR [path cam_3059f25c] [RTSP source] 5 decode errors, last was: received RTP packet with unknown payload type: 50
2026/09/29 08:08:24 WAR [path cam_5064cd2c] [RTSP source] 1 RTP packet lost
2026/09/29 08:08:24 WAR [path cam_5064cd2c] 68 processing errors, last was: invalid fragmentation unit (non-starting)
2026/09/29 08:08:25 WAR [path cam_5064cd2c] [RTSP source] 5 decode errors, last was: received RTP packet with unknown payload type: 50
2026/09/29 08:08:25 WAR [path cam_3059f25c] [RTSP source] 5 decode errors, last was: received RTP packet with unknown payload type: 50
2026/09/29 08:08:25 WAR [path cam_1e437edf] 49 processing errors, last was: invalid fragmentation unit (non-starting)
2026/09/29 08:08:26 WAR [path cam_3059f25c] [RTSP source] 5 decode errors, last was: received RTP packet with unknown payload type: 50
2026/09/29 08:08:26 WAR [path cam_1e437edf] [RTSP source] 20 RTP packets lost
2026/09/29 08:08:26 WAR [path cam_5064cd2c] [RTSP source] 5 decode errors, last was: received RTP packet with unknown payload type: 50
2026/09/29 08:08:27 WAR [path cam_3059f25c] [RTSP source] 5 decode errors, last was: received RTP packet with unknown payload type: 50
2026/09/29 08:08:27 WAR [path cam_5064cd2c] [RTSP source] 5 decode errors, last was: received RTP packet with unknown payload type: 50
2026/09/29 08:08:28 WAR [path cam_3059f25c] [RTSP source] 5 decode errors, last was: received RTP packet with unknown payload type: 50
2026/09/29 08:08:28 WAR [path cam_5064cd2c] [RTSP source] 5 decode errors, last was: received RTP packet with unknown payload type: 50
2026/09/29 08:08:29 WAR [path cam_5064cd2c] [RTSP source] 5 decode errors, last was: received RTP packet with unknown payload type: 50
2026/09/29 08:08:29 WAR [path cam_3059f25c] [RTSP source] 5 decode errors, last was: received RTP packet with unknown payload type: 50
2026/09/29 08:08:30 WAR [path cam_5064cd2c] [RTSP source] 5 decode errors, last was: received RTP packet with unknown payload type: 50
2026/09/29 08:08:30 WAR [path cam_3059f25c] [RTSP source] 5 decode errors, last was: received RTP packet with unknown payload type: 50
2026/09/29 08:08:31 WAR [path cam_3059f25c] [RTSP source] 5 decode errors, last was: received RTP packet with unknown payload type: 50
2026/09/29 08:08:31 WAR [path cam_5064cd2c] [RTSP source] 5 decode errors, last was: received RTP packet with unknown payload type: 50
2026/09/29 08:08:32 WAR [path cam_5064cd2c] [RTSP source] 5 decode errors, last was: received RTP packet with unknown payload type: 50
2026/09/29 08:08:32 WAR [path cam_3059f25c] [RTSP source] 5 decode errors, last was: received RTP packet with unknown payload type: 50
2026/09/29 08:08:33 WAR [path cam_3059f25c] [RTSP source] 5 decode errors, last was: received RTP packet with unknown payload type: 50
2026/09/29 08:08:33 WAR [path cam_5064cd2c] [RTSP source] 5 decode errors, last was: received RTP packet with unknown payload type: 50
2026/09/29 08:08:34 WAR [path cam_3059f25c] [RTSP source] 5 decode errors, last was: received RTP packet with unknown payload type: 50
2026/09/29 08:08:34 WAR [path cam_5064cd2c] [RTSP source] 5 decode errors, last was: received RTP packet with unknown payload type: 50
2026/09/29 08:08:35 WAR [path cam_3059f25c] [RTSP source] 5 decode errors, last was: received RTP packet with unknown payload type: 50
2026/09/29 08:08:35 WAR [path cam_5064cd2c] [RTSP source] 5 decode errors, last was: received RTP packet with unknown payload type: 50
2026/09/29 08:08:36 WAR [path cam_5064cd2c] [RTSP source] 5 decode errors, last was: received RTP packet with unknown payload type: 50
2026/09/29 08:08:36 WAR [path cam_3059f25c] [RTSP source] 5 decode errors, last was: received RTP packet with unknown payload type: 50
2026/09/29 08:08:37 WAR [path cam_3059f25c] [RTSP source] 5 decode errors, last was: received RTP packet with unknown payload type: 50
2026/09/29 08:08:37 WAR [path cam_5064cd2c] [RTSP source] 5 decode errors, last was: received RTP packet with unknown payload type: 50
2026/09/29 08:08:38 WAR [path cam_3059f25c] [RTSP source] 5 decode errors, last was: received RTP packet with unknown payload type: 50
2026/09/29 08:08:38 WAR [path cam_5064cd2c] [RTSP source] 5 decode errors, last was: received RTP packet with unknown payload type: 50
2026/09/29 08:08:39 WAR [path cam_5064cd2c] [RTSP source] 5 decode errors, last was: received RTP packet with unknown payload type: 50
2026/09/29 08:08:39 WAR [path cam_3059f25c] [RTSP source] 5 decode errors, last was: received RTP packet with unknown payload type: 50
2026/09/29 08:08:40 WAR [path cam_5064cd2c] [RTSP source] 5 decode errors, last was: received RTP packet with unknown payload type: 50
2026/09/29 08:08:40 WAR [path cam_3059f25c] [RTSP source] 5 decode errors, last was: received RTP packet with unknown payload type: 50
2026/09/29 08:08:41 WAR [path cam_5064cd2c] [RTSP source] 5 decode errors, last was: received RTP packet with unknown payload type: 50
2026/09/29 08:08:41 WAR [path cam_3059f25c] [RTSP source] 5 decode errors, last was: received RTP packet with unknown payload type: 50
2026/09/29 08:08:42 WAR [path cam_3059f25c] [RTSP source] 5 decode errors, last was: received RTP packet with unknown payload type: 50
2026/09/29 08:08:42 WAR [path cam_5064cd2c] [RTSP source] 5 decode errors, last was: received RTP packet with unknown payload type: 50
2026/09/29 08:08:43 WAR [path cam_3059f25c] [RTSP source] 5 decode errors, last was: received RTP packet with unknown payload type: 50
2026/09/29 08:08:43 WAR [path cam_5064cd2c] [RTSP source] 5 decode errors, last was: received RTP packet with unknown payload type: 50
2026/09/29 08:08:44 WAR [path cam_5064cd2c] [RTSP source] 5 decode errors, last was: received RTP packet with unknown payload type: 50
2026/09/29 08:08:44 WAR [path cam_3059f25c] [RTSP source] 5 decode errors, last was: received RTP packet with unknown payload type: 50
2026/09/29 08:08:45 WAR [path cam_5064cd2c] [RTSP source] 5 decode errors, last was: received RTP packet with unknown payload type: 50
2026/09/29 08:08:45 WAR [path cam_3059f25c] [RTSP source] 5 decode errors, last was: received RTP packet with unknown payload type: 50
2026/09/29 08:08:45 WAR [path cam_1e437edf] 57 processing errors, last was: invalid fragmentation unit (non-starting)
2026/09/29 08:08:46 WAR [path cam_3059f25c] [RTSP source] 5 decode errors, last was: received RTP packet with unknown payload type: 50
2026/09/29 08:08:46 WAR [path cam_1e437edf] [RTSP source] 1 RTP packet lost
2026/09/29 08:08:46 WAR [path cam_5064cd2c] [RTSP source] 5 decode errors, last was: received RTP packet with unknown payload type: 50
2026/09/29 08:08:47 WAR [path cam_5064cd2c] [RTSP source] 5 decode errors, last was: received RTP packet with unknown payload type: 50
2026/09/29 08:08:47 WAR [path cam_3059f25c] [RTSP source] 5 decode errors, last was: received RTP packet with unknown payload type: 50
2026/09/29 08:08:48 WAR [path cam_5064cd2c] [RTSP source] 5 decode errors, last was: received RTP packet with unknown payload type: 50
2026/09/29 08:08:48 WAR [path cam_3059f25c] [RTSP source] 5 decode errors, last was: received RTP packet with unknown payload type: 50
2026/09/29 08:08:48 WAR [path cam_5064cd2c] [RTSP source] 4 RTP packets lost
2026/09/29 08:08:48 WAR [path cam_5064cd2c] 61 processing errors, last was: invalid fragmentation unit (non-starting)
2026/09/29 08:08:49 WAR [path cam_3059f25c] [RTSP source] 5 decode errors, last was: received RTP packet with unknown payload type: 50
2026/09/29 08:08:49 WAR [path cam_5064cd2c] [RTSP source] 5 decode errors, last was: received RTP packet with unknown payload type: 50
2026/09/29 08:08:50 WAR [path cam_3059f25c] [RTSP source] 5 decode errors, last was: received RTP packet with unknown payload type: 50
2026/09/29 08:08:50 WAR [path cam_5064cd2c] [RTSP source] 5 decode errors, last was: received RTP packet with unknown payload type: 50
2026/09/29 08:08:51 WAR [path cam_5064cd2c] [RTSP source] 5 decode errors, last was: received RTP packet with unknown payload type: 50
2026/09/29 08:08:51 WAR [path cam_3059f25c] [RTSP source] 5 decode errors, last was: received RTP packet with unknown payload type: 50
2026/09/29 08:08:52 WAR [path cam_3059f25c] [RTSP source] 5 decode errors, last was: received RTP packet with unknown payload type: 50
2026/09/29 08:08:52 WAR [path cam_5064cd2c] [RTSP source] 5 decode errors, last was: received RTP packet with unknown payload type: 50
2026/09/29 08:08:53 WAR [path cam_5064cd2c] [RTSP source] 5 decode errors, last was: received RTP packet with unknown payload type: 50
2026/09/29 08:08:53 WAR [path cam_3059f25c] [RTSP source] 5 decode errors, last was: received RTP packet with unknown payload type: 50
2026/09/29 08:08:54 WAR [path cam_5064cd2c] [RTSP source] 5 decode errors, last was: received RTP packet with unknown payload type: 50
2026/09/29 08:08:54 WAR [path cam_3059f25c] [RTSP source] 5 decode errors, last was: received RTP packet with unknown payload type: 50
2026/09/29 08:08:55 WAR [path cam_5064cd2c] [RTSP source] 5 decode errors, last was: received RTP packet with unknown payload type: 50
2026/09/29 08:08:55 WAR [path cam_3059f25c] [RTSP source] 5 decode errors, last was: received RTP packet with unknown payload type: 50
2026/09/29 08:08:56 WAR [path cam_3059f25c] [RTSP source] 5 decode errors, last was: received RTP packet with unknown payload type: 50
2026/09/29 08:08:56 WAR [path cam_5064cd2c] [RTSP source] 5 decode errors, last was: received RTP packet with unknown payload type: 50
2026/09/29 08:08:57 WAR [path cam_5064cd2c] [RTSP source] 5 decode errors, last was: received RTP packet with unknown payload type: 50
2026/09/29 08:08:57 WAR [path cam_3059f25c] [RTSP source] 5 decode errors, last was: received RTP packet with unknown payload type: 50
2026/09/29 08:08:58 WAR [path cam_5064cd2c] [RTSP source] 5 decode errors, last was: received RTP packet with unknown payload type: 50
2026/09/29 08:08:58 WAR [path cam_3059f25c] [RTSP source] 5 decode errors, last was: received RTP packet with unknown payload type: 50
2026/09/29 08:08:59 WAR [path cam_5064cd2c] [RTSP source] 5 decode errors, last was: received RTP packet with unknown payload type: 50
2026/09/29 08:08:59 WAR [path cam_3059f25c] [RTSP source] 5 decode errors, last was: received RTP packet with unknown payload type: 50
2026/09/29 08:09:00 WAR [path cam_5064cd2c] [RTSP source] 5 decode errors, last was: received RTP packet with unknown payload type: 50
2026/09/29 08:09:00 WAR [path cam_3059f25c] [RTSP source] 5 decode errors, last was: received RTP packet with unknown payload type: 50
2026/09/29 08:09:01 WAR [path cam_3059f25c] [RTSP source] 5 decode errors, last was: received RTP packet with unknown payload type: 50
2026/09/29 08:09:01 WAR [path cam_5064cd2c] [RTSP source] 5 decode errors, last was: received RTP packet with unknown payload type: 50
2026/09/29 08:09:02 WAR [path cam_3059f25c] [RTSP source] 5 decode errors, last was: received RTP packet with unknown payload type: 50
2026/09/29 08:09:02 WAR [path cam_5064cd2c] [RTSP source] 5 decode errors, last was: received RTP packet with unknown payload type: 50
2026/09/29 08:09:03 WAR [path cam_3059f25c] [RTSP source] 5 decode errors, last was: received RTP packet with unknown payload type: 50
2026/09/29 08:09:03 WAR [path cam_5064cd2c] [RTSP source] 5 decode errors, last was: received RTP packet with unknown payload type: 50
2026/09/29 08:09:04 WAR [path cam_5064cd2c] [RTSP source] 5 decode errors, last was: received RTP packet with unknown payload type: 50
2026/09/29 08:09:04 WAR [path cam_3059f25c] [RTSP source] 5 decode errors, last was: received RTP packet with unknown payload type: 50
2026/09/29 08:09:05 WAR [path cam_3059f25c] [RTSP source] 5 decode errors, last was: received RTP packet with unknown payload type: 50
2026/09/29 08:09:05 WAR [path cam_5064cd2c] [RTSP source] 5 decode errors, last was: received RTP packet with unknown payload type: 50
2026/09/29 08:09:06 WAR [path cam_3059f25c] [RTSP source] 5 decode errors, last was: received RTP packet with unknown payload type: 50
2026/09/29 08:09:06 WAR [path cam_5064cd2c] [RTSP source] 5 decode errors, last was: received RTP packet with unknown payload type: 50
2026/09/29 08:09:07 WAR [path cam_5064cd2c] [RTSP source] 5 decode errors, last was: received RTP packet with unknown payload type: 50
2026/09/29 08:09:07 WAR [path cam_3059f25c] [RTSP source] 5 decode errors, last was: received RTP packet with unknown payload type: 50
2026/09/29 08:09:08 WAR [path cam_5064cd2c] [RTSP source] 5 decode errors, last was: received RTP packet with unknown payload type: 50
2026/09/29 08:09:08 WAR [path cam_3059f25c] [RTSP source] 5 decode errors, last was: received RTP packet with unknown payload type: 50
2026/09/29 08:09:09 WAR [path cam_5064cd2c] [RTSP source] 5 decode errors, last was: received RTP packet with unknown payload type: 50
2026/09/29 08:09:09 WAR [path cam_3059f25c] [RTSP source] 5 decode errors, last was: received RTP packet with unknown payload type: 50
2026/09/29 08:09:10 WAR [path cam_5064cd2c] [RTSP source] 5 decode errors, last was: received RTP packet with unknown payload type: 50
2026/09/29 08:09:10 WAR [path cam_3059f25c] [RTSP source] 5 decode errors, last was: received RTP packet with unknown payload type: 50
2026/09/29 08:09:11 WAR [path cam_5064cd2c] [RTSP source] 5 decode errors, last was: received RTP packet with unknown payload type: 50
2026/09/29 08:09:11 WAR [path cam_3059f25c] [RTSP source] 5 decode errors, last was: received RTP packet with unknown payload type: 50
2026/09/29 08:09:12 WAR [path cam_5064cd2c] [RTSP source] 5 decode errors, last was: received RTP packet with unknown payload type: 50
2026/09/29 08:09:12 WAR [path cam_3059f25c] [RTSP source] 5 decode errors, last was: received RTP packet with unknown payload type: 50
2026/09/29 08:09:13 WAR [path cam_3059f25c] [RTSP source] 5 decode errors, last was: received RTP packet with unknown payload type: 50
2026/09/29 08:09:13 WAR [path cam_5064cd2c] [RTSP source] 5 decode errors, last was: received RTP packet with unknown payload type: 50
2026/09/29 08:09:14 WAR [path cam_3059f25c] [RTSP source] 5 decode errors, last was: received RTP packet with unknown payload type: 50
2026/09/29 08:09:14 WAR [path cam_5064cd2c] [RTSP source] 5 decode errors, last was: received RTP packet with unknown payload type: 50
2026/09/29 08:09:15 WAR [path cam_3059f25c] [RTSP source] 5 decode errors, last was: received RTP packet with unknown payload type: 50
2026/09/29 08:09:15 WAR [path cam_5064cd2c] [RTSP source] 5 decode errors, last was: received RTP packet with unknown payload type: 50
2026/09/29 08:09:16 WAR [path cam_5064cd2c] [RTSP source] 5 decode errors, last was: received RTP packet with unknown payload type: 50
2026/09/29 08:09:16 WAR [path cam_3059f25c] [RTSP source] 5 decode errors, last was: received RTP packet with unknown payload type: 50
2026/09/29 08:09:17 WAR [path cam_5064cd2c] [RTSP source] 5 decode errors, last was: received RTP packet with unknown payload type: 50
2026/09/29 08:09:17 WAR [path cam_3059f25c] [RTSP source] 5 decode errors, last was: received RTP packet with unknown payload type: 50
2026/09/29 08:09:18 WAR [path cam_3059f25c] [RTSP source] 5 decode errors, last was: received RTP packet with unknown payload type: 50
2026/09/29 08:09:18 WAR [path cam_5064cd2c] [RTSP source] 5 decode errors, last was: received RTP packet with unknown payload type: 50
2026/09/29 08:09:19 WAR [path cam_5064cd2c] [RTSP source] 5 decode errors, last was: received RTP packet with unknown payload type: 50
2026/09/29 08:09:19 WAR [path cam_3059f25c] [RTSP source] 5 decode errors, last was: received RTP packet with unknown payload type: 50
2026/09/29 08:09:20 WAR [path cam_3059f25c] [RTSP source] 5 decode errors, last was: received RTP packet with unknown payload type: 50
2026/09/29 08:09:20 WAR [path cam_5064cd2c] [RTSP source] 5 decode errors, last was: received RTP packet with unknown payload type: 50
2026/09/29 08:09:21 WAR [path cam_3059f25c] [RTSP source] 5 decode errors, last was: received RTP packet with unknown payload type: 50
2026/09/29 08:09:21 WAR [path cam_5064cd2c] [RTSP source] 5 decode errors, last was: received RTP packet with unknown payload type: 50
2026/09/29 08:09:22 WAR [path cam_3059f25c] [RTSP source] 5 decode errors, last was: received RTP packet with unknown payload type: 50
2026/09/29 08:09:22 WAR [path cam_5064cd2c] [RTSP source] 5 decode errors, last was: received RTP packet with unknown payload type: 50
2026/09/29 08:09:23 WAR [path cam_5064cd2c] [RTSP source] 5 decode errors, last was: received RTP packet with unknown payload type: 50
2026/09/29 08:09:23 WAR [path cam_3059f25c] [RTSP source] 5 decode errors, last was: received RTP packet with unknown payload type: 50
2026/09/29 08:09:24 WAR [path cam_5064cd2c] [RTSP source] 5 decode errors, last was: received RTP packet with unknown payload type: 50
2026/09/29 08:09:24 WAR [path cam_3059f25c] [RTSP source] 5 decode errors, last was: received RTP packet with unknown payload type: 50
2026/09/29 08:09:25 WAR [path cam_5064cd2c] [RTSP source] 5 decode errors, last was: received RTP packet with unknown payload type: 50
2026/09/29 08:09:25 WAR [path cam_3059f25c] [RTSP source] 5 decode errors, last was: received RTP packet with unknown payload type: 50
2026/09/29 08:09:26 WAR [path cam_3059f25c] [RTSP source] 5 decode errors, last was: received RTP packet with unknown payload type: 50
2026/09/29 08:09:26 WAR [path cam_5064cd2c] [RTSP source] 5 decode errors, last was: received RTP packet with unknown payload type: 50
2026/09/29 08:09:27 WAR [path cam_5064cd2c] [RTSP source] 5 decode errors, last was: received RTP packet with unknown payload type: 50
2026/09/29 08:09:27 WAR [path cam_3059f25c] [RTSP source] 5 decode errors, last was: received RTP packet with unknown payload type: 50
2026/09/29 08:09:28 WAR [path cam_5064cd2c] [RTSP source] 5 decode errors, last was: received RTP packet with unknown payload type: 50
2026/09/29 08:09:28 WAR [path cam_3059f25c] [RTSP source] 5 decode errors, last was: received RTP packet with unknown payload type: 50
2026/09/29 08:09:29 WAR [path cam_3059f25c] [RTSP source] 5 decode errors, last was: received RTP packet with unknown payload type: 50
2026/09/29 08:09:29 WAR [path cam_5064cd2c] [RTSP source] 5 decode errors, last was: received RTP packet with unknown payload type: 50
2026/09/29 08:09:30 WAR [path cam_5064cd2c] [RTSP source] 5 decode errors, last was: received RTP packet with unknown payload type: 50
2026/09/29 08:09:30 WAR [path cam_3059f25c] [RTSP source] 5 decode errors, last was: received RTP packet with unknown payload type: 50
2026/09/29 08:09:31 WAR [path cam_5064cd2c] [RTSP source] 5 decode errors, last was: received RTP packet with unknown payload type: 50
2026/09/29 08:09:31 WAR [path cam_3059f25c] [RTSP source] 5 decode errors, last was: received RTP packet with unknown payload type: 50
2026/09/29 08:09:32 WAR [path cam_3059f25c] [RTSP source] 5 decode errors, last was: received RTP packet with unknown payload type: 50
2026/09/29 08:09:32 WAR [path cam_5064cd2c] [RTSP source] 5 decode errors, last was: received RTP packet with unknown payload type: 50
2026/09/29 08:09:33 WAR [path cam_3059f25c] [RTSP source] 5 decode errors, last was: received RTP packet with unknown payload type: 50
2026/09/29 08:09:33 WAR [path cam_5064cd2c] [RTSP source] 5 decode errors, last was: received RTP packet with unknown payload type: 50
2026/09/29 08:09:34 WAR [path cam_3059f25c] [RTSP source] 5 decode errors, last was: received RTP packet with unknown payload type: 50
2026/09/29 08:09:34 WAR [path cam_5064cd2c] [RTSP source] 5 decode errors, last was: received RTP packet with unknown payload type: 50
2026/09/29 08:09:35 WAR [path cam_5064cd2c] [RTSP source] 5 decode errors, last was: received RTP packet with unknown payload type: 50
2026/09/29 08:09:35 WAR [path cam_3059f25c] [RTSP source] 5 decode errors, last was: received RTP packet with unknown payload type: 50
2026/09/29 08:09:36 WAR [path cam_5064cd2c] [RTSP source] 5 decode errors, last was: received RTP packet with unknown payload type: 50
2026/09/29 08:09:36 WAR [path cam_3059f25c] [RTSP source] 5 decode errors, last was: received RTP packet with unknown payload type: 50
2026/09/29 08:09:37 WAR [path cam_3059f25c] [RTSP source] 5 decode errors, last was: received RTP packet with unknown payload type: 50
2026/09/29 08:09:37 WAR [path cam_5064cd2c] [RTSP source] 5 decode errors, last was: received RTP packet with unknown payload type: 50
2026/09/29 08:09:37 WAR [path cam_1e437edf] 10 processing errors, last was: invalid fragmentation unit (non-starting)
2026/09/29 08:09:38 WAR [path cam_5064cd2c] [RTSP source] 5 decode errors, last was: received RTP packet with unknown payload type: 50
2026/09/29 08:09:38 WAR [path cam_1e437edf] [RTSP source] 2 RTP packets lost
2026/09/29 08:09:38 WAR [path cam_3059f25c] [RTSP source] 5 decode errors, last was: received RTP packet with unknown payload type: 50
2026/09/29 08:09:39 WAR [path cam_3059f25c] [RTSP source] 5 decode errors, last was: received RTP packet with unknown payload type: 50
2026/09/29 08:09:39 WAR [path cam_5064cd2c] [RTSP source] 5 decode errors, last was: received RTP packet with unknown payload type: 50
2026/09/29 08:09:40 WAR [path cam_5064cd2c] [RTSP source] 5 decode errors, last was: received RTP packet with unknown payload type: 50
2026/09/29 08:09:40 WAR [path cam_3059f25c] [RTSP source] 5 decode errors, last was: received RTP packet with unknown payload type: 50
2026/09/29 08:09:41 WAR [path cam_5064cd2c] [RTSP source] 5 decode errors, last was: received RTP packet with unknown payload type: 50
2026/09/29 08:09:41 WAR [path cam_3059f25c] [RTSP source] 5 decode errors, last was: received RTP packet with unknown payload type: 50
2026/09/29 08:09:42 WAR [path cam_3059f25c] [RTSP source] 5 decode errors, last was: received RTP packet with unknown payload type: 50
2026/09/29 08:09:42 WAR [path cam_5064cd2c] [RTSP source] 5 decode errors, last was: received RTP packet with unknown payload type: 50
2026/09/29 08:09:43 WAR [path cam_5064cd2c] [RTSP source] 5 decode errors, last was: received RTP packet with unknown payload type: 50
2026/09/29 08:09:43 WAR [path cam_3059f25c] [RTSP source] 5 decode errors, last was: received RTP packet with unknown payload type: 50
2026/09/29 08:09:44 WAR [path cam_3059f25c] [RTSP source] 5 decode errors, last was: received RTP packet with unknown payload type: 50
2026/09/29 08:09:44 WAR [path cam_5064cd2c] [RTSP source] 5 decode errors, last was: received RTP packet with unknown payload type: 50
2026/09/29 08:09:45 WAR [path cam_5064cd2c] [RTSP source] 5 decode errors, last was: received RTP packet with unknown payload type: 50
2026/09/29 08:09:45 WAR [path cam_3059f25c] [RTSP source] 5 decode errors, last was: received RTP packet with unknown payload type: 50
2026/09/29 08:09:46 WAR [path cam_5064cd2c] [RTSP source] 5 decode errors, last was: received RTP packet with unknown payload type: 50
2026/09/29 08:09:46 WAR [path cam_3059f25c] [RTSP source] 5 decode errors, last was: received RTP packet with unknown payload type: 50
2026/09/29 08:09:47 WAR [path cam_3059f25c] [RTSP source] 5 decode errors, last was: received RTP packet with unknown payload type: 50
2026/09/29 08:09:47 WAR [path cam_5064cd2c] [RTSP source] 5 decode errors, last was: received RTP packet with unknown payload type: 50
2026/09/29 08:09:48 WAR [path cam_5064cd2c] [RTSP source] 5 decode errors, last was: received RTP packet with unknown payload type: 50
2026/09/29 08:09:48 WAR [path cam_3059f25c] [RTSP source] 5 decode errors, last was: received RTP packet with unknown payload type: 50
2026/09/29 08:09:49 WAR [path cam_5064cd2c] [RTSP source] 5 decode errors, last was: received RTP packet with unknown payload type: 50
2026/09/29 08:09:49 WAR [path cam_3059f25c] [RTSP source] 5 decode errors, last was: received RTP packet with unknown payload type: 50
2026/09/29 08:09:50 WAR [path cam_5064cd2c] [RTSP source] 5 decode errors, last was: received RTP packet with unknown payload type: 50
2026/09/29 08:09:50 WAR [path cam_3059f25c] [RTSP source] 5 decode errors, last was: received RTP packet with unknown payload type: 50
2026/09/29 08:09:51 WAR [path cam_5064cd2c] [RTSP source] 5 decode errors, last was: received RTP packet with unknown payload type: 50
2026/09/29 08:09:51 WAR [path cam_3059f25c] [RTSP source] 5 decode errors, last was: received RTP packet with unknown payload type: 50
2026/09/29 08:09:52 WAR [path cam_5064cd2c] [RTSP source] 5 decode errors, last was: received RTP packet with unknown payload type: 50
2026/09/29 08:09:52 WAR [path cam_3059f25c] [RTSP source] 5 decode errors, last was: received RTP packet with unknown payload type: 50
2026/09/29 08:09:53 WAR [path cam_5064cd2c] [RTSP source] 5 decode errors, last was: received RTP packet with unknown payload type: 50
2026/09/29 08:09:53 WAR [path cam_3059f25c] [RTSP source] 5 decode errors, last was: received RTP packet with unknown payload type: 50
2026/09/29 08:09:54 WAR [path cam_5064cd2c] [RTSP source] 5 decode errors, last was: received RTP packet with unknown payload type: 50
2026/09/29 08:09:54 WAR [path cam_3059f25c] [RTSP source] 5 decode errors, last was: received RTP packet with unknown payload type: 50
2026/09/29 08:09:55 WAR [path cam_3059f25c] [RTSP source] 5 decode errors, last was: received RTP packet with unknown payload type: 50
2026/09/29 08:09:55 WAR [path cam_5064cd2c] [RTSP source] 5 decode errors, last was: received RTP packet with unknown payload type: 50
2026/09/29 08:09:56 WAR [path cam_3059f25c] [RTSP source] 5 decode errors, last was: received RTP packet with unknown payload type: 50
2026/09/29 08:09:56 WAR [path cam_5064cd2c] [RTSP source] 5 decode errors, last was: received RTP packet with unknown payload type: 50
2026/09/29 08:09:57 INF reloading configuration (file changed)
2026/09/29 08:09:57 WAR [path cam_5064cd2c] [RTSP source] 5 decode errors, last was: received RTP packet with unknown payload type: 50
2026/09/29 08:09:57 WAR [path cam_3059f25c] [RTSP source] 5 decode errors, last was: received RTP packet with unknown payload type: 50
2026/09/29 08:09:58 WAR [path cam_3059f25c] [RTSP source] 5 decode errors, last was: received RTP packet with unknown payload type: 50
2026/09/29 08:09:58 WAR [path cam_5064cd2c] [RTSP source] 5 decode errors, last was: received RTP packet with unknown payload type: 50
2026/09/29 08:09:59 WAR [path cam_5064cd2c] [RTSP source] 5 decode errors, last was: received RTP packet with unknown payload type: 50
2026/09/29 08:09:59 WAR [path cam_3059f25c] [RTSP source] 5 decode errors, last was: received RTP packet with unknown payload type: 50
2026/09/29 08:10:00 WAR [path cam_3059f25c] [RTSP source] 5 decode errors, last was: received RTP packet with unknown payload type: 50
2026/09/29 08:10:00 WAR [path cam_5064cd2c] [RTSP source] 5 decode errors, last was: received RTP packet with unknown payload type: 50
2026/09/29 08:10:01 WAR [path cam_5064cd2c] [RTSP source] 5 decode errors, last was: received RTP packet with unknown payload type: 50
2026/09/29 08:10:01 WAR [path cam_3059f25c] [RTSP source] 5 decode errors, last was: received RTP packet with unknown payload type: 50
2026/09/29 08:10:02 WAR [path cam_5064cd2c] [RTSP source] 5 decode errors, last was: received RTP packet with unknown payload type: 50
2026/09/29 08:10:02 WAR [path cam_3059f25c] [RTSP source] 5 decode errors, last was: received RTP packet with unknown payload type: 50
2026/09/29 08:10:03 WAR [path cam_5064cd2c] [RTSP source] 5 decode errors, last was: received RTP packet with unknown payload type: 50
2026/09/29 08:10:03 WAR [path cam_3059f25c] [RTSP source] 5 decode errors, last was: received RTP packet with unknown payload type: 50
2026/09/29 08:10:04 WAR [path cam_3059f25c] [RTSP source] 5 decode errors, last was: received RTP packet with unknown payload type: 50
2026/09/29 08:10:04 WAR [path cam_5064cd2c] [RTSP source] 5 decode errors, last was: received RTP packet with unknown payload type: 50
2026/09/29 08:10:05 WAR [path cam_3059f25c] [RTSP source] 5 decode errors, last was: received RTP packet with unknown payload type: 50
2026/09/29 08:10:05 WAR [path cam_5064cd2c] [RTSP source] 5 decode errors, last was: received RTP packet with unknown payload type: 50
2026/09/29 08:10:06 WAR [path cam_3059f25c] [RTSP source] 5 decode errors, last was: received RTP packet with unknown payload type: 50
2026/09/29 08:10:06 WAR [path cam_5064cd2c] [RTSP source] 5 decode errors, last was: received RTP packet with unknown payload type: 50
2026/09/29 08:10:07 WAR [path cam_5064cd2c] [RTSP source] 5 decode errors, last was: received RTP packet with unknown payload type: 50
2026/09/29 08:10:07 WAR [path cam_3059f25c] [RTSP source] 5 decode errors, last was: received RTP packet with unknown payload type: 50
2026/09/29 08:10:08 WAR [path cam_3059f25c] [RTSP source] 5 decode errors, last was: received RTP packet with unknown payload type: 50
2026/09/29 08:10:08 WAR [path cam_5064cd2c] [RTSP source] 5 decode errors, last was: received RTP packet with unknown payload type: 50
2026/09/29 08:10:09 WAR [path cam_5064cd2c] [RTSP source] 5 decode errors, last was: received RTP packet with unknown payload type: 50
2026/09/29 08:10:09 WAR [path cam_3059f25c] [RTSP source] 5 decode errors, last was: received RTP packet with unknown payload type: 50
2026/09/29 08:10:10 WAR [path cam_5064cd2c] [RTSP source] 5 decode errors, last was: received RTP packet with unknown payload type: 50
2026/09/29 08:10:10 WAR [path cam_3059f25c] [RTSP source] 5 decode errors, last was: received RTP packet with unknown payload type: 50
2026/09/29 08:10:10 INF [RTSP] [conn 127.0.0.1:65135] opened
2026/09/29 08:10:10 INF [RTSP] [session 49c70316] created by 127.0.0.1:65135
2026/09/29 08:10:10 INF [RTSP] [conn 127.0.0.1:65135] closed: EOF
2026/09/29 08:10:10 INF [RTSP] [session 49c70316] destroyed: not in use
2026/09/29 08:10:11 WAR [path cam_5064cd2c] [RTSP source] 5 decode errors, last was: received RTP packet with unknown payload type: 50
2026/09/29 08:10:11 WAR [path cam_3059f25c] [RTSP source] 5 decode errors, last was: received RTP packet with unknown payload type: 50
2026/09/29 08:10:12 WAR [path cam_3059f25c] [RTSP source] 5 decode errors, last was: received RTP packet with unknown payload type: 50
2026/09/29 08:10:12 WAR [path cam_5064cd2c] [RTSP source] 5 decode errors, last was: received RTP packet with unknown payload type: 50
2026/09/29 08:10:13 INF [RTSP] [conn 127.0.0.1:65138] opened
2026/09/29 08:10:13 INF [RTSP] [session ee90a82a] created by 127.0.0.1:65138
2026/09/29 08:10:13 INF [RTSP] [conn 127.0.0.1:65138] closed: EOF
2026/09/29 08:10:13 INF [RTSP] [session ee90a82a] destroyed: not in use
2026/09/29 08:10:13 WAR [path cam_3059f25c] [RTSP source] 5 decode errors, last was: received RTP packet with unknown payload type: 50
2026/09/29 08:10:13 WAR [path cam_5064cd2c] [RTSP source] 5 decode errors, last was: received RTP packet with unknown payload type: 50
2026/09/29 08:10:14 WAR [path cam_3059f25c] [RTSP source] 5 decode errors, last was: received RTP packet with unknown payload type: 50
2026/09/29 08:10:14 WAR [path cam_5064cd2c] [RTSP source] 5 decode errors, last was: received RTP packet with unknown payload type: 50
2026/09/29 08:10:15 WAR [path cam_5064cd2c] [RTSP source] 5 decode errors, last was: received RTP packet with unknown payload type: 50
2026/09/29 08:10:15 WAR [path cam_3059f25c] [RTSP source] 5 decode errors, last was: received RTP packet with unknown payload type: 50
2026/09/29 08:10:16 WAR [path cam_3059f25c] [RTSP source] 5 decode errors, last was: received RTP packet with unknown payload type: 50
2026/09/29 08:10:16 WAR [path cam_5064cd2c] [RTSP source] 5 decode errors, last was: received RTP packet with unknown payload type: 50
2026/09/29 08:10:17 WAR [path cam_3059f25c] [RTSP source] 5 decode errors, last was: received RTP packet with unknown payload type: 50
2026/09/29 08:10:17 WAR [path cam_5064cd2c] [RTSP source] 5 decode errors, last was: received RTP packet with unknown payload type: 50
2026/09/29 08:10:17 INF [RTSP] [conn 127.0.0.1:65141] opened
2026/09/29 08:10:17 INF [RTSP] [session 9cf4b0ea] created by 127.0.0.1:65141
2026/09/29 08:10:17 INF [RTSP] [conn 127.0.0.1:65141] closed: EOF
2026/09/29 08:10:17 INF [RTSP] [session 9cf4b0ea] destroyed: not in use
2026/09/29 08:10:18 WAR [path cam_3059f25c] [RTSP source] 5 decode errors, last was: received RTP packet with unknown payload type: 50
2026/09/29 08:10:18 WAR [path cam_5064cd2c] [RTSP source] 5 decode errors, last was: received RTP packet with unknown payload type: 50
2026/09/29 08:10:19 WAR [path cam_3059f25c] [RTSP source] 5 decode errors, last was: received RTP packet with unknown payload type: 50
2026/09/29 08:10:19 WAR [path cam_5064cd2c] [RTSP source] 5 decode errors, last was: received RTP packet with unknown payload type: 50
2026/09/29 08:10:20 WAR [path cam_5064cd2c] [RTSP source] 5 decode errors, last was: received RTP packet with unknown payload type: 50
2026/09/29 08:10:20 WAR [path cam_3059f25c] [RTSP source] 5 decode errors, last was: received RTP packet with unknown payload type: 50
2026/09/29 08:10:20 WAR [path cam_5064cd2c] [RTSP source] 1 RTP packet lost
2026/09/29 08:10:21 WAR [path cam_5064cd2c] [RTSP source] 5 decode errors, last was: received RTP packet with unknown payload type: 50
2026/09/29 08:10:21 WAR [path cam_3059f25c] [RTSP source] 5 decode errors, last was: received RTP packet with unknown payload type: 50
2026/09/29 08:10:22 WAR [path cam_3059f25c] [RTSP source] 5 decode errors, last was: received RTP packet with unknown payload type: 50
2026/09/29 08:10:22 WAR [path cam_5064cd2c] [RTSP source] 5 decode errors, last was: received RTP packet with unknown payload type: 50
2026/09/29 08:10:23 WAR [path cam_3059f25c] [RTSP source] 5 decode errors, last was: received RTP packet with unknown payload type: 50
2026/09/29 08:10:23 WAR [path cam_5064cd2c] [RTSP source] 5 decode errors, last was: received RTP packet with unknown payload type: 50
2026/09/29 08:10:24 WAR [path cam_3059f25c] [RTSP source] 5 decode errors, last was: received RTP packet with unknown payload type: 50
2026/09/29 08:10:24 WAR [path cam_5064cd2c] [RTSP source] 5 decode errors, last was: received RTP packet with unknown payload type: 50
2026/09/29 08:10:25 WAR [path cam_5064cd2c] [RTSP source] 5 decode errors, last was: received RTP packet with unknown payload type: 50
2026/09/29 08:10:25 WAR [path cam_3059f25c] [RTSP source] 5 decode errors, last was: received RTP packet with unknown payload type: 50
2026/09/29 08:10:25 INF [RTSP] [conn 127.0.0.1:65146] opened
2026/09/29 08:10:25 INF [RTSP] [session 0c4d1993] created by 127.0.0.1:65146
2026/09/29 08:10:25 INF [RTSP] [conn 127.0.0.1:65146] closed: EOF
2026/09/29 08:10:25 INF [RTSP] [session 0c4d1993] destroyed: not in use
2026/09/29 08:10:26 WAR [path cam_5064cd2c] [RTSP source] 5 decode errors, last was: received RTP packet with unknown payload type: 50
2026/09/29 08:10:26 WAR [path cam_3059f25c] [RTSP source] 5 decode errors, last was: received RTP packet with unknown payload type: 50
2026/09/29 08:10:27 WAR [path cam_5064cd2c] [RTSP source] 5 decode errors, last was: received RTP packet with unknown payload type: 50
2026/09/29 08:10:27 WAR [path cam_3059f25c] [RTSP source] 5 decode errors, last was: received RTP packet with unknown payload type: 50
2026/09/29 08:10:28 WAR [path cam_5064cd2c] [RTSP source] 5 decode errors, last was: received RTP packet with unknown payload type: 50
2026/09/29 08:10:28 WAR [path cam_3059f25c] [RTSP source] 5 decode errors, last was: received RTP packet with unknown payload type: 50
2026/09/29 08:10:29 WAR [path cam_3059f25c] [RTSP source] 5 decode errors, last was: received RTP packet with unknown payload type: 50
2026/09/29 08:10:29 WAR [path cam_5064cd2c] [RTSP source] 5 decode errors, last was: received RTP packet with unknown payload type: 50
2026/09/29 08:10:30 WAR [path cam_3059f25c] [RTSP source] 5 decode errors, last was: received RTP packet with unknown payload type: 50
2026/09/29 08:10:30 WAR [path cam_5064cd2c] [RTSP source] 5 decode errors, last was: received RTP packet with unknown payload type: 50
2026/09/29 08:10:31 WAR [path cam_3059f25c] [RTSP source] 5 decode errors, last was: received RTP packet with unknown payload type: 50
2026/09/29 08:10:31 WAR [path cam_5064cd2c] [RTSP source] 5 decode errors, last was: received RTP packet with unknown payload type: 50
2026/09/29 08:10:32 WAR [path cam_3059f25c] [RTSP source] 5 decode errors, last was: received RTP packet with unknown payload type: 50
2026/09/29 08:10:32 WAR [path cam_5064cd2c] [RTSP source] 5 decode errors, last was: received RTP packet with unknown payload type: 50
2026/09/29 08:10:33 WAR [path cam_3059f25c] [RTSP source] 5 decode errors, last was: received RTP packet with unknown payload type: 50
2026/09/29 08:10:33 WAR [path cam_5064cd2c] [RTSP source] 5 decode errors, last was: received RTP packet with unknown payload type: 50
2026/09/29 08:10:34 WAR [path cam_5064cd2c] [RTSP source] 5 decode errors, last was: received RTP packet with unknown payload type: 50
2026/09/29 08:10:34 WAR [path cam_3059f25c] [RTSP source] 5 decode errors, last was: received RTP packet with unknown payload type: 50
2026/09/29 08:10:35 WAR [path cam_3059f25c] [RTSP source] 5 decode errors, last was: received RTP packet with unknown payload type: 50
2026/09/29 08:10:35 WAR [path cam_5064cd2c] [RTSP source] 5 decode errors, last was: received RTP packet with unknown payload type: 50
2026/09/29 08:10:36 WAR [path cam_5064cd2c] [RTSP source] 5 decode errors, last was: received RTP packet with unknown payload type: 50
2026/09/29 08:10:36 WAR [path cam_3059f25c] [RTSP source] 5 decode errors, last was: received RTP packet with unknown payload type: 50
2026/09/29 08:10:37 WAR [path cam_3059f25c] [RTSP source] 5 decode errors, last was: received RTP packet with unknown payload type: 50
2026/09/29 08:10:37 WAR [path cam_5064cd2c] [RTSP source] 5 decode errors, last was: received RTP packet with unknown payload type: 50
2026/09/29 08:10:38 WAR [path cam_3059f25c] [RTSP source] 5 decode errors, last was: received RTP packet with unknown payload type: 50
2026/09/29 08:10:38 WAR [path cam_5064cd2c] [RTSP source] 5 decode errors, last was: received RTP packet with unknown payload type: 50
2026/09/29 08:10:39 WAR [path cam_5064cd2c] [RTSP source] 5 decode errors, last was: received RTP packet with unknown payload type: 50
2026/09/29 08:10:39 WAR [path cam_3059f25c] [RTSP source] 5 decode errors, last was: received RTP packet with unknown payload type: 50
2026/09/29 08:10:40 WAR [path cam_3059f25c] [RTSP source] 5 decode errors, last was: received RTP packet with unknown payload type: 50
2026/09/29 08:10:40 WAR [path cam_5064cd2c] [RTSP source] 5 decode errors, last was: received RTP packet with unknown payload type: 50
2026/09/29 08:10:41 WAR [path cam_5064cd2c] [RTSP source] 5 decode errors, last was: received RTP packet with unknown payload type: 50
2026/09/29 08:10:41 WAR [path cam_3059f25c] [RTSP source] 5 decode errors, last was: received RTP packet with unknown payload type: 50
2026/09/29 08:10:42 WAR [path cam_3059f25c] [RTSP source] 5 decode errors, last was: received RTP packet with unknown payload type: 50
2026/09/29 08:10:42 WAR [path cam_5064cd2c] [RTSP source] 5 decode errors, last was: received RTP packet with unknown payload type: 50
2026/09/29 08:10:42 INF [RTSP] [conn 127.0.0.1:60482] opened
2026/09/29 08:10:42 INF [RTSP] [session 77f084ac] created by 127.0.0.1:60482
2026/09/29 08:10:42 INF [RTSP] [conn 127.0.0.1:60482] closed: EOF
2026/09/29 08:10:42 INF [RTSP] [session 77f084ac] destroyed: not in use
2026/09/29 08:10:43 WAR [path cam_5064cd2c] [RTSP source] 5 decode errors, last was: received RTP packet with unknown payload type: 50
2026/09/29 08:10:43 WAR [path cam_3059f25c] [RTSP source] 5 decode errors, last was: received RTP packet with unknown payload type: 50
2026/09/29 08:10:44 WAR [path cam_3059f25c] [RTSP source] 5 decode errors, last was: received RTP packet with unknown payload type: 50
2026/09/29 08:10:44 WAR [path cam_5064cd2c] [RTSP source] 5 decode errors, last was: received RTP packet with unknown payload type: 50
2026/09/29 08:10:45 WAR [path cam_5064cd2c] [RTSP source] 5 decode errors, last was: received RTP packet with unknown payload type: 50
2026/09/29 08:10:45 WAR [path cam_3059f25c] [RTSP source] 5 decode errors, last was: received RTP packet with unknown payload type: 50
2026/09/29 08:10:46 WAR [path cam_5064cd2c] [RTSP source] 5 decode errors, last was: received RTP packet with unknown payload type: 50
2026/09/29 08:10:46 WAR [path cam_3059f25c] [RTSP source] 5 decode errors, last was: received RTP packet with unknown payload type: 50
2026/09/29 08:10:47 WAR [path cam_3059f25c] [RTSP source] 5 decode errors, last was: received RTP packet with unknown payload type: 50
2026/09/29 08:10:47 WAR [path cam_5064cd2c] [RTSP source] 5 decode errors, last was: received RTP packet with unknown payload type: 50
2026/09/29 08:10:48 WAR [path cam_3059f25c] [RTSP source] 5 decode errors, last was: received RTP packet with unknown payload type: 50
2026/09/29 08:10:48 WAR [path cam_5064cd2c] [RTSP source] 5 decode errors, last was: received RTP packet with unknown payload type: 50
2026/09/29 08:10:49 WAR [path cam_3059f25c] [RTSP source] 5 decode errors, last was: received RTP packet with unknown payload type: 50
2026/09/29 08:10:49 WAR [path cam_5064cd2c] [RTSP source] 5 decode errors, last was: received RTP packet with unknown payload type: 50
2026/09/29 08:10:50 WAR [path cam_5064cd2c] [RTSP source] 5 decode errors, last was: received RTP packet with unknown payload type: 50
2026/09/29 08:10:50 WAR [path cam_3059f25c] [RTSP source] 5 decode errors, last was: received RTP packet with unknown payload type: 50
2026/09/29 08:10:51 WAR [path cam_3059f25c] [RTSP source] 5 decode errors, last was: received RTP packet with unknown payload type: 50
2026/09/29 08:10:51 WAR [path cam_5064cd2c] [RTSP source] 5 decode errors, last was: received RTP packet with unknown payload type: 50
2026/09/29 08:10:52 WAR [path cam_3059f25c] [RTSP source] 5 decode errors, last was: received RTP packet with unknown payload type: 50
2026/09/29 08:10:52 WAR [path cam_5064cd2c] [RTSP source] 5 decode errors, last was: received RTP packet with unknown payload type: 50
2026/09/29 08:10:53 WAR [path cam_5064cd2c] [RTSP source] 5 decode errors, last was: received RTP packet with unknown payload type: 50
2026/09/29 08:10:53 WAR [path cam_3059f25c] [RTSP source] 5 decode errors, last was: received RTP packet with unknown payload type: 50
2026/09/29 08:10:54 WAR [path cam_5064cd2c] [RTSP source] 5 decode errors, last was: received RTP packet with unknown payload type: 50
2026/09/29 08:10:54 WAR [path cam_3059f25c] [RTSP source] 5 decode errors, last was: received RTP packet with unknown payload type: 50
2026/09/29 08:10:55 WAR [path cam_3059f25c] [RTSP source] 5 decode errors, last was: received RTP packet with unknown payload type: 50
2026/09/29 08:10:55 WAR [path cam_5064cd2c] [RTSP source] 5 decode errors, last was: received RTP packet with unknown payload type: 50
2026/09/29 08:10:56 WAR [path cam_3059f25c] [RTSP source] 5 decode errors, last was: received RTP packet with unknown payload type: 50
2026/09/29 08:10:56 WAR [path cam_5064cd2c] [RTSP source] 5 decode errors, last was: received RTP packet with unknown payload type: 50
2026/09/29 08:10:57 WAR [path cam_3059f25c] [RTSP source] 5 decode errors, last was: received RTP packet with unknown payload type: 50
2026/09/29 08:10:57 WAR [path cam_5064cd2c] [RTSP source] 5 decode errors, last was: received RTP packet with unknown payload type: 50
2026/09/29 08:10:58 WAR [path cam_5064cd2c] [RTSP source] 5 decode errors, last was: received RTP packet with unknown payload type: 50
2026/09/29 08:10:58 WAR [path cam_3059f25c] [RTSP source] 5 decode errors, last was: received RTP packet with unknown payload type: 50
2026/09/29 08:10:59 WAR [path cam_5064cd2c] [RTSP source] 5 decode errors, last was: received RTP packet with unknown payload type: 50
2026/09/29 08:10:59 WAR [path cam_3059f25c] [RTSP source] 5 decode errors, last was: received RTP packet with unknown payload type: 50
2026/09/29 08:11:00 WAR [path cam_3059f25c] [RTSP source] 5 decode errors, last was: received RTP packet with unknown payload type: 50
2026/09/29 08:11:00 WAR [path cam_5064cd2c] [RTSP source] 5 decode errors, last was: received RTP packet with unknown payload type: 50
2026/09/29 08:11:01 WAR [path cam_5064cd2c] [RTSP source] 5 decode errors, last was: received RTP packet with unknown payload type: 50
2026/09/29 08:11:01 WAR [path cam_3059f25c] [RTSP source] 5 decode errors, last was: received RTP packet with unknown payload type: 50
2026/09/29 08:11:02 WAR [path cam_5064cd2c] [RTSP source] 5 decode errors, last was: received RTP packet with unknown payload type: 50
2026/09/29 08:11:02 WAR [path cam_3059f25c] [RTSP source] 5 decode errors, last was: received RTP packet with unknown payload type: 50
2026/09/29 08:11:03 WAR [path cam_3059f25c] [RTSP source] 5 decode errors, last was: received RTP packet with unknown payload type: 50
2026/09/29 08:11:03 WAR [path cam_5064cd2c] [RTSP source] 5 decode errors, last was: received RTP packet with unknown payload type: 50
2026/09/29 08:11:04 WAR [path cam_3059f25c] [RTSP source] 5 decode errors, last was: received RTP packet with unknown payload type: 50
2026/09/29 08:11:04 WAR [path cam_5064cd2c] [RTSP source] 5 decode errors, last was: received RTP packet with unknown payload type: 50
2026/09/29 08:11:05 WAR [path cam_3059f25c] [RTSP source] 5 decode errors, last was: received RTP packet with unknown payload type: 50
2026/09/29 08:11:05 WAR [path cam_5064cd2c] [RTSP source] 5 decode errors, last was: received RTP packet with unknown payload type: 50
2026/09/29 08:11:06 WAR [path cam_5064cd2c] [RTSP source] 5 decode errors, last was: received RTP packet with unknown payload type: 50
2026/09/29 08:11:06 WAR [path cam_3059f25c] [RTSP source] 5 decode errors, last was: received RTP packet with unknown payload type: 50
2026/09/29 08:11:07 WAR [path cam_3059f25c] [RTSP source] 5 decode errors, last was: received RTP packet with unknown payload type: 50
2026/09/29 08:11:07 WAR [path cam_5064cd2c] [RTSP source] 5 decode errors, last was: received RTP packet with unknown payload type: 50
2026/09/29 08:11:07 INF [RTSP] [conn 127.0.0.1:60499] opened
2026/09/29 08:11:07 INF [RTSP] [session 34498a7c] created by 127.0.0.1:60499
2026/09/29 08:11:07 INF [RTSP] [conn 127.0.0.1:60499] closed: EOF
2026/09/29 08:11:07 INF [RTSP] [session 34498a7c] destroyed: not in use
2026/09/29 08:11:08 WAR [path cam_3059f25c] [RTSP source] 5 decode errors, last was: received RTP packet with unknown payload type: 50
2026/09/29 08:11:08 WAR [path cam_5064cd2c] [RTSP source] 5 decode errors, last was: received RTP packet with unknown payload type: 50
2026/09/29 08:11:09 WAR [path cam_5064cd2c] [RTSP source] 5 decode errors, last was: received RTP packet with unknown payload type: 50
2026/09/29 08:11:09 WAR [path cam_3059f25c] [RTSP source] 5 decode errors, last was: received RTP packet with unknown payload type: 50
2026/09/29 08:11:09 INF [RTSP] [conn 127.0.0.1:60500] opened
2026/09/29 08:11:09 INF [RTSP] [session f1e599fa] created by 127.0.0.1:60500
2026/09/29 08:11:09 INF [RTSP] [conn 127.0.0.1:60500] closed: EOF
2026/09/29 08:11:09 INF [RTSP] [session f1e599fa] destroyed: not in use
2026/09/29 08:11:10 WAR [path cam_3059f25c] [RTSP source] 5 decode errors, last was: received RTP packet with unknown payload type: 50
2026/09/29 08:11:10 WAR [path cam_5064cd2c] [RTSP source] 5 decode errors, last was: received RTP packet with unknown payload type: 50
2026/09/29 08:11:11 WAR [path cam_5064cd2c] [RTSP source] 5 decode errors, last was: received RTP packet with unknown payload type: 50
2026/09/29 08:11:11 WAR [path cam_3059f25c] [RTSP source] 5 decode errors, last was: received RTP packet with unknown payload type: 50
2026/09/29 08:11:12 WAR [path cam_5064cd2c] [RTSP source] 5 decode errors, last was: received RTP packet with unknown payload type: 50
2026/09/29 08:11:12 WAR [path cam_3059f25c] [RTSP source] 5 decode errors, last was: received RTP packet with unknown payload type: 50
2026/09/29 08:11:12 INF [RTSP] [conn 127.0.0.1:60503] opened
2026/09/29 08:11:12 INF [RTSP] [session 5eda833c] created by 127.0.0.1:60503
2026/09/29 08:11:12 INF [RTSP] [conn 127.0.0.1:60503] closed: EOF
2026/09/29 08:11:12 INF [RTSP] [session 5eda833c] destroyed: not in use
2026/09/29 08:11:13 WAR [path cam_3059f25c] [RTSP source] 5 decode errors, last was: received RTP packet with unknown payload type: 50
2026/09/29 08:11:13 WAR [path cam_5064cd2c] [RTSP source] 5 decode errors, last was: received RTP packet with unknown payload type: 50
2026/09/29 08:11:14 WAR [path cam_3059f25c] [RTSP source] 5 decode errors, last was: received RTP packet with unknown payload type: 50
2026/09/29 08:11:14 WAR [path cam_5064cd2c] [RTSP source] 5 decode errors, last was: received RTP packet with unknown payload type: 50
2026/09/29 08:11:14 INF [RTSP] [conn 127.0.0.1:60504] opened
2026/09/29 08:11:14 INF [RTSP] [session 77abb32c] created by 127.0.0.1:60504
2026/09/29 08:11:14 INF [RTSP] [conn 127.0.0.1:60504] closed: EOF
2026/09/29 08:11:14 INF [RTSP] [session 77abb32c] destroyed: not in use
2026/09/29 08:11:15 WAR [path cam_3059f25c] [RTSP source] 5 decode errors, last was: received RTP packet with unknown payload type: 50
2026/09/29 08:11:15 WAR [path cam_5064cd2c] [RTSP source] 5 decode errors, last was: received RTP packet with unknown payload type: 50
2026/09/29 08:11:16 WAR [path cam_3059f25c] [RTSP source] 5 decode errors, last was: received RTP packet with unknown payload type: 50
2026/09/29 08:11:16 WAR [path cam_5064cd2c] [RTSP source] 5 decode errors, last was: received RTP packet with unknown payload type: 50
2026/09/29 08:11:17 WAR [path cam_5064cd2c] [RTSP source] 5 decode errors, last was: received RTP packet with unknown payload type: 50
2026/09/29 08:11:17 WAR [path cam_3059f25c] [RTSP source] 5 decode errors, last was: received RTP packet with unknown payload type: 50
2026/09/29 08:11:18 WAR [path cam_5064cd2c] [RTSP source] 5 decode errors, last was: received RTP packet with unknown payload type: 50
2026/09/29 08:11:18 WAR [path cam_3059f25c] [RTSP source] 5 decode errors, last was: received RTP packet with unknown payload type: 50
2026/09/29 08:11:19 WAR [path cam_5064cd2c] [RTSP source] 5 decode errors, last was: received RTP packet with unknown payload type: 50
2026/09/29 08:11:19 WAR [path cam_3059f25c] [RTSP source] 5 decode errors, last was: received RTP packet with unknown payload type: 50
2026/09/29 08:11:20 WAR [path cam_3059f25c] [RTSP source] 5 decode errors, last was: received RTP packet with unknown payload type: 50
2026/09/29 08:11:20 WAR [path cam_5064cd2c] [RTSP source] 5 decode errors, last was: received RTP packet with unknown payload type: 50
2026/09/29 08:11:21 WAR [path cam_3059f25c] [RTSP source] 5 decode errors, last was: received RTP packet with unknown payload type: 50
2026/09/29 08:11:21 WAR [path cam_5064cd2c] [RTSP source] 5 decode errors, last was: received RTP packet with unknown payload type: 50
2026/09/29 08:11:22 WAR [path cam_3059f25c] [RTSP source] 5 decode errors, last was: received RTP packet with unknown payload type: 50
2026/09/29 08:11:22 WAR [path cam_5064cd2c] [RTSP source] 5 decode errors, last was: received RTP packet with unknown payload type: 50
2026/09/29 08:11:23 WAR [path cam_3059f25c] [RTSP source] 5 decode errors, last was: received RTP packet with unknown payload type: 50
2026/09/29 08:11:23 WAR [path cam_5064cd2c] [RTSP source] 5 decode errors, last was: received RTP packet with unknown payload type: 50
2026/09/29 08:11:24 WAR [path cam_3059f25c] [RTSP source] 5 decode errors, last was: received RTP packet with unknown payload type: 50
2026/09/29 08:11:24 WAR [path cam_5064cd2c] [RTSP source] 5 decode errors, last was: received RTP packet with unknown payload type: 50
2026/09/29 08:11:25 WAR [path cam_5064cd2c] [RTSP source] 5 decode errors, last was: received RTP packet with unknown payload type: 50
2026/09/29 08:11:25 WAR [path cam_3059f25c] [RTSP source] 5 decode errors, last was: received RTP packet with unknown payload type: 50
2026/09/29 08:11:26 WAR [path cam_5064cd2c] [RTSP source] 5 decode errors, last was: received RTP packet with unknown payload type: 50
2026/09/29 08:11:26 WAR [path cam_3059f25c] [RTSP source] 5 decode errors, last was: received RTP packet with unknown payload type: 50
2026/09/29 08:11:27 WAR [path cam_3059f25c] [RTSP source] 5 decode errors, last was: received RTP packet with unknown payload type: 50
2026/09/29 08:11:27 WAR [path cam_5064cd2c] [RTSP source] 5 decode errors, last was: received RTP packet with unknown payload type: 50
2026/09/29 08:11:28 WAR [path cam_3059f25c] [RTSP source] 5 decode errors, last was: received RTP packet with unknown payload type: 50
2026/09/29 08:11:28 WAR [path cam_5064cd2c] [RTSP source] 5 decode errors, last was: received RTP packet with unknown payload type: 50
2026/09/29 08:11:29 WAR [path cam_3059f25c] [RTSP source] 5 decode errors, last was: received RTP packet with unknown payload type: 50
2026/09/29 08:11:29 WAR [path cam_5064cd2c] [RTSP source] 5 decode errors, last was: received RTP packet with unknown payload type: 50
2026/09/29 08:11:30 WAR [path cam_5064cd2c] [RTSP source] 5 decode errors, last was: received RTP packet with unknown payload type: 50
2026/09/29 08:11:30 WAR [path cam_3059f25c] [RTSP source] 5 decode errors, last was: received RTP packet with unknown payload type: 50
2026/09/29 08:11:31 WAR [path cam_5064cd2c] [RTSP source] 5 decode errors, last was: received RTP packet with unknown payload type: 50
2026/09/29 08:11:31 WAR [path cam_3059f25c] [RTSP source] 5 decode errors, last was: received RTP packet with unknown payload type: 50
2026/09/29 08:11:32 WAR [path cam_3059f25c] [RTSP source] 5 decode errors, last was: received RTP packet with unknown payload type: 50
2026/09/29 08:11:32 WAR [path cam_5064cd2c] [RTSP source] 5 decode errors, last was: received RTP packet with unknown payload type: 50
2026/09/29 08:11:33 WAR [path cam_5064cd2c] [RTSP source] 5 decode errors, last was: received RTP packet with unknown payload type: 50
2026/09/29 08:11:33 WAR [path cam_3059f25c] [RTSP source] 5 decode errors, last was: received RTP packet with unknown payload type: 50
2026/09/29 08:11:34 WAR [path cam_5064cd2c] [RTSP source] 5 decode errors, last was: received RTP packet with unknown payload type: 50
2026/09/29 08:11:34 WAR [path cam_3059f25c] [RTSP source] 5 decode errors, last was: received RTP packet with unknown payload type: 50
2026/09/29 08:11:35 WAR [path cam_3059f25c] [RTSP source] 5 decode errors, last was: received RTP packet with unknown payload type: 50
2026/09/29 08:11:35 WAR [path cam_5064cd2c] [RTSP source] 5 decode errors, last was: received RTP packet with unknown payload type: 50
2026/09/29 08:11:36 WAR [path cam_3059f25c] [RTSP source] 5 decode errors, last was: received RTP packet with unknown payload type: 50
2026/09/29 08:11:36 WAR [path cam_5064cd2c] [RTSP source] 5 decode errors, last was: received RTP packet with unknown payload type: 50
2026/09/29 08:11:37 WAR [path cam_5064cd2c] [RTSP source] 5 decode errors, last was: received RTP packet with unknown payload type: 50
2026/09/29 08:11:37 WAR [path cam_3059f25c] [RTSP source] 5 decode errors, last was: received RTP packet with unknown payload type: 50
2026/09/29 08:11:38 WAR [path cam_5064cd2c] [RTSP source] 5 decode errors, last was: received RTP packet with unknown payload type: 50
2026/09/29 08:11:38 WAR [path cam_3059f25c] [RTSP source] 5 decode errors, last was: received RTP packet with unknown payload type: 50
2026/09/29 08:11:39 WAR [path cam_3059f25c] [RTSP source] 5 decode errors, last was: received RTP packet with unknown payload type: 50
2026/09/29 08:11:39 WAR [path cam_5064cd2c] [RTSP source] 5 decode errors, last was: received RTP packet with unknown payload type: 50
2026/09/29 08:11:40 WAR [path cam_5064cd2c] [RTSP source] 5 decode errors, last was: received RTP packet with unknown payload type: 50
2026/09/29 08:11:40 WAR [path cam_3059f25c] [RTSP source] 5 decode errors, last was: received RTP packet with unknown payload type: 50
2026/09/29 08:11:41 WAR [path cam_3059f25c] [RTSP source] 5 decode errors, last was: received RTP packet with unknown payload type: 50
2026/09/29 08:11:41 WAR [path cam_5064cd2c] [RTSP source] 5 decode errors, last was: received RTP packet with unknown payload type: 50
2026/09/29 08:11:42 WAR [path cam_5064cd2c] [RTSP source] 5 decode errors, last was: received RTP packet with unknown payload type: 50
2026/09/29 08:11:42 WAR [path cam_3059f25c] [RTSP source] 5 decode errors, last was: received RTP packet with unknown payload type: 50
2026/09/29 08:11:43 WAR [path cam_3059f25c] [RTSP source] 5 decode errors, last was: received RTP packet with unknown payload type: 50
2026/09/29 08:11:43 WAR [path cam_5064cd2c] [RTSP source] 5 decode errors, last was: received RTP packet with unknown payload type: 50
2026/09/29 08:11:44 WAR [path cam_3059f25c] [RTSP source] 5 decode errors, last was: received RTP packet with unknown payload type: 50
2026/09/29 08:11:44 WAR [path cam_5064cd2c] [RTSP source] 5 decode errors, last was: received RTP packet with unknown payload type: 50
2026/09/29 08:11:45 WAR [path cam_5064cd2c] [RTSP source] 5 decode errors, last was: received RTP packet with unknown payload type: 50
2026/09/29 08:11:45 WAR [path cam_3059f25c] [RTSP source] 5 decode errors, last was: received RTP packet with unknown payload type: 50
2026/09/29 08:11:46 WAR [path cam_5064cd2c] [RTSP source] 5 decode errors, last was: received RTP packet with unknown payload type: 50
2026/09/29 08:11:46 WAR [path cam_3059f25c] [RTSP source] 5 decode errors, last was: received RTP packet with unknown payload type: 50
2026/09/29 08:11:47 WAR [path cam_5064cd2c] [RTSP source] 5 decode errors, last was: received RTP packet with unknown payload type: 50
2026/09/29 08:11:47 WAR [path cam_3059f25c] [RTSP source] 5 decode errors, last was: received RTP packet with unknown payload type: 50
2026/09/29 08:11:48 WAR [path cam_3059f25c] [RTSP source] 5 decode errors, last was: received RTP packet with unknown payload type: 50
2026/09/29 08:11:48 WAR [path cam_5064cd2c] [RTSP source] 5 decode errors, last was: received RTP packet with unknown payload type: 50
2026/09/29 08:11:49 WAR [path cam_3059f25c] [RTSP source] 5 decode errors, last was: received RTP packet with unknown payload type: 50
2026/09/29 08:11:49 WAR [path cam_5064cd2c] [RTSP source] 5 decode errors, last was: received RTP packet with unknown payload type: 50
2026/09/29 08:11:50 WAR [path cam_5064cd2c] [RTSP source] 5 decode errors, last was: received RTP packet with unknown payload type: 50
2026/09/29 08:11:50 WAR [path cam_3059f25c] [RTSP source] 5 decode errors, last was: received RTP packet with unknown payload type: 50
2026/09/29 08:11:51 WAR [path cam_3059f25c] [RTSP source] 5 decode errors, last was: received RTP packet with unknown payload type: 50
2026/09/29 08:11:51 WAR [path cam_5064cd2c] [RTSP source] 5 decode errors, last was: received RTP packet with unknown payload type: 50
2026/09/29 08:11:52 WAR [path cam_3059f25c] [RTSP source] 5 decode errors, last was: received RTP packet with unknown payload type: 50
2026/09/29 08:11:52 WAR [path cam_5064cd2c] [RTSP source] 5 decode errors, last was: received RTP packet with unknown payload type: 50
2026/09/29 08:11:53 WAR [path cam_5064cd2c] [RTSP source] 5 decode errors, last was: received RTP packet with unknown payload type: 50
2026/09/29 08:11:53 WAR [path cam_3059f25c] [RTSP source] 5 decode errors, last was: received RTP packet with unknown payload type: 50
2026/09/29 08:11:54 WAR [path cam_5064cd2c] [RTSP source] 5 decode errors, last was: received RTP packet with unknown payload type: 50
2026/09/29 08:11:54 WAR [path cam_3059f25c] [RTSP source] 5 decode errors, last was: received RTP packet with unknown payload type: 50
2026/09/29 08:11:55 WAR [path cam_3059f25c] [RTSP source] 5 decode errors, last was: received RTP packet with unknown payload type: 50
2026/09/29 08:11:55 WAR [path cam_5064cd2c] [RTSP source] 5 decode errors, last was: received RTP packet with unknown payload type: 50
2026/09/29 08:11:56 WAR [path cam_3059f25c] [RTSP source] 5 decode errors, last was: received RTP packet with unknown payload type: 50
2026/09/29 08:11:56 WAR [path cam_5064cd2c] [RTSP source] 5 decode errors, last was: received RTP packet with unknown payload type: 50
2026/09/29 08:11:57 WAR [path cam_5064cd2c] [RTSP source] 5 decode errors, last was: received RTP packet with unknown payload type: 50
2026/09/29 08:11:57 WAR [path cam_3059f25c] [RTSP source] 5 decode errors, last was: received RTP packet with unknown payload type: 50
2026/09/29 08:11:58 WAR [path cam_3059f25c] [RTSP source] 5 decode errors, last was: received RTP packet with unknown payload type: 50
2026/09/29 08:11:58 WAR [path cam_5064cd2c] [RTSP source] 5 decode errors, last was: received RTP packet with unknown payload type: 50
2026/09/29 08:11:59 WAR [path cam_5064cd2c] [RTSP source] 5 decode errors, last was: received RTP packet with unknown payload type: 50
2026/09/29 08:11:59 WAR [path cam_3059f25c] [RTSP source] 5 decode errors, last was: received RTP packet with unknown payload type: 50
2026/09/29 08:12:00 WAR [path cam_5064cd2c] [RTSP source] 5 decode errors, last was: received RTP packet with unknown payload type: 50
2026/09/29 08:12:00 WAR [path cam_3059f25c] [RTSP source] 5 decode errors, last was: received RTP packet with unknown payload type: 50
2026/09/29 08:12:01 WAR [path cam_5064cd2c] [RTSP source] 5 decode errors, last was: received RTP packet with unknown payload type: 50
2026/09/29 08:12:01 WAR [path cam_3059f25c] [RTSP source] 5 decode errors, last was: received RTP packet with unknown payload type: 50
2026/09/29 08:12:02 WAR [path cam_3059f25c] [RTSP source] 5 decode errors, last was: received RTP packet with unknown payload type: 50
2026/09/29 08:12:02 WAR [path cam_5064cd2c] [RTSP source] 5 decode errors, last was: received RTP packet with unknown payload type: 50
2026/09/29 08:12:03 WAR [path cam_3059f25c] [RTSP source] 5 decode errors, last was: received RTP packet with unknown payload type: 50
2026/09/29 08:12:03 WAR [path cam_5064cd2c] [RTSP source] 5 decode errors, last was: received RTP packet with unknown payload type: 50
2026/09/29 08:12:04 WAR [path cam_3059f25c] [RTSP source] 5 decode errors, last was: received RTP packet with unknown payload type: 50
2026/09/29 08:12:04 WAR [path cam_5064cd2c] [RTSP source] 5 decode errors, last was: received RTP packet with unknown payload type: 50
2026/09/29 08:12:05 WAR [path cam_3059f25c] [RTSP source] 5 decode errors, last was: received RTP packet with unknown payload type: 50
2026/09/29 08:12:05 WAR [path cam_5064cd2c] [RTSP source] 5 decode errors, last was: received RTP packet with unknown payload type: 50
2026/09/29 08:12:06 WAR [path cam_3059f25c] [RTSP source] 5 decode errors, last was: received RTP packet with unknown payload type: 50
2026/09/29 08:12:06 WAR [path cam_5064cd2c] [RTSP source] 5 decode errors, last was: received RTP packet with unknown payload type: 50
2026/09/29 08:12:07 WAR [path cam_5064cd2c] [RTSP source] 5 decode errors, last was: received RTP packet with unknown payload type: 50
2026/09/29 08:12:07 WAR [path cam_3059f25c] [RTSP source] 5 decode errors, last was: received RTP packet with unknown payload type: 50
2026/09/29 08:12:08 WAR [path cam_5064cd2c] [RTSP source] 5 decode errors, last was: received RTP packet with unknown payload type: 50
2026/09/29 08:12:08 WAR [path cam_3059f25c] [RTSP source] 5 decode errors, last was: received RTP packet with unknown payload type: 50
2026/09/29 08:12:09 WAR [path cam_3059f25c] [RTSP source] 5 decode errors, last was: received RTP packet with unknown payload type: 50
2026/09/29 08:12:09 WAR [path cam_5064cd2c] [RTSP source] 5 decode errors, last was: received RTP packet with unknown payload type: 50
2026/09/29 08:12:10 WAR [path cam_3059f25c] [RTSP source] 5 decode errors, last was: received RTP packet with unknown payload type: 50
2026/09/29 08:12:10 WAR [path cam_5064cd2c] [RTSP source] 5 decode errors, last was: received RTP packet with unknown payload type: 50
2026/09/29 08:12:11 WAR [path cam_3059f25c] [RTSP source] 5 decode errors, last was: received RTP packet with unknown payload type: 50
2026/09/29 08:12:11 WAR [path cam_5064cd2c] [RTSP source] 5 decode errors, last was: received RTP packet with unknown payload type: 50
2026/09/29 08:12:12 WAR [path cam_3059f25c] [RTSP source] 5 decode errors, last was: received RTP packet with unknown payload type: 50
2026/09/29 08:12:12 WAR [path cam_5064cd2c] [RTSP source] 5 decode errors, last was: received RTP packet with unknown payload type: 50
2026/09/29 08:12:13 WAR [path cam_3059f25c] [RTSP source] 5 decode errors, last was: received RTP packet with unknown payload type: 50
2026/09/29 08:12:13 WAR [path cam_5064cd2c] [RTSP source] 5 decode errors, last was: received RTP packet with unknown payload type: 50
2026/09/29 08:12:14 WAR [path cam_3059f25c] [RTSP source] 5 decode errors, last was: received RTP packet with unknown payload type: 50
2026/09/29 08:12:14 WAR [path cam_5064cd2c] [RTSP source] 5 decode errors, last was: received RTP packet with unknown payload type: 50
2026/09/29 08:12:15 WAR [path cam_3059f25c] [RTSP source] 5 decode errors, last was: received RTP packet with unknown payload type: 50
2026/09/29 08:12:15 WAR [path cam_5064cd2c] [RTSP source] 5 decode errors, last was: received RTP packet with unknown payload type: 50
2026/09/29 08:12:16 WAR [path cam_5064cd2c] [RTSP source] 5 decode errors, last was: received RTP packet with unknown payload type: 50
2026/09/29 08:12:16 WAR [path cam_3059f25c] [RTSP source] 5 decode errors, last was: received RTP packet with unknown payload type: 50
2026/09/29 08:12:17 WAR [path cam_5064cd2c] [RTSP source] 5 decode errors, last was: received RTP packet with unknown payload type: 50
2026/09/29 08:12:17 WAR [path cam_3059f25c] [RTSP source] 5 decode errors, last was: received RTP packet with unknown payload type: 50
2026/09/29 08:12:18 WAR [path cam_5064cd2c] [RTSP source] 5 decode errors, last was: received RTP packet with unknown payload type: 50
2026/09/29 08:12:18 WAR [path cam_3059f25c] [RTSP source] 5 decode errors, last was: received RTP packet with unknown payload type: 50
2026/09/29 08:12:19 WAR [path cam_3059f25c] [RTSP source] 5 decode errors, last was: received RTP packet with unknown payload type: 50
2026/09/29 08:12:19 WAR [path cam_5064cd2c] [RTSP source] 5 decode errors, last was: received RTP packet with unknown payload type: 50
2026/09/29 08:12:20 WAR [path cam_3059f25c] [RTSP source] 5 decode errors, last was: received RTP packet with unknown payload type: 50
2026/09/29 08:12:20 WAR [path cam_5064cd2c] [RTSP source] 5 decode errors, last was: received RTP packet with unknown payload type: 50
2026/09/29 08:12:21 WAR [path cam_5064cd2c] [RTSP source] 5 decode errors, last was: received RTP packet with unknown payload type: 50
2026/09/29 08:12:21 WAR [path cam_3059f25c] [RTSP source] 5 decode errors, last was: received RTP packet with unknown payload type: 50
2026/09/29 08:12:22 WAR [path cam_5064cd2c] [RTSP source] 5 decode errors, last was: received RTP packet with unknown payload type: 50
2026/09/29 08:12:22 WAR [path cam_3059f25c] [RTSP source] 5 decode errors, last was: received RTP packet with unknown payload type: 50
2026/09/29 08:12:23 WAR [path cam_5064cd2c] [RTSP source] 5 decode errors, last was: received RTP packet with unknown payload type: 50
2026/09/29 08:12:23 WAR [path cam_3059f25c] [RTSP source] 5 decode errors, last was: received RTP packet with unknown payload type: 50
2026/09/29 08:12:24 WAR [path cam_3059f25c] [RTSP source] 5 decode errors, last was: received RTP packet with unknown payload type: 50
2026/09/29 08:12:24 WAR [path cam_5064cd2c] [RTSP source] 5 decode errors, last was: received RTP packet with unknown payload type: 50
2026/09/29 08:12:25 WAR [path cam_5064cd2c] [RTSP source] 5 decode errors, last was: received RTP packet with unknown payload type: 50
2026/09/29 08:12:25 WAR [path cam_3059f25c] [RTSP source] 5 decode errors, last was: received RTP packet with unknown payload type: 50
2026/09/29 08:12:26 WAR [path cam_3059f25c] [RTSP source] 5 decode errors, last was: received RTP packet with unknown payload type: 50
2026/09/29 08:12:26 WAR [path cam_5064cd2c] [RTSP source] 5 decode errors, last was: received RTP packet with unknown payload type: 50
2026/09/29 08:12:27 WAR [path cam_5064cd2c] [RTSP source] 5 decode errors, last was: received RTP packet with unknown payload type: 50
2026/09/29 08:12:27 WAR [path cam_3059f25c] [RTSP source] 5 decode errors, last was: received RTP packet with unknown payload type: 50
2026/09/29 08:12:28 WAR [path cam_3059f25c] [RTSP source] 5 decode errors, last was: received RTP packet with unknown payload type: 50
2026/09/29 08:12:28 WAR [path cam_5064cd2c] [RTSP source] 5 decode errors, last was: received RTP packet with unknown payload type: 50
2026/09/29 08:12:29 WAR [path cam_3059f25c] [RTSP source] 5 decode errors, last was: received RTP packet with unknown payload type: 50
2026/09/29 08:12:29 WAR [path cam_5064cd2c] [RTSP source] 5 decode errors, last was: received RTP packet with unknown payload type: 50
2026/09/29 08:12:30 WAR [path cam_3059f25c] [RTSP source] 5 decode errors, last was: received RTP packet with unknown payload type: 50
2026/09/29 08:12:30 WAR [path cam_5064cd2c] [RTSP source] 5 decode errors, last was: received RTP packet with unknown payload type: 50
2026/09/29 08:12:31 WAR [path cam_3059f25c] [RTSP source] 5 decode errors, last was: received RTP packet with unknown payload type: 50
2026/09/29 08:12:31 WAR [path cam_5064cd2c] [RTSP source] 5 decode errors, last was: received RTP packet with unknown payload type: 50
2026/09/29 08:12:32 WAR [path cam_3059f25c] [RTSP source] 5 decode errors, last was: received RTP packet with unknown payload type: 50
2026/09/29 08:12:32 WAR [path cam_5064cd2c] [RTSP source] 5 decode errors, last was: received RTP packet with unknown payload type: 50
2026/09/29 08:12:33 WAR [path cam_3059f25c] [RTSP source] 5 decode errors, last was: received RTP packet with unknown payload type: 50
2026/09/29 08:12:33 WAR [path cam_5064cd2c] [RTSP source] 5 decode errors, last was: received RTP packet with unknown payload type: 50
2026/09/29 08:12:34 WAR [path cam_3059f25c] [RTSP source] 5 decode errors, last was: received RTP packet with unknown payload type: 50
2026/09/29 08:12:34 WAR [path cam_5064cd2c] [RTSP source] 5 decode errors, last was: received RTP packet with unknown payload type: 50
2026/09/29 08:12:35 WAR [path cam_3059f25c] [RTSP source] 5 decode errors, last was: received RTP packet with unknown payload type: 50
2026/09/29 08:12:35 WAR [path cam_5064cd2c] [RTSP source] 5 decode errors, last was: received RTP packet with unknown payload type: 50
2026/09/29 08:12:36 WAR [path cam_5064cd2c] [RTSP source] 5 decode errors, last was: received RTP packet with unknown payload type: 50
2026/09/29 08:12:36 WAR [path cam_3059f25c] [RTSP source] 5 decode errors, last was: received RTP packet with unknown payload type: 50
2026/09/29 08:12:37 WAR [path cam_3059f25c] [RTSP source] 5 decode errors, last was: received RTP packet with unknown payload type: 50
2026/09/29 08:12:37 WAR [path cam_5064cd2c] [RTSP source] 5 decode errors, last was: received RTP packet with unknown payload type: 50
2026/09/29 08:12:38 WAR [path cam_3059f25c] [RTSP source] 5 decode errors, last was: received RTP packet with unknown payload type: 50
2026/09/29 08:12:38 WAR [path cam_5064cd2c] [RTSP source] 5 decode errors, last was: received RTP packet with unknown payload type: 50
2026/09/29 08:12:39 WAR [path cam_3059f25c] [RTSP source] 5 decode errors, last was: received RTP packet with unknown payload type: 50
2026/09/29 08:12:39 WAR [path cam_5064cd2c] [RTSP source] 5 decode errors, last was: received RTP packet with unknown payload type: 50
2026/09/29 08:12:40 WAR [path cam_5064cd2c] [RTSP source] 5 decode errors, last was: received RTP packet with unknown payload type: 50
2026/09/29 08:12:40 WAR [path cam_3059f25c] [RTSP source] 5 decode errors, last was: received RTP packet with unknown payload type: 50
2026/09/29 08:12:41 WAR [path cam_5064cd2c] [RTSP source] 5 decode errors, last was: received RTP packet with unknown payload type: 50
2026/09/29 08:12:41 WAR [path cam_3059f25c] [RTSP source] 5 decode errors, last was: received RTP packet with unknown payload type: 50
2026/09/29 08:12:42 WAR [path cam_3059f25c] [RTSP source] 5 decode errors, last was: received RTP packet with unknown payload type: 50
2026/09/29 08:12:42 WAR [path cam_5064cd2c] [RTSP source] 5 decode errors, last was: received RTP packet with unknown payload type: 50
2026/09/29 08:12:43 WAR [path cam_3059f25c] [RTSP source] 5 decode errors, last was: received RTP packet with unknown payload type: 50
2026/09/29 08:12:43 WAR [path cam_5064cd2c] [RTSP source] 5 decode errors, last was: received RTP packet with unknown payload type: 50
2026/09/29 08:12:44 WAR [path cam_5064cd2c] [RTSP source] 5 decode errors, last was: received RTP packet with unknown payload type: 50
2026/09/29 08:12:44 WAR [path cam_3059f25c] [RTSP source] 5 decode errors, last was: received RTP packet with unknown payload type: 50
2026/09/29 08:12:45 WAR [path cam_3059f25c] [RTSP source] 5 decode errors, last was: received RTP packet with unknown payload type: 50
2026/09/29 08:12:45 WAR [path cam_5064cd2c] [RTSP source] 5 decode errors, last was: received RTP packet with unknown payload type: 50
2026/09/29 08:12:46 WAR [path cam_3059f25c] [RTSP source] 5 decode errors, last was: received RTP packet with unknown payload type: 50
2026/09/29 08:12:46 WAR [path cam_5064cd2c] [RTSP source] 5 decode errors, last was: received RTP packet with unknown payload type: 50
2026/09/29 08:12:46 WAR [path cam_1e437edf] processing error: discarding frame since a RTP packet is missing
2026/09/29 08:12:47 WAR [path cam_1e437edf] [RTSP source] 7 RTP packets lost
2026/09/29 08:12:47 WAR [path cam_5064cd2c] [RTSP source] 5 decode errors, last was: received RTP packet with unknown payload type: 50
2026/09/29 08:12:47 WAR [path cam_3059f25c] [RTSP source] 5 decode errors, last was: received RTP packet with unknown payload type: 50
2026/09/29 08:12:48 WAR [path cam_3059f25c] [RTSP source] 5 decode errors, last was: received RTP packet with unknown payload type: 50
2026/09/29 08:12:48 WAR [path cam_5064cd2c] [RTSP source] 5 decode errors, last was: received RTP packet with unknown payload type: 50
2026/09/29 08:12:49 WAR [path cam_5064cd2c] [RTSP source] 5 decode errors, last was: received RTP packet with unknown payload type: 50
2026/09/29 08:12:49 WAR [path cam_3059f25c] [RTSP source] 5 decode errors, last was: received RTP packet with unknown payload type: 50
2026/09/29 08:12:50 WAR [path cam_3059f25c] [RTSP source] 5 decode errors, last was: received RTP packet with unknown payload type: 50
2026/09/29 08:12:50 WAR [path cam_5064cd2c] [RTSP source] 5 decode errors, last was: received RTP packet with unknown payload type: 50
2026/09/29 08:12:51 WAR [path cam_5064cd2c] [RTSP source] 5 decode errors, last was: received RTP packet with unknown payload type: 50
2026/09/29 08:12:51 WAR [path cam_3059f25c] [RTSP source] 5 decode errors, last was: received RTP packet with unknown payload type: 50
2026/09/29 08:12:52 WAR [path cam_3059f25c] [RTSP source] 5 decode errors, last was: received RTP packet with unknown payload type: 50
2026/09/29 08:12:52 WAR [path cam_5064cd2c] [RTSP source] 5 decode errors, last was: received RTP packet with unknown payload type: 50
2026/09/29 08:12:53 WAR [path cam_3059f25c] [RTSP source] 5 decode errors, last was: received RTP packet with unknown payload type: 50
2026/09/29 08:12:53 WAR [path cam_5064cd2c] [RTSP source] 5 decode errors, last was: received RTP packet with unknown payload type: 50
2026/09/29 08:12:54 WAR [path cam_5064cd2c] [RTSP source] 5 decode errors, last was: received RTP packet with unknown payload type: 50
2026/09/29 08:12:54 WAR [path cam_3059f25c] [RTSP source] 5 decode errors, last was: received RTP packet with unknown payload type: 50
2026/09/29 08:12:55 WAR [path cam_5064cd2c] [RTSP source] 5 decode errors, last was: received RTP packet with unknown payload type: 50
2026/09/29 08:12:55 WAR [path cam_3059f25c] [RTSP source] 5 decode errors, last was: received RTP packet with unknown payload type: 50
2026/09/29 08:12:56 WAR [path cam_3059f25c] [RTSP source] 5 decode errors, last was: received RTP packet with unknown payload type: 50
2026/09/29 08:12:56 WAR [path cam_5064cd2c] [RTSP source] 5 decode errors, last was: received RTP packet with unknown payload type: 50
2026/09/29 08:12:57 WAR [path cam_3059f25c] [RTSP source] 5 decode errors, last was: received RTP packet with unknown payload type: 50
2026/09/29 08:12:57 WAR [path cam_5064cd2c] [RTSP source] 5 decode errors, last was: received RTP packet with unknown payload type: 50
2026/09/29 08:12:58 WAR [path cam_3059f25c] [RTSP source] 5 decode errors, last was: received RTP packet with unknown payload type: 50
2026/09/29 08:12:58 WAR [path cam_5064cd2c] [RTSP source] 5 decode errors, last was: received RTP packet with unknown payload type: 50
2026/09/29 08:12:59 WAR [path cam_3059f25c] [RTSP source] 5 decode errors, last was: received RTP packet with unknown payload type: 50
2026/09/29 08:12:59 WAR [path cam_5064cd2c] [RTSP source] 5 decode errors, last was: received RTP packet with unknown payload type: 50
2026/09/29 08:13:00 WAR [path cam_5064cd2c] [RTSP source] 5 decode errors, last was: received RTP packet with unknown payload type: 50
2026/09/29 08:13:00 WAR [path cam_3059f25c] [RTSP source] 5 decode errors, last was: received RTP packet with unknown payload type: 50
2026/09/29 08:13:01 WAR [path cam_3059f25c] [RTSP source] 5 decode errors, last was: received RTP packet with unknown payload type: 50
2026/09/29 08:13:01 WAR [path cam_5064cd2c] [RTSP source] 5 decode errors, last was: received RTP packet with unknown payload type: 50
2026/09/29 08:13:02 WAR [path cam_5064cd2c] [RTSP source] 5 decode errors, last was: received RTP packet with unknown payload type: 50
2026/09/29 08:13:02 WAR [path cam_3059f25c] [RTSP source] 5 decode errors, last was: received RTP packet with unknown payload type: 50
2026/09/29 08:13:03 WAR [path cam_5064cd2c] [RTSP source] 5 decode errors, last was: received RTP packet with unknown payload type: 50
2026/09/29 08:13:03 WAR [path cam_3059f25c] [RTSP source] 5 decode errors, last was: received RTP packet with unknown payload type: 50
2026/09/29 08:13:04 WAR [path cam_5064cd2c] [RTSP source] 5 decode errors, last was: received RTP packet with unknown payload type: 50
2026/09/29 08:13:04 WAR [path cam_3059f25c] [RTSP source] 5 decode errors, last was: received RTP packet with unknown payload type: 50
2026/09/29 08:13:05 WAR [path cam_3059f25c] [RTSP source] 5 decode errors, last was: received RTP packet with unknown payload type: 50
2026/09/29 08:13:05 WAR [path cam_5064cd2c] [RTSP source] 5 decode errors, last was: received RTP packet with unknown payload type: 50
2026/09/29 08:13:06 WAR [path cam_3059f25c] [RTSP source] 5 decode errors, last was: received RTP packet with unknown payload type: 50
2026/09/29 08:13:06 WAR [path cam_5064cd2c] [RTSP source] 5 decode errors, last was: received RTP packet with unknown payload type: 50
2026/09/29 08:13:07 WAR [path cam_3059f25c] [RTSP source] 5 decode errors, last was: received RTP packet with unknown payload type: 50
2026/09/29 08:13:07 WAR [path cam_5064cd2c] [RTSP source] 5 decode errors, last was: received RTP packet with unknown payload type: 50
2026/09/29 08:13:08 WAR [path cam_5064cd2c] [RTSP source] 5 decode errors, last was: received RTP packet with unknown payload type: 50
2026/09/29 08:13:08 WAR [path cam_3059f25c] [RTSP source] 5 decode errors, last was: received RTP packet with unknown payload type: 50
2026/09/29 08:13:09 WAR [path cam_3059f25c] [RTSP source] 5 decode errors, last was: received RTP packet with unknown payload type: 50
2026/09/29 08:13:09 WAR [path cam_5064cd2c] [RTSP source] 5 decode errors, last was: received RTP packet with unknown payload type: 50
2026/09/29 08:13:10 WAR [path cam_1e437edf_sub] [RTSP source] 5 RTP packets lost
2026/09/29 08:13:10 WAR [path cam_5064cd2c] [RTSP source] 5 decode errors, last was: received RTP packet with unknown payload type: 50
2026/09/29 08:13:10 WAR [path cam_3059f25c] [RTSP source] 5 decode errors, last was: received RTP packet with unknown payload type: 50
2026/09/29 08:13:10 WAR [path cam_1e437edf_sub] 33 processing errors, last was: invalid FU-A packet (non-starting)
2026/09/29 08:13:11 WAR [path cam_5064cd2c] [RTSP source] 5 decode errors, last was: received RTP packet with unknown payload type: 50
2026/09/29 08:13:11 WAR [path cam_3059f25c] [RTSP source] 5 decode errors, last was: received RTP packet with unknown payload type: 50
2026/09/29 08:13:12 WAR [path cam_3059f25c] [RTSP source] 5 decode errors, last was: received RTP packet with unknown payload type: 50
2026/09/29 08:13:12 WAR [path cam_5064cd2c] [RTSP source] 5 decode errors, last was: received RTP packet with unknown payload type: 50
2026/09/29 08:13:13 WAR [path cam_3059f25c] [RTSP source] 5 decode errors, last was: received RTP packet with unknown payload type: 50
2026/09/29 08:13:13 WAR [path cam_5064cd2c] [RTSP source] 5 decode errors, last was: received RTP packet with unknown payload type: 50
2026/09/29 08:13:14 WAR [path cam_3059f25c] [RTSP source] 5 decode errors, last was: received RTP packet with unknown payload type: 50
2026/09/29 08:13:14 WAR [path cam_5064cd2c] [RTSP source] 5 decode errors, last was: received RTP packet with unknown payload type: 50
2026/09/29 08:13:15 WAR [path cam_5064cd2c] [RTSP source] 5 decode errors, last was: received RTP packet with unknown payload type: 50
2026/09/29 08:13:15 WAR [path cam_3059f25c] [RTSP source] 5 decode errors, last was: received RTP packet with unknown payload type: 50
2026/09/29 08:13:16 WAR [path cam_3059f25c] [RTSP source] 5 decode errors, last was: received RTP packet with unknown payload type: 50
2026/09/29 08:13:16 WAR [path cam_5064cd2c] [RTSP source] 5 decode errors, last was: received RTP packet with unknown payload type: 50
2026/09/29 08:13:17 WAR [path cam_5064cd2c] [RTSP source] 5 decode errors, last was: received RTP packet with unknown payload type: 50
2026/09/29 08:13:17 WAR [path cam_3059f25c] [RTSP source] 5 decode errors, last was: received RTP packet with unknown payload type: 50
2026/09/29 08:13:18 WAR [path cam_5064cd2c] [RTSP source] 5 decode errors, last was: received RTP packet with unknown payload type: 50
2026/09/29 08:13:18 WAR [path cam_3059f25c] [RTSP source] 5 decode errors, last was: received RTP packet with unknown payload type: 50
2026/09/29 08:13:19 WAR [path cam_5064cd2c] [RTSP source] 5 decode errors, last was: received RTP packet with unknown payload type: 50
2026/09/29 08:13:19 WAR [path cam_3059f25c] [RTSP source] 5 decode errors, last was: received RTP packet with unknown payload type: 50
2026/09/29 08:13:20 WAR [path cam_3059f25c] [RTSP source] 5 decode errors, last was: received RTP packet with unknown payload type: 50
2026/09/29 08:13:20 WAR [path cam_5064cd2c] [RTSP source] 5 decode errors, last was: received RTP packet with unknown payload type: 50
2026/09/29 08:13:21 WAR [path cam_3059f25c] [RTSP source] 5 decode errors, last was: received RTP packet with unknown payload type: 50
2026/09/29 08:13:21 WAR [path cam_5064cd2c] [RTSP source] 5 decode errors, last was: received RTP packet with unknown payload type: 50
2026/09/29 08:13:22 WAR [path cam_3059f25c] [RTSP source] 5 decode errors, last was: received RTP packet with unknown payload type: 50
2026/09/29 08:13:22 WAR [path cam_5064cd2c] [RTSP source] 5 decode errors, last was: received RTP packet with unknown payload type: 50
2026/09/29 08:13:23 WAR [path cam_3059f25c] [RTSP source] 5 decode errors, last was: received RTP packet with unknown payload type: 50
2026/09/29 08:13:23 WAR [path cam_5064cd2c] [RTSP source] 5 decode errors, last was: received RTP packet with unknown payload type: 50
2026/09/29 08:13:24 WAR [path cam_5064cd2c] [RTSP source] 5 decode errors, last was: received RTP packet with unknown payload type: 50
2026/09/29 08:13:24 WAR [path cam_3059f25c] [RTSP source] 5 decode errors, last was: received RTP packet with unknown payload type: 50
2026/09/29 08:13:25 WAR [path cam_5064cd2c] [RTSP source] 5 decode errors, last was: received RTP packet with unknown payload type: 50
2026/09/29 08:13:25 WAR [path cam_3059f25c] [RTSP source] 5 decode errors, last was: received RTP packet with unknown payload type: 50
2026/09/29 08:13:26 WAR [path cam_3059f25c] [RTSP source] 5 decode errors, last was: received RTP packet with unknown payload type: 50
2026/09/29 08:13:26 WAR [path cam_5064cd2c] [RTSP source] 5 decode errors, last was: received RTP packet with unknown payload type: 50
2026/09/29 08:13:27 WAR [path cam_3059f25c] [RTSP source] 5 decode errors, last was: received RTP packet with unknown payload type: 50
2026/09/29 08:13:27 WAR [path cam_5064cd2c] [RTSP source] 5 decode errors, last was: received RTP packet with unknown payload type: 50
2026/09/29 08:13:28 WAR [path cam_3059f25c] [RTSP source] 5 decode errors, last was: received RTP packet with unknown payload type: 50
2026/09/29 08:13:28 WAR [path cam_1e437edf] [RTSP source] 7 RTP packets lost
2026/09/29 08:13:28 WAR [path cam_5064cd2c] [RTSP source] 5 decode errors, last was: received RTP packet with unknown payload type: 50
2026/09/29 08:13:28 WAR [path cam_1e437edf] 60 processing errors, last was: invalid fragmentation unit (non-starting)
2026/09/29 08:13:29 WAR [path cam_3059f25c] [RTSP source] 5 decode errors, last was: received RTP packet with unknown payload type: 50
2026/09/29 08:13:29 WAR [path cam_5064cd2c] [RTSP source] 5 decode errors, last was: received RTP packet with unknown payload type: 50
2026/09/29 08:13:30 WAR [path cam_3059f25c] [RTSP source] 5 decode errors, last was: received RTP packet with unknown payload type: 50
2026/09/29 08:13:30 WAR [path cam_5064cd2c] [RTSP source] 5 decode errors, last was: received RTP packet with unknown payload type: 50
2026/09/29 08:13:31 WAR [path cam_3059f25c] [RTSP source] 5 decode errors, last was: received RTP packet with unknown payload type: 50
2026/09/29 08:13:31 WAR [path cam_5064cd2c] [RTSP source] 5 decode errors, last was: received RTP packet with unknown payload type: 50
2026/09/29 08:13:32 WAR [path cam_3059f25c] [RTSP source] 5 decode errors, last was: received RTP packet with unknown payload type: 50
2026/09/29 08:13:32 WAR [path cam_5064cd2c] [RTSP source] 5 decode errors, last was: received RTP packet with unknown payload type: 50
2026/09/29 08:13:32 WAR [path cam_1e437edf_sub] [RTSP source] 6 RTP packets lost
2026/09/29 08:13:33 WAR [path cam_5064cd2c] [RTSP source] 5 decode errors, last was: received RTP packet with unknown payload type: 50
2026/09/29 08:13:33 WAR [path cam_3059f25c] [RTSP source] 5 decode errors, last was: received RTP packet with unknown payload type: 50
2026/09/29 08:13:34 WAR [path cam_5064cd2c] [RTSP source] 5 decode errors, last was: received RTP packet with unknown payload type: 50
2026/09/29 08:13:34 WAR [path cam_3059f25c] [RTSP source] 5 decode errors, last was: received RTP packet with unknown payload type: 50
2026/09/29 08:13:35 WAR [path cam_3059f25c] [RTSP source] 5 decode errors, last was: received RTP packet with unknown payload type: 50
2026/09/29 08:13:35 WAR [path cam_5064cd2c] [RTSP source] 5 decode errors, last was: received RTP packet with unknown payload type: 50
2026/09/29 08:13:36 WAR [path cam_3059f25c] [RTSP source] 5 decode errors, last was: received RTP packet with unknown payload type: 50
2026/09/29 08:13:36 WAR [path cam_5064cd2c] [RTSP source] 5 decode errors, last was: received RTP packet with unknown payload type: 50
2026/09/29 08:13:37 WAR [path cam_3059f25c] [RTSP source] 5 decode errors, last was: received RTP packet with unknown payload type: 50
2026/09/29 08:13:37 WAR [path cam_5064cd2c] [RTSP source] 5 decode errors, last was: received RTP packet with unknown payload type: 50
2026/09/29 08:13:38 WAR [path cam_3059f25c] [RTSP source] 5 decode errors, last was: received RTP packet with unknown payload type: 50
2026/09/29 08:13:38 WAR [path cam_5064cd2c] [RTSP source] 5 decode errors, last was: received RTP packet with unknown payload type: 50
2026/09/29 08:13:39 WAR [path cam_3059f25c] [RTSP source] 5 decode errors, last was: received RTP packet with unknown payload type: 50
2026/09/29 08:13:39 WAR [path cam_5064cd2c] [RTSP source] 5 decode errors, last was: received RTP packet with unknown payload type: 50
2026/09/29 08:13:40 WAR [path cam_5064cd2c] [RTSP source] 5 decode errors, last was: received RTP packet with unknown payload type: 50
2026/09/29 08:13:40 WAR [path cam_3059f25c] [RTSP source] 5 decode errors, last was: received RTP packet with unknown payload type: 50
2026/09/29 08:13:41 WAR [path cam_5064cd2c] [RTSP source] 5 decode errors, last was: received RTP packet with unknown payload type: 50
2026/09/29 08:13:41 WAR [path cam_3059f25c] [RTSP source] 5 decode errors, last was: received RTP packet with unknown payload type: 50
2026/09/29 08:13:42 WAR [path cam_5064cd2c] [RTSP source] 5 decode errors, last was: received RTP packet with unknown payload type: 50
2026/09/29 08:13:42 WAR [path cam_3059f25c] [RTSP source] 5 decode errors, last was: received RTP packet with unknown payload type: 50
2026/09/29 08:13:43 WAR [path cam_3059f25c] [RTSP source] 5 decode errors, last was: received RTP packet with unknown payload type: 50
2026/09/29 08:13:43 WAR [path cam_5064cd2c] [RTSP source] 5 decode errors, last was: received RTP packet with unknown payload type: 50
2026/09/29 08:13:44 WAR [path cam_5064cd2c] [RTSP source] 5 decode errors, last was: received RTP packet with unknown payload type: 50
2026/09/29 08:13:44 WAR [path cam_3059f25c] [RTSP source] 5 decode errors, last was: received RTP packet with unknown payload type: 50
2026/09/29 08:13:45 WAR [path cam_5064cd2c] [RTSP source] 5 decode errors, last was: received RTP packet with unknown payload type: 50
2026/09/29 08:13:45 WAR [path cam_3059f25c] [RTSP source] 5 decode errors, last was: received RTP packet with unknown payload type: 50
2026/09/29 08:13:46 WAR [path cam_5064cd2c] [RTSP source] 5 decode errors, last was: received RTP packet with unknown payload type: 50
2026/09/29 08:13:46 WAR [path cam_3059f25c] [RTSP source] 5 decode errors, last was: received RTP packet with unknown payload type: 50
2026/09/29 08:13:47 WAR [path cam_5064cd2c] [RTSP source] 5 decode errors, last was: received RTP packet with unknown payload type: 50
2026/09/29 08:13:47 WAR [path cam_3059f25c] [RTSP source] 5 decode errors, last was: received RTP packet with unknown payload type: 50
2026/09/29 08:13:48 WAR [path cam_5064cd2c] [RTSP source] 5 decode errors, last was: received RTP packet with unknown payload type: 50
2026/09/29 08:13:48 WAR [path cam_3059f25c] [RTSP source] 5 decode errors, last was: received RTP packet with unknown payload type: 50
2026/09/29 08:13:49 WAR [path cam_3059f25c] [RTSP source] 5 decode errors, last was: received RTP packet with unknown payload type: 50
2026/09/29 08:13:49 WAR [path cam_5064cd2c] [RTSP source] 5 decode errors, last was: received RTP packet with unknown payload type: 50
2026/09/29 08:13:50 WAR [path cam_5064cd2c] [RTSP source] 5 decode errors, last was: received RTP packet with unknown payload type: 50
2026/09/29 08:13:50 WAR [path cam_3059f25c] [RTSP source] 5 decode errors, last was: received RTP packet with unknown payload type: 50
2026/09/29 08:13:51 WAR [path cam_3059f25c] [RTSP source] 5 decode errors, last was: received RTP packet with unknown payload type: 50
2026/09/29 08:13:51 WAR [path cam_5064cd2c] [RTSP source] 5 decode errors, last was: received RTP packet with unknown payload type: 50
2026/09/29 08:13:52 WAR [path cam_5064cd2c] [RTSP source] 5 decode errors, last was: received RTP packet with unknown payload type: 50
2026/09/29 08:13:52 WAR [path cam_3059f25c] [RTSP source] 5 decode errors, last was: received RTP packet with unknown payload type: 50
2026/09/29 08:13:53 WAR [path cam_5064cd2c] [RTSP source] 5 decode errors, last was: received RTP packet with unknown payload type: 50
2026/09/29 08:13:53 WAR [path cam_3059f25c] [RTSP source] 5 decode errors, last was: received RTP packet with unknown payload type: 50
2026/09/29 08:13:54 WAR [path cam_5064cd2c] [RTSP source] 5 decode errors, last was: received RTP packet with unknown payload type: 50
2026/09/29 08:13:54 WAR [path cam_3059f25c] [RTSP source] 5 decode errors, last was: received RTP packet with unknown payload type: 50
2026/09/29 08:13:55 WAR [path cam_3059f25c] [RTSP source] 5 decode errors, last was: received RTP packet with unknown payload type: 50
2026/09/29 08:13:55 WAR [path cam_5064cd2c] [RTSP source] 5 decode errors, last was: received RTP packet with unknown payload type: 50
2026/09/29 08:13:56 WAR [path cam_5064cd2c] [RTSP source] 5 decode errors, last was: received RTP packet with unknown payload type: 50
2026/09/29 08:13:56 WAR [path cam_3059f25c] [RTSP source] 5 decode errors, last was: received RTP packet with unknown payload type: 50
2026/09/29 08:13:57 WAR [path cam_3059f25c] [RTSP source] 5 decode errors, last was: received RTP packet with unknown payload type: 50
2026/09/29 08:13:57 WAR [path cam_5064cd2c] [RTSP source] 5 decode errors, last was: received RTP packet with unknown payload type: 50
2026/09/29 08:13:58 WAR [path cam_5064cd2c] [RTSP source] 5 decode errors, last was: received RTP packet with unknown payload type: 50
2026/09/29 08:13:58 WAR [path cam_3059f25c] [RTSP source] 5 decode errors, last was: received RTP packet with unknown payload type: 50
2026/09/29 08:13:59 WAR [path cam_5064cd2c] [RTSP source] 5 decode errors, last was: received RTP packet with unknown payload type: 50
2026/09/29 08:13:59 WAR [path cam_3059f25c] [RTSP source] 5 decode errors, last was: received RTP packet with unknown payload type: 50
2026/09/29 08:14:00 WAR [path cam_3059f25c] [RTSP source] 5 decode errors, last was: received RTP packet with unknown payload type: 50
2026/09/29 08:14:00 WAR [path cam_5064cd2c] [RTSP source] 5 decode errors, last was: received RTP packet with unknown payload type: 50
2026/09/29 08:14:01 WAR [path cam_5064cd2c] [RTSP source] 5 decode errors, last was: received RTP packet with unknown payload type: 50
2026/09/29 08:14:01 WAR [path cam_3059f25c] [RTSP source] 5 decode errors, last was: received RTP packet with unknown payload type: 50
2026/09/29 08:14:02 WAR [path cam_5064cd2c] [RTSP source] 5 decode errors, last was: received RTP packet with unknown payload type: 50
2026/09/29 08:14:02 WAR [path cam_3059f25c] [RTSP source] 5 decode errors, last was: received RTP packet with unknown payload type: 50
2026/09/29 08:14:03 WAR [path cam_5064cd2c] [RTSP source] 5 decode errors, last was: received RTP packet with unknown payload type: 50
2026/09/29 08:14:03 WAR [path cam_3059f25c] [RTSP source] 5 decode errors, last was: received RTP packet with unknown payload type: 50
2026/09/29 08:14:04 WAR [path cam_3059f25c] [RTSP source] 5 decode errors, last was: received RTP packet with unknown payload type: 50
2026/09/29 08:14:04 WAR [path cam_5064cd2c] [RTSP source] 5 decode errors, last was: received RTP packet with unknown payload type: 50
2026/09/29 08:14:05 WAR [path cam_5064cd2c] [RTSP source] 5 decode errors, last was: received RTP packet with unknown payload type: 50
2026/09/29 08:14:05 WAR [path cam_3059f25c] [RTSP source] 5 decode errors, last was: received RTP packet with unknown payload type: 50
2026/09/29 08:14:06 WAR [path cam_5064cd2c] [RTSP source] 5 decode errors, last was: received RTP packet with unknown payload type: 50
2026/09/29 08:14:06 WAR [path cam_3059f25c] [RTSP source] 5 decode errors, last was: received RTP packet with unknown payload type: 50
2026/09/29 08:14:07 WAR [path cam_3059f25c] [RTSP source] 5 decode errors, last was: received RTP packet with unknown payload type: 50
2026/09/29 08:14:07 WAR [path cam_5064cd2c] [RTSP source] 5 decode errors, last was: received RTP packet with unknown payload type: 50
2026/09/29 08:14:08 WAR [path cam_3059f25c] [RTSP source] 5 decode errors, last was: received RTP packet with unknown payload type: 50
2026/09/29 08:14:08 WAR [path cam_5064cd2c] [RTSP source] 5 decode errors, last was: received RTP packet with unknown payload type: 50
2026/09/29 08:14:09 WAR [path cam_5064cd2c] [RTSP source] 5 decode errors, last was: received RTP packet with unknown payload type: 50
2026/09/29 08:14:09 WAR [path cam_3059f25c] [RTSP source] 5 decode errors, last was: received RTP packet with unknown payload type: 50
2026/09/29 08:14:10 WAR [path cam_3059f25c] [RTSP source] 5 decode errors, last was: received RTP packet with unknown payload type: 50
2026/09/29 08:14:10 WAR [path cam_5064cd2c] [RTSP source] 5 decode errors, last was: received RTP packet with unknown payload type: 50
2026/09/29 08:14:11 WAR [path cam_3059f25c] [RTSP source] 5 decode errors, last was: received RTP packet with unknown payload type: 50
2026/09/29 08:14:11 WAR [path cam_5064cd2c] [RTSP source] 5 decode errors, last was: received RTP packet with unknown payload type: 50
2026/09/29 08:14:12 WAR [path cam_5064cd2c] [RTSP source] 5 decode errors, last was: received RTP packet with unknown payload type: 50
2026/09/29 08:14:12 WAR [path cam_3059f25c] [RTSP source] 5 decode errors, last was: received RTP packet with unknown payload type: 50
2026/09/29 08:14:13 WAR [path cam_3059f25c] [RTSP source] 5 decode errors, last was: received RTP packet with unknown payload type: 50
2026/09/29 08:14:13 WAR [path cam_5064cd2c] [RTSP source] 5 decode errors, last was: received RTP packet with unknown payload type: 50
2026/09/29 08:14:14 WAR [path cam_5064cd2c] [RTSP source] 5 decode errors, last was: received RTP packet with unknown payload type: 50
2026/09/29 08:14:14 WAR [path cam_3059f25c] [RTSP source] 5 decode errors, last was: received RTP packet with unknown payload type: 50
2026/09/29 08:14:15 WAR [path cam_3059f25c] [RTSP source] 5 decode errors, last was: received RTP packet with unknown payload type: 50
2026/09/29 08:14:15 WAR [path cam_5064cd2c] [RTSP source] 5 decode errors, last was: received RTP packet with unknown payload type: 50
2026/09/29 08:14:16 WAR [path cam_5064cd2c] [RTSP source] 5 decode errors, last was: received RTP packet with unknown payload type: 50
2026/09/29 08:14:16 WAR [path cam_3059f25c] [RTSP source] 5 decode errors, last was: received RTP packet with unknown payload type: 50
2026/09/29 08:14:17 WAR [path cam_5064cd2c] [RTSP source] 5 decode errors, last was: received RTP packet with unknown payload type: 50
2026/09/29 08:14:17 WAR [path cam_3059f25c] [RTSP source] 5 decode errors, last was: received RTP packet with unknown payload type: 50
2026/09/29 08:14:18 WAR [path cam_5064cd2c] [RTSP source] 5 decode errors, last was: received RTP packet with unknown payload type: 50
2026/09/29 08:14:18 WAR [path cam_3059f25c] [RTSP source] 5 decode errors, last was: received RTP packet with unknown payload type: 50
2026/09/29 08:14:19 WAR [path cam_5064cd2c] [RTSP source] 5 decode errors, last was: received RTP packet with unknown payload type: 50
2026/09/29 08:14:19 WAR [path cam_3059f25c] [RTSP source] 5 decode errors, last was: received RTP packet with unknown payload type: 50
2026/09/29 08:14:20 WAR [path cam_5064cd2c] [RTSP source] 5 decode errors, last was: received RTP packet with unknown payload type: 50
2026/09/29 08:14:20 WAR [path cam_3059f25c] [RTSP source] 5 decode errors, last was: received RTP packet with unknown payload type: 50
2026/09/29 08:14:21 WAR [path cam_3059f25c] [RTSP source] 5 decode errors, last was: received RTP packet with unknown payload type: 50
2026/09/29 08:14:21 WAR [path cam_5064cd2c] [RTSP source] 5 decode errors, last was: received RTP packet with unknown payload type: 50
2026/09/29 08:14:22 WAR [path cam_3059f25c] [RTSP source] 5 decode errors, last was: received RTP packet with unknown payload type: 50
2026/09/29 08:14:22 WAR [path cam_5064cd2c] [RTSP source] 5 decode errors, last was: received RTP packet with unknown payload type: 50
2026/09/29 08:14:23 WAR [path cam_3059f25c] [RTSP source] 5 decode errors, last was: received RTP packet with unknown payload type: 50
2026/09/29 08:14:23 WAR [path cam_5064cd2c] [RTSP source] 5 decode errors, last was: received RTP packet with unknown payload type: 50
2026/09/29 08:14:24 WAR [path cam_3059f25c] [RTSP source] 5 decode errors, last was: received RTP packet with unknown payload type: 50
2026/09/29 08:14:24 WAR [path cam_5064cd2c] [RTSP source] 5 decode errors, last was: received RTP packet with unknown payload type: 50
2026/09/29 08:14:25 WAR [path cam_3059f25c] [RTSP source] 5 decode errors, last was: received RTP packet with unknown payload type: 50
2026/09/29 08:14:25 WAR [path cam_5064cd2c] [RTSP source] 5 decode errors, last was: received RTP packet with unknown payload type: 50
2026/09/29 08:14:26 WAR [path cam_3059f25c] [RTSP source] 5 decode errors, last was: received RTP packet with unknown payload type: 50
2026/09/29 08:14:26 WAR [path cam_5064cd2c] [RTSP source] 5 decode errors, last was: received RTP packet with unknown payload type: 50
2026/09/29 08:14:27 WAR [path cam_5064cd2c] [RTSP source] 5 decode errors, last was: received RTP packet with unknown payload type: 50
2026/09/29 08:14:27 WAR [path cam_3059f25c] [RTSP source] 5 decode errors, last was: received RTP packet with unknown payload type: 50
2026/09/29 08:14:28 WAR [path cam_3059f25c] [RTSP source] 5 decode errors, last was: received RTP packet with unknown payload type: 50
2026/09/29 08:14:28 WAR [path cam_5064cd2c] [RTSP source] 5 decode errors, last was: received RTP packet with unknown payload type: 50
2026/09/29 08:14:29 WAR [path cam_3059f25c] [RTSP source] 5 decode errors, last was: received RTP packet with unknown payload type: 50
2026/09/29 08:14:29 WAR [path cam_5064cd2c] [RTSP source] 5 decode errors, last was: received RTP packet with unknown payload type: 50
2026/09/29 08:14:29 WAR [path cam_1e437edf] 3 processing errors, last was: invalid fragmentation unit (non-starting)
2026/09/29 08:14:30 WAR [path cam_5064cd2c] [RTSP source] 5 decode errors, last was: received RTP packet with unknown payload type: 50
2026/09/29 08:14:30 WAR [path cam_1e437edf] [RTSP source] 2 RTP packets lost
2026/09/29 08:14:30 WAR [path cam_3059f25c] [RTSP source] 5 decode errors, last was: received RTP packet with unknown payload type: 50
2026/09/29 08:14:31 WAR [path cam_5064cd2c] [RTSP source] 5 decode errors, last was: received RTP packet with unknown payload type: 50
2026/09/29 08:14:31 WAR [path cam_3059f25c] [RTSP source] 5 decode errors, last was: received RTP packet with unknown payload type: 50
2026/09/29 08:14:32 WAR [path cam_3059f25c] [RTSP source] 5 decode errors, last was: received RTP packet with unknown payload type: 50
2026/09/29 08:14:32 WAR [path cam_5064cd2c] [RTSP source] 5 decode errors, last was: received RTP packet with unknown payload type: 50
2026/09/29 08:14:33 WAR [path cam_3059f25c] [RTSP source] 5 decode errors, last was: received RTP packet with unknown payload type: 50
2026/09/29 08:14:33 WAR [path cam_5064cd2c] [RTSP source] 5 decode errors, last was: received RTP packet with unknown payload type: 50
2026/09/29 08:14:34 WAR [path cam_3059f25c] [RTSP source] 5 decode errors, last was: received RTP packet with unknown payload type: 50
2026/09/29 08:14:34 WAR [path cam_5064cd2c] [RTSP source] 5 decode errors, last was: received RTP packet with unknown payload type: 50
2026/09/29 08:14:35 WAR [path cam_5064cd2c] [RTSP source] 5 decode errors, last was: received RTP packet with unknown payload type: 50
2026/09/29 08:14:35 WAR [path cam_3059f25c] [RTSP source] 5 decode errors, last was: received RTP packet with unknown payload type: 50
2026/09/29 08:14:36 WAR [path cam_5064cd2c] [RTSP source] 5 decode errors, last was: received RTP packet with unknown payload type: 50
2026/09/29 08:14:36 WAR [path cam_3059f25c] [RTSP source] 5 decode errors, last was: received RTP packet with unknown payload type: 50
2026/09/29 08:14:37 WAR [path cam_3059f25c] [RTSP source] 5 decode errors, last was: received RTP packet with unknown payload type: 50
2026/09/29 08:14:37 WAR [path cam_5064cd2c] [RTSP source] 5 decode errors, last was: received RTP packet with unknown payload type: 50
2026/09/29 08:14:38 WAR [path cam_3059f25c] [RTSP source] 5 decode errors, last was: received RTP packet with unknown payload type: 50
2026/09/29 08:14:38 WAR [path cam_5064cd2c] [RTSP source] 5 decode errors, last was: received RTP packet with unknown payload type: 50
2026/09/29 08:14:39 WAR [path cam_5064cd2c] [RTSP source] 5 decode errors, last was: received RTP packet with unknown payload type: 50
2026/09/29 08:14:39 WAR [path cam_3059f25c] [RTSP source] 5 decode errors, last was: received RTP packet with unknown payload type: 50
2026/09/29 08:14:40 WAR [path cam_5064cd2c] [RTSP source] 5 decode errors, last was: received RTP packet with unknown payload type: 50
2026/09/29 08:14:40 WAR [path cam_3059f25c] [RTSP source] 5 decode errors, last was: received RTP packet with unknown payload type: 50
2026/09/29 08:14:41 WAR [path cam_5064cd2c] [RTSP source] 5 decode errors, last was: received RTP packet with unknown payload type: 50
2026/09/29 08:14:41 WAR [path cam_3059f25c] [RTSP source] 5 decode errors, last was: received RTP packet with unknown payload type: 50
2026/09/29 08:14:42 WAR [path cam_3059f25c] [RTSP source] 5 decode errors, last was: received RTP packet with unknown payload type: 50
2026/09/29 08:14:42 WAR [path cam_5064cd2c] [RTSP source] 5 decode errors, last was: received RTP packet with unknown payload type: 50
2026/09/29 08:14:43 WAR [path cam_3059f25c] [RTSP source] 5 decode errors, last was: received RTP packet with unknown payload type: 50
2026/09/29 08:14:43 WAR [path cam_5064cd2c] [RTSP source] 5 decode errors, last was: received RTP packet with unknown payload type: 50
2026/09/29 08:14:44 WAR [path cam_3059f25c] [RTSP source] 5 decode errors, last was: received RTP packet with unknown payload type: 50
2026/09/29 08:14:44 WAR [path cam_5064cd2c] [RTSP source] 5 decode errors, last was: received RTP packet with unknown payload type: 50
2026/09/29 08:14:45 WAR [path cam_3059f25c] [RTSP source] 5 decode errors, last was: received RTP packet with unknown payload type: 50
2026/09/29 08:14:45 WAR [path cam_5064cd2c] [RTSP source] 5 decode errors, last was: received RTP packet with unknown payload type: 50
2026/09/29 08:14:46 WAR [path cam_3059f25c] [RTSP source] 5 decode errors, last was: received RTP packet with unknown payload type: 50
2026/09/29 08:14:46 WAR [path cam_5064cd2c] [RTSP source] 5 decode errors, last was: received RTP packet with unknown payload type: 50
2026/09/29 08:14:47 WAR [path cam_3059f25c] [RTSP source] 5 decode errors, last was: received RTP packet with unknown payload type: 50
2026/09/29 08:14:47 WAR [path cam_5064cd2c] [RTSP source] 5 decode errors, last was: received RTP packet with unknown payload type: 50
2026/09/29 08:14:48 WAR [path cam_5064cd2c] [RTSP source] 5 decode errors, last was: received RTP packet with unknown payload type: 50
2026/09/29 08:14:48 WAR [path cam_3059f25c] [RTSP source] 5 decode errors, last was: received RTP packet with unknown payload type: 50
2026/09/29 08:14:49 WAR [path cam_3059f25c] [RTSP source] 5 decode errors, last was: received RTP packet with unknown payload type: 50
2026/09/29 08:14:49 WAR [path cam_5064cd2c] [RTSP source] 5 decode errors, last was: received RTP packet with unknown payload type: 50
2026/09/29 08:14:50 WAR [path cam_5064cd2c] [RTSP source] 5 decode errors, last was: received RTP packet with unknown payload type: 50
2026/09/29 08:14:50 WAR [path cam_3059f25c] [RTSP source] 5 decode errors, last was: received RTP packet with unknown payload type: 50
2026/09/29 08:14:51 WAR [path cam_3059f25c] [RTSP source] 5 decode errors, last was: received RTP packet with unknown payload type: 50
2026/09/29 08:14:51 WAR [path cam_5064cd2c] [RTSP source] 5 decode errors, last was: received RTP packet with unknown payload type: 50
2026/09/29 08:14:52 WAR [path cam_3059f25c] [RTSP source] 5 decode errors, last was: received RTP packet with unknown payload type: 50
2026/09/29 08:14:52 WAR [path cam_5064cd2c] [RTSP source] 5 decode errors, last was: received RTP packet with unknown payload type: 50
2026/09/29 08:14:53 WAR [path cam_5064cd2c] [RTSP source] 5 decode errors, last was: received RTP packet with unknown payload type: 50
2026/09/29 08:14:53 WAR [path cam_3059f25c] [RTSP source] 5 decode errors, last was: received RTP packet with unknown payload type: 50
2026/09/29 08:14:54 WAR [path cam_5064cd2c] [RTSP source] 5 decode errors, last was: received RTP packet with unknown payload type: 50
2026/09/29 08:14:54 WAR [path cam_3059f25c] [RTSP source] 5 decode errors, last was: received RTP packet with unknown payload type: 50
2026/09/29 08:14:55 WAR [path cam_5064cd2c] [RTSP source] 5 decode errors, last was: received RTP packet with unknown payload type: 50
2026/09/29 08:14:55 WAR [path cam_3059f25c] [RTSP source] 5 decode errors, last was: received RTP packet with unknown payload type: 50
2026/09/29 08:14:56 WAR [path cam_3059f25c] [RTSP source] 5 decode errors, last was: received RTP packet with unknown payload type: 50
2026/09/29 08:14:56 WAR [path cam_5064cd2c] [RTSP source] 5 decode errors, last was: received RTP packet with unknown payload type: 50
2026/09/29 08:14:57 WAR [path cam_3059f25c] [RTSP source] 5 decode errors, last was: received RTP packet with unknown payload type: 50
2026/09/29 08:14:57 WAR [path cam_5064cd2c] [RTSP source] 5 decode errors, last was: received RTP packet with unknown payload type: 50
2026/09/29 08:14:58 WAR [path cam_5064cd2c] [RTSP source] 5 decode errors, last was: received RTP packet with unknown payload type: 50
2026/09/29 08:14:58 WAR [path cam_3059f25c] [RTSP source] 5 decode errors, last was: received RTP packet with unknown payload type: 50
2026/09/29 08:14:59 WAR [path cam_3059f25c] [RTSP source] 5 decode errors, last was: received RTP packet with unknown payload type: 50
2026/09/29 08:14:59 WAR [path cam_5064cd2c] [RTSP source] 5 decode errors, last was: received RTP packet with unknown payload type: 50
2026/09/29 08:15:00 WAR [path cam_3059f25c] [RTSP source] 5 decode errors, last was: received RTP packet with unknown payload type: 50
2026/09/29 08:15:00 WAR [path cam_5064cd2c] [RTSP source] 5 decode errors, last was: received RTP packet with unknown payload type: 50
2026/09/29 08:15:01 WAR [path cam_3059f25c] [RTSP source] 5 decode errors, last was: received RTP packet with unknown payload type: 50
2026/09/29 08:15:01 WAR [path cam_5064cd2c] [RTSP source] 5 decode errors, last was: received RTP packet with unknown payload type: 50
2026/09/29 08:15:02 WAR [path cam_5064cd2c] [RTSP source] 5 decode errors, last was: received RTP packet with unknown payload type: 50
2026/09/29 08:15:02 WAR [path cam_3059f25c] [RTSP source] 5 decode errors, last was: received RTP packet with unknown payload type: 50
2026/09/29 08:15:03 WAR [path cam_3059f25c] [RTSP source] 5 decode errors, last was: received RTP packet with unknown payload type: 50
2026/09/29 08:15:03 WAR [path cam_5064cd2c] [RTSP source] 5 decode errors, last was: received RTP packet with unknown payload type: 50
2026/09/29 08:15:04 WAR [path cam_3059f25c] [RTSP source] 5 decode errors, last was: received RTP packet with unknown payload type: 50
2026/09/29 08:15:04 WAR [path cam_5064cd2c] [RTSP source] 5 decode errors, last was: received RTP packet with unknown payload type: 50
2026/09/29 08:15:05 WAR [path cam_3059f25c] [RTSP source] 5 decode errors, last was: received RTP packet with unknown payload type: 50
2026/09/29 08:15:05 WAR [path cam_5064cd2c] [RTSP source] 5 decode errors, last was: received RTP packet with unknown payload type: 50
2026/09/29 08:15:06 WAR [path cam_5064cd2c] [RTSP source] 5 decode errors, last was: received RTP packet with unknown payload type: 50
2026/09/29 08:15:06 WAR [path cam_3059f25c] [RTSP source] 5 decode errors, last was: received RTP packet with unknown payload type: 50
2026/09/29 08:15:07 WAR [path cam_3059f25c] [RTSP source] 5 decode errors, last was: received RTP packet with unknown payload type: 50
2026/09/29 08:15:07 WAR [path cam_5064cd2c] [RTSP source] 5 decode errors, last was: received RTP packet with unknown payload type: 50
2026/09/29 08:15:08 WAR [path cam_3059f25c] [RTSP source] 5 decode errors, last was: received RTP packet with unknown payload type: 50
2026/09/29 08:15:08 WAR [path cam_5064cd2c] [RTSP source] 5 decode errors, last was: received RTP packet with unknown payload type: 50
2026/09/29 08:15:09 WAR [path cam_3059f25c] [RTSP source] 5 decode errors, last was: received RTP packet with unknown payload type: 50
2026/09/29 08:15:09 WAR [path cam_5064cd2c] [RTSP source] 5 decode errors, last was: received RTP packet with unknown payload type: 50
2026/09/29 08:15:10 WAR [path cam_3059f25c] [RTSP source] 5 decode errors, last was: received RTP packet with unknown payload type: 50
2026/09/29 08:15:10 WAR [path cam_5064cd2c] [RTSP source] 5 decode errors, last was: received RTP packet with unknown payload type: 50
2026/09/29 08:15:11 WAR [path cam_5064cd2c] [RTSP source] 5 decode errors, last was: received RTP packet with unknown payload type: 50
2026/09/29 08:15:11 WAR [path cam_3059f25c] [RTSP source] 5 decode errors, last was: received RTP packet with unknown payload type: 50
2026/09/29 08:15:12 WAR [path cam_5064cd2c] [RTSP source] 5 decode errors, last was: received RTP packet with unknown payload type: 50
2026/09/29 08:15:12 WAR [path cam_3059f25c] [RTSP source] 5 decode errors, last was: received RTP packet with unknown payload type: 50
2026/09/29 08:15:13 WAR [path cam_3059f25c] [RTSP source] 5 decode errors, last was: received RTP packet with unknown payload type: 50
2026/09/29 08:15:13 WAR [path cam_5064cd2c] [RTSP source] 5 decode errors, last was: received RTP packet with unknown payload type: 50
2026/09/29 08:15:14 WAR [path cam_5064cd2c] [RTSP source] 5 decode errors, last was: received RTP packet with unknown payload type: 50
2026/09/29 08:15:14 WAR [path cam_3059f25c] [RTSP source] 5 decode errors, last was: received RTP packet with unknown payload type: 50
2026/09/29 08:15:15 WAR [path cam_5064cd2c] [RTSP source] 5 decode errors, last was: received RTP packet with unknown payload type: 50
2026/09/29 08:15:15 WAR [path cam_3059f25c] [RTSP source] 5 decode errors, last was: received RTP packet with unknown payload type: 50
2026/09/29 08:15:16 WAR [path cam_5064cd2c] [RTSP source] 5 decode errors, last was: received RTP packet with unknown payload type: 50
2026/09/29 08:15:16 WAR [path cam_3059f25c] [RTSP source] 5 decode errors, last was: received RTP packet with unknown payload type: 50
2026/09/29 08:15:17 WAR [path cam_5064cd2c] [RTSP source] 5 decode errors, last was: received RTP packet with unknown payload type: 50
2026/09/29 08:15:17 WAR [path cam_3059f25c] [RTSP source] 5 decode errors, last was: received RTP packet with unknown payload type: 50
2026/09/29 08:15:18 WAR [path cam_3059f25c] [RTSP source] 5 decode errors, last was: received RTP packet with unknown payload type: 50
2026/09/29 08:15:18 WAR [path cam_5064cd2c] [RTSP source] 5 decode errors, last was: received RTP packet with unknown payload type: 50
2026/09/29 08:15:19 WAR [path cam_3059f25c] [RTSP source] 5 decode errors, last was: received RTP packet with unknown payload type: 50
2026/09/29 08:15:19 WAR [path cam_5064cd2c] [RTSP source] 5 decode errors, last was: received RTP packet with unknown payload type: 50
2026/09/29 08:15:20 WAR [path cam_5064cd2c] [RTSP source] 5 decode errors, last was: received RTP packet with unknown payload type: 50
2026/09/29 08:15:20 WAR [path cam_3059f25c] [RTSP source] 5 decode errors, last was: received RTP packet with unknown payload type: 50
2026/09/29 08:15:21 WAR [path cam_5064cd2c] [RTSP source] 5 decode errors, last was: received RTP packet with unknown payload type: 50
2026/09/29 08:15:21 WAR [path cam_3059f25c] [RTSP source] 5 decode errors, last was: received RTP packet with unknown payload type: 50
2026/09/29 08:15:22 WAR [path cam_3059f25c] [RTSP source] 5 decode errors, last was: received RTP packet with unknown payload type: 50
2026/09/29 08:15:22 WAR [path cam_5064cd2c] [RTSP source] 5 decode errors, last was: received RTP packet with unknown payload type: 50
2026/09/29 08:15:23 WAR [path cam_5064cd2c] [RTSP source] 5 decode errors, last was: received RTP packet with unknown payload type: 50
2026/09/29 08:15:23 WAR [path cam_3059f25c] [RTSP source] 5 decode errors, last was: received RTP packet with unknown payload type: 50
2026/09/29 08:15:24 WAR [path cam_3059f25c] [RTSP source] 5 decode errors, last was: received RTP packet with unknown payload type: 50
2026/09/29 08:15:24 WAR [path cam_5064cd2c] [RTSP source] 5 decode errors, last was: received RTP packet with unknown payload type: 50
2026/09/29 08:15:25 WAR [path cam_5064cd2c] [RTSP source] 5 decode errors, last was: received RTP packet with unknown payload type: 50
2026/09/29 08:15:25 WAR [path cam_3059f25c] [RTSP source] 5 decode errors, last was: received RTP packet with unknown payload type: 50
2026/09/29 08:15:26 WAR [path cam_3059f25c] [RTSP source] 5 decode errors, last was: received RTP packet with unknown payload type: 50
2026/09/29 08:15:26 WAR [path cam_5064cd2c] [RTSP source] 5 decode errors, last was: received RTP packet with unknown payload type: 50
2026/09/29 08:15:27 WAR [path cam_5064cd2c] [RTSP source] 5 decode errors, last was: received RTP packet with unknown payload type: 50
2026/09/29 08:15:27 WAR [path cam_3059f25c] [RTSP source] 5 decode errors, last was: received RTP packet with unknown payload type: 50
2026/09/29 08:15:28 WAR [path cam_3059f25c] [RTSP source] 5 decode errors, last was: received RTP packet with unknown payload type: 50
2026/09/29 08:15:28 WAR [path cam_1e437edf_sub] [RTSP source] 4 RTP packets lost
2026/09/29 08:15:28 WAR [path cam_5064cd2c] [RTSP source] 5 decode errors, last was: received RTP packet with unknown payload type: 50
2026/09/29 08:15:28 WAR [path cam_1e437edf_sub] 2 processing errors, last was: invalid FU-A packet (non-starting)
2026/09/29 08:15:29 WAR [path cam_3059f25c] [RTSP source] 5 decode errors, last was: received RTP packet with unknown payload type: 50
2026/09/29 08:15:29 WAR [path cam_5064cd2c] [RTSP source] 5 decode errors, last was: received RTP packet with unknown payload type: 50
2026/09/29 08:15:30 WAR [path cam_3059f25c] [RTSP source] 5 decode errors, last was: received RTP packet with unknown payload type: 50
2026/09/29 08:15:30 WAR [path cam_5064cd2c] [RTSP source] 5 decode errors, last was: received RTP packet with unknown payload type: 50
2026/09/29 08:15:31 WAR [path cam_5064cd2c] [RTSP source] 5 decode errors, last was: received RTP packet with unknown payload type: 50
2026/09/29 08:15:31 WAR [path cam_3059f25c] [RTSP source] 5 decode errors, last was: received RTP packet with unknown payload type: 50
2026/09/29 08:15:32 WAR [path cam_3059f25c] [RTSP source] 5 decode errors, last was: received RTP packet with unknown payload type: 50
2026/09/29 08:15:32 WAR [path cam_5064cd2c] [RTSP source] 5 decode errors, last was: received RTP packet with unknown payload type: 50
2026/09/29 08:15:33 WAR [path cam_5064cd2c] [RTSP source] 5 decode errors, last was: received RTP packet with unknown payload type: 50
2026/09/29 08:15:33 WAR [path cam_3059f25c] [RTSP source] 5 decode errors, last was: received RTP packet with unknown payload type: 50
2026/09/29 08:15:34 WAR [path cam_3059f25c] [RTSP source] 5 decode errors, last was: received RTP packet with unknown payload type: 50
2026/09/29 08:15:34 WAR [path cam_5064cd2c] [RTSP source] 5 decode errors, last was: received RTP packet with unknown payload type: 50
2026/09/29 08:15:35 WAR [path cam_5064cd2c] [RTSP source] 5 decode errors, last was: received RTP packet with unknown payload type: 50
2026/09/29 08:15:35 WAR [path cam_3059f25c] [RTSP source] 5 decode errors, last was: received RTP packet with unknown payload type: 50
2026/09/29 08:15:36 WAR [path cam_3059f25c] [RTSP source] 5 decode errors, last was: received RTP packet with unknown payload type: 50
2026/09/29 08:15:36 WAR [path cam_5064cd2c] [RTSP source] 5 decode errors, last was: received RTP packet with unknown payload type: 50
2026/09/29 08:15:37 WAR [path cam_3059f25c] [RTSP source] 5 decode errors, last was: received RTP packet with unknown payload type: 50
2026/09/29 08:15:37 WAR [path cam_5064cd2c] [RTSP source] 5 decode errors, last was: received RTP packet with unknown payload type: 50
2026/09/29 08:15:38 WAR [path cam_5064cd2c] [RTSP source] 5 decode errors, last was: received RTP packet with unknown payload type: 50
2026/09/29 08:15:38 WAR [path cam_3059f25c] [RTSP source] 5 decode errors, last was: received RTP packet with unknown payload type: 50
2026/09/29 08:15:39 WAR [path cam_5064cd2c] [RTSP source] 5 decode errors, last was: received RTP packet with unknown payload type: 50
2026/09/29 08:15:39 WAR [path cam_3059f25c] [RTSP source] 5 decode errors, last was: received RTP packet with unknown payload type: 50
2026/09/29 08:15:40 WAR [path cam_3059f25c] [RTSP source] 5 decode errors, last was: received RTP packet with unknown payload type: 50
2026/09/29 08:15:40 WAR [path cam_5064cd2c] [RTSP source] 5 decode errors, last was: received RTP packet with unknown payload type: 50
2026/09/29 08:15:41 WAR [path cam_3059f25c] [RTSP source] 5 decode errors, last was: received RTP packet with unknown payload type: 50
2026/09/29 08:15:41 WAR [path cam_5064cd2c] [RTSP source] 5 decode errors, last was: received RTP packet with unknown payload type: 50
2026/09/29 08:15:42 WAR [path cam_3059f25c] [RTSP source] 5 decode errors, last was: received RTP packet with unknown payload type: 50
2026/09/29 08:15:42 WAR [path cam_5064cd2c] [RTSP source] 5 decode errors, last was: received RTP packet with unknown payload type: 50
2026/09/29 08:15:43 WAR [path cam_3059f25c] [RTSP source] 5 decode errors, last was: received RTP packet with unknown payload type: 50
2026/09/29 08:15:43 WAR [path cam_5064cd2c] [RTSP source] 5 decode errors, last was: received RTP packet with unknown payload type: 50
2026/09/29 08:15:44 WAR [path cam_5064cd2c] [RTSP source] 5 decode errors, last was: received RTP packet with unknown payload type: 50
2026/09/29 08:15:44 WAR [path cam_3059f25c] [RTSP source] 5 decode errors, last was: received RTP packet with unknown payload type: 50
2026/09/29 08:15:45 WAR [path cam_3059f25c] [RTSP source] 5 decode errors, last was: received RTP packet with unknown payload type: 50
2026/09/29 08:15:45 WAR [path cam_5064cd2c] [RTSP source] 5 decode errors, last was: received RTP packet with unknown payload type: 50
2026/09/29 08:15:46 WAR [path cam_3059f25c] [RTSP source] 5 decode errors, last was: received RTP packet with unknown payload type: 50
2026/09/29 08:15:46 WAR [path cam_5064cd2c] [RTSP source] 5 decode errors, last was: received RTP packet with unknown payload type: 50
2026/09/29 08:15:47 WAR [path cam_5064cd2c] [RTSP source] 5 decode errors, last was: received RTP packet with unknown payload type: 50
2026/09/29 08:15:47 WAR [path cam_3059f25c] [RTSP source] 5 decode errors, last was: received RTP packet with unknown payload type: 50
2026/09/29 08:15:48 WAR [path cam_5064cd2c] [RTSP source] 5 decode errors, last was: received RTP packet with unknown payload type: 50
2026/09/29 08:15:48 WAR [path cam_3059f25c] [RTSP source] 5 decode errors, last was: received RTP packet with unknown payload type: 50
2026/09/29 08:15:49 WAR [path cam_5064cd2c] [RTSP source] 5 decode errors, last was: received RTP packet with unknown payload type: 50
2026/09/29 08:15:49 WAR [path cam_3059f25c] [RTSP source] 5 decode errors, last was: received RTP packet with unknown payload type: 50
2026/09/29 08:15:50 WAR [path cam_3059f25c] [RTSP source] 5 decode errors, last was: received RTP packet with unknown payload type: 50
2026/09/29 08:15:50 WAR [path cam_5064cd2c] [RTSP source] 5 decode errors, last was: received RTP packet with unknown payload type: 50
2026/09/29 08:15:51 WAR [path cam_3059f25c] [RTSP source] 5 decode errors, last was: received RTP packet with unknown payload type: 50
2026/09/29 08:15:51 WAR [path cam_5064cd2c] [RTSP source] 5 decode errors, last was: received RTP packet with unknown payload type: 50
2026/09/29 08:15:52 WAR [path cam_5064cd2c] [RTSP source] 5 decode errors, last was: received RTP packet with unknown payload type: 50
2026/09/29 08:15:52 WAR [path cam_3059f25c] [RTSP source] 5 decode errors, last was: received RTP packet with unknown payload type: 50
2026/09/29 08:15:53 WAR [path cam_5064cd2c] [RTSP source] 5 decode errors, last was: received RTP packet with unknown payload type: 50
2026/09/29 08:15:53 WAR [path cam_3059f25c] [RTSP source] 5 decode errors, last was: received RTP packet with unknown payload type: 50
2026/09/29 08:15:54 WAR [path cam_3059f25c] [RTSP source] 5 decode errors, last was: received RTP packet with unknown payload type: 50
2026/09/29 08:15:54 WAR [path cam_5064cd2c] [RTSP source] 5 decode errors, last was: received RTP packet with unknown payload type: 50
2026/09/29 08:15:55 WAR [path cam_5064cd2c] [RTSP source] 5 decode errors, last was: received RTP packet with unknown payload type: 50
2026/09/29 08:15:55 WAR [path cam_3059f25c] [RTSP source] 5 decode errors, last was: received RTP packet with unknown payload type: 50
2026/09/29 08:15:56 WAR [path cam_3059f25c] [RTSP source] 5 decode errors, last was: received RTP packet with unknown payload type: 50
2026/09/29 08:15:56 WAR [path cam_5064cd2c] [RTSP source] 5 decode errors, last was: received RTP packet with unknown payload type: 50
2026/09/29 08:15:57 WAR [path cam_3059f25c] [RTSP source] 5 decode errors, last was: received RTP packet with unknown payload type: 50
2026/09/29 08:15:57 WAR [path cam_5064cd2c] [RTSP source] 5 decode errors, last was: received RTP packet with unknown payload type: 50
2026/09/29 08:15:58 WAR [path cam_3059f25c] [RTSP source] 5 decode errors, last was: received RTP packet with unknown payload type: 50
2026/09/29 08:15:58 WAR [path cam_5064cd2c] [RTSP source] 5 decode errors, last was: received RTP packet with unknown payload type: 50
2026/09/29 08:15:59 WAR [path cam_5064cd2c] [RTSP source] 5 decode errors, last was: received RTP packet with unknown payload type: 50
2026/09/29 08:15:59 WAR [path cam_3059f25c] [RTSP source] 5 decode errors, last was: received RTP packet with unknown payload type: 50
2026/09/29 08:16:00 WAR [path cam_5064cd2c] [RTSP source] 5 decode errors, last was: received RTP packet with unknown payload type: 50
2026/09/29 08:16:00 WAR [path cam_3059f25c] [RTSP source] 5 decode errors, last was: received RTP packet with unknown payload type: 50
2026/09/29 08:16:01 WAR [path cam_5064cd2c] [RTSP source] 5 decode errors, last was: received RTP packet with unknown payload type: 50
2026/09/29 08:16:01 WAR [path cam_3059f25c] [RTSP source] 5 decode errors, last was: received RTP packet with unknown payload type: 50
2026/09/29 08:16:02 WAR [path cam_3059f25c] [RTSP source] 5 decode errors, last was: received RTP packet with unknown payload type: 50
2026/09/29 08:16:02 WAR [path cam_5064cd2c] [RTSP source] 5 decode errors, last was: received RTP packet with unknown payload type: 50
2026/09/29 08:16:03 WAR [path cam_5064cd2c] [RTSP source] 5 decode errors, last was: received RTP packet with unknown payload type: 50
2026/09/29 08:16:03 WAR [path cam_3059f25c] [RTSP source] 5 decode errors, last was: received RTP packet with unknown payload type: 50
2026/09/29 08:16:04 WAR [path cam_3059f25c] [RTSP source] 5 decode errors, last was: received RTP packet with unknown payload type: 50
2026/09/29 08:16:04 WAR [path cam_5064cd2c] [RTSP source] 5 decode errors, last was: received RTP packet with unknown payload type: 50
2026/09/29 08:16:05 WAR [path cam_3059f25c] [RTSP source] 5 decode errors, last was: received RTP packet with unknown payload type: 50
2026/09/29 08:16:05 WAR [path cam_5064cd2c] [RTSP source] 5 decode errors, last was: received RTP packet with unknown payload type: 50
2026/09/29 08:16:06 WAR [path cam_3059f25c] [RTSP source] 5 decode errors, last was: received RTP packet with unknown payload type: 50
2026/09/29 08:16:06 WAR [path cam_5064cd2c] [RTSP source] 5 decode errors, last was: received RTP packet with unknown payload type: 50
2026/09/29 08:16:07 WAR [path cam_3059f25c] [RTSP source] 5 decode errors, last was: received RTP packet with unknown payload type: 50
2026/09/29 08:16:07 WAR [path cam_5064cd2c] [RTSP source] 5 decode errors, last was: received RTP packet with unknown payload type: 50
2026/09/29 08:16:08 WAR [path cam_5064cd2c] [RTSP source] 5 decode errors, last was: received RTP packet with unknown payload type: 50
2026/09/29 08:16:08 WAR [path cam_3059f25c] [RTSP source] 5 decode errors, last was: received RTP packet with unknown payload type: 50
2026/09/29 08:16:09 WAR [path cam_3059f25c] [RTSP source] 5 decode errors, last was: received RTP packet with unknown payload type: 50
2026/09/29 08:16:09 WAR [path cam_5064cd2c] [RTSP source] 5 decode errors, last was: received RTP packet with unknown payload type: 50
2026/09/29 08:16:10 WAR [path cam_3059f25c] [RTSP source] 5 decode errors, last was: received RTP packet with unknown payload type: 50
2026/09/29 08:16:10 WAR [path cam_5064cd2c] [RTSP source] 5 decode errors, last was: received RTP packet with unknown payload type: 50
2026/09/29 08:16:11 WAR [path cam_5064cd2c] [RTSP source] 5 decode errors, last was: received RTP packet with unknown payload type: 50
2026/09/29 08:16:11 WAR [path cam_3059f25c] [RTSP source] 5 decode errors, last was: received RTP packet with unknown payload type: 50
2026/09/29 08:16:12 WAR [path cam_5064cd2c] [RTSP source] 5 decode errors, last was: received RTP packet with unknown payload type: 50
2026/09/29 08:16:12 WAR [path cam_3059f25c] [RTSP source] 5 decode errors, last was: received RTP packet with unknown payload type: 50
2026/09/29 08:16:13 WAR [path cam_5064cd2c] [RTSP source] 5 decode errors, last was: received RTP packet with unknown payload type: 50
2026/09/29 08:16:13 WAR [path cam_3059f25c] [RTSP source] 5 decode errors, last was: received RTP packet with unknown payload type: 50
2026/09/29 08:16:14 WAR [path cam_3059f25c] [RTSP source] 5 decode errors, last was: received RTP packet with unknown payload type: 50
2026/09/29 08:16:14 WAR [path cam_5064cd2c] [RTSP source] 5 decode errors, last was: received RTP packet with unknown payload type: 50
2026/09/29 08:16:15 WAR [path cam_3059f25c] [RTSP source] 5 decode errors, last was: received RTP packet with unknown payload type: 50
2026/09/29 08:16:15 WAR [path cam_5064cd2c] [RTSP source] 5 decode errors, last was: received RTP packet with unknown payload type: 50
2026/09/29 08:16:16 WAR [path cam_3059f25c] [RTSP source] 5 decode errors, last was: received RTP packet with unknown payload type: 50
2026/09/29 08:16:16 WAR [path cam_5064cd2c] [RTSP source] 5 decode errors, last was: received RTP packet with unknown payload type: 50
2026/09/29 08:16:17 WAR [path cam_5064cd2c] [RTSP source] 5 decode errors, last was: received RTP packet with unknown payload type: 50
2026/09/29 08:16:17 WAR [path cam_3059f25c] [RTSP source] 5 decode errors, last was: received RTP packet with unknown payload type: 50
2026/09/29 08:16:18 WAR [path cam_5064cd2c] [RTSP source] 5 decode errors, last was: received RTP packet with unknown payload type: 50
2026/09/29 08:16:18 WAR [path cam_3059f25c] [RTSP source] 5 decode errors, last was: received RTP packet with unknown payload type: 50
2026/09/29 08:16:19 WAR [path cam_3059f25c] [RTSP source] 5 decode errors, last was: received RTP packet with unknown payload type: 50
2026/09/29 08:16:19 WAR [path cam_5064cd2c] [RTSP source] 5 decode errors, last was: received RTP packet with unknown payload type: 50
2026/09/29 08:16:20 WAR [path cam_5064cd2c] [RTSP source] 5 decode errors, last was: received RTP packet with unknown payload type: 50
2026/09/29 08:16:20 WAR [path cam_3059f25c] [RTSP source] 5 decode errors, last was: received RTP packet with unknown payload type: 50
2026/09/29 08:16:21 WAR [path cam_3059f25c] [RTSP source] 5 decode errors, last was: received RTP packet with unknown payload type: 50
2026/09/29 08:16:21 WAR [path cam_5064cd2c] [RTSP source] 5 decode errors, last was: received RTP packet with unknown payload type: 50
2026/09/29 08:16:22 WAR [path cam_3059f25c] [RTSP source] 5 decode errors, last was: received RTP packet with unknown payload type: 50
2026/09/29 08:16:22 WAR [path cam_5064cd2c] [RTSP source] 5 decode errors, last was: received RTP packet with unknown payload type: 50
2026/09/29 08:16:23 WAR [path cam_3059f25c] [RTSP source] 5 decode errors, last was: received RTP packet with unknown payload type: 50
2026/09/29 08:16:23 WAR [path cam_5064cd2c] [RTSP source] 5 decode errors, last was: received RTP packet with unknown payload type: 50
2026/09/29 08:16:24 WAR [path cam_5064cd2c] [RTSP source] 5 decode errors, last was: received RTP packet with unknown payload type: 50
2026/09/29 08:16:24 WAR [path cam_3059f25c] [RTSP source] 5 decode errors, last was: received RTP packet with unknown payload type: 50
2026/09/29 08:16:24 WAR [path cam_5064cd2c] [RTSP source] 83 RTP packets lost
2026/09/29 08:16:24 WAR [path cam_5064cd2c] 55 processing errors, last was: invalid fragmentation unit (non-starting)
2026/09/29 08:16:25 WAR [path cam_5064cd2c] [RTSP source] 5 decode errors, last was: received RTP packet with unknown payload type: 50
2026/09/29 08:16:25 WAR [path cam_3059f25c] [RTSP source] 5 decode errors, last was: received RTP packet with unknown payload type: 50
2026/09/29 08:16:26 WAR [path cam_3059f25c] [RTSP source] 5 decode errors, last was: received RTP packet with unknown payload type: 50
2026/09/29 08:16:26 WAR [path cam_5064cd2c] [RTSP source] 5 decode errors, last was: received RTP packet with unknown payload type: 50
2026/09/29 08:16:26 WAR [path cam_5064cd2c] [RTSP source] 7 RTP packets lost
2026/09/29 08:16:26 WAR [path cam_5064cd2c] 26 processing errors, last was: invalid fragmentation unit (non-starting)
2026/09/29 08:16:27 WAR [path cam_3059f25c] [RTSP source] 5 decode errors, last was: received RTP packet with unknown payload type: 50
2026/09/29 08:16:27 WAR [path cam_5064cd2c] [RTSP source] 5 decode errors, last was: received RTP packet with unknown payload type: 50
2026/09/29 08:16:28 WAR [path cam_3059f25c] [RTSP source] 5 decode errors, last was: received RTP packet with unknown payload type: 50
2026/09/29 08:16:28 WAR [path cam_5064cd2c] [RTSP source] 5 decode errors, last was: received RTP packet with unknown payload type: 50
2026/09/29 08:16:29 WAR [path cam_3059f25c] [RTSP source] 5 decode errors, last was: received RTP packet with unknown payload type: 50
2026/09/29 08:16:29 WAR [path cam_5064cd2c] [RTSP source] 5 decode errors, last was: received RTP packet with unknown payload type: 50
2026/09/29 08:16:30 WAR [path cam_3059f25c] [RTSP source] 5 decode errors, last was: received RTP packet with unknown payload type: 50
2026/09/29 08:16:30 WAR [path cam_5064cd2c] [RTSP source] 5 decode errors, last was: received RTP packet with unknown payload type: 50
2026/09/29 08:16:31 WAR [path cam_5064cd2c] [RTSP source] 5 decode errors, last was: received RTP packet with unknown payload type: 50
2026/09/29 08:16:31 WAR [path cam_3059f25c] [RTSP source] 5 decode errors, last was: received RTP packet with unknown payload type: 50
2026/09/29 08:16:32 WAR [path cam_5064cd2c] [RTSP source] 5 decode errors, last was: received RTP packet with unknown payload type: 50
2026/09/29 08:16:32 WAR [path cam_3059f25c] [RTSP source] 5 decode errors, last was: received RTP packet with unknown payload type: 50
2026/09/29 08:16:33 WAR [path cam_3059f25c] [RTSP source] 5 decode errors, last was: received RTP packet with unknown payload type: 50
2026/09/29 08:16:33 WAR [path cam_5064cd2c] [RTSP source] 5 decode errors, last was: received RTP packet with unknown payload type: 50
2026/09/29 08:16:34 WAR [path cam_3059f25c] [RTSP source] 5 decode errors, last was: received RTP packet with unknown payload type: 50
2026/09/29 08:16:34 WAR [path cam_5064cd2c] [RTSP source] 5 decode errors, last was: received RTP packet with unknown payload type: 50
2026/09/29 08:16:35 WAR [path cam_3059f25c] [RTSP source] 5 decode errors, last was: received RTP packet with unknown payload type: 50
2026/09/29 08:16:35 WAR [path cam_5064cd2c] [RTSP source] 5 decode errors, last was: received RTP packet with unknown payload type: 50
2026/09/29 08:16:36 WAR [path cam_3059f25c] [RTSP source] 5 decode errors, last was: received RTP packet with unknown payload type: 50
2026/09/29 08:16:36 WAR [path cam_5064cd2c] [RTSP source] 5 decode errors, last was: received RTP packet with unknown payload type: 50
2026/09/29 08:16:37 WAR [path cam_3059f25c] [RTSP source] 5 decode errors, last was: received RTP packet with unknown payload type: 50
2026/09/29 08:16:37 WAR [path cam_5064cd2c] [RTSP source] 5 decode errors, last was: received RTP packet with unknown payload type: 50
2026/09/29 08:16:38 WAR [path cam_3059f25c] [RTSP source] 5 decode errors, last was: received RTP packet with unknown payload type: 50
2026/09/29 08:16:38 WAR [path cam_5064cd2c] [RTSP source] 5 decode errors, last was: received RTP packet with unknown payload type: 50
2026/09/29 08:16:39 WAR [path cam_3059f25c] [RTSP source] 5 decode errors, last was: received RTP packet with unknown payload type: 50
2026/09/29 08:16:39 WAR [path cam_5064cd2c] [RTSP source] 5 decode errors, last was: received RTP packet with unknown payload type: 50
2026/09/29 08:16:40 WAR [path cam_5064cd2c] [RTSP source] 5 decode errors, last was: received RTP packet with unknown payload type: 50
2026/09/29 08:16:40 WAR [path cam_3059f25c] [RTSP source] 5 decode errors, last was: received RTP packet with unknown payload type: 50
2026/09/29 08:16:41 WAR [path cam_3059f25c] [RTSP source] 5 decode errors, last was: received RTP packet with unknown payload type: 50
2026/09/29 08:16:41 WAR [path cam_5064cd2c] [RTSP source] 5 decode errors, last was: received RTP packet with unknown payload type: 50
2026/09/29 08:16:42 WAR [path cam_3059f25c] [RTSP source] 5 decode errors, last was: received RTP packet with unknown payload type: 50
2026/09/29 08:16:42 WAR [path cam_5064cd2c] [RTSP source] 5 decode errors, last was: received RTP packet with unknown payload type: 50
2026/09/29 08:16:43 WAR [path cam_3059f25c] [RTSP source] 5 decode errors, last was: received RTP packet with unknown payload type: 50
2026/09/29 08:16:43 WAR [path cam_5064cd2c] [RTSP source] 5 decode errors, last was: received RTP packet with unknown payload type: 50
2026/09/29 08:16:44 WAR [path cam_5064cd2c] [RTSP source] 5 decode errors, last was: received RTP packet with unknown payload type: 50
2026/09/29 08:16:44 WAR [path cam_3059f25c] [RTSP source] 5 decode errors, last was: received RTP packet with unknown payload type: 50
2026/09/29 08:16:45 WAR [path cam_3059f25c] [RTSP source] 5 decode errors, last was: received RTP packet with unknown payload type: 50
2026/09/29 08:16:45 WAR [path cam_5064cd2c] [RTSP source] 5 decode errors, last was: received RTP packet with unknown payload type: 50
2026/09/29 08:16:46 WAR [path cam_5064cd2c] [RTSP source] 5 decode errors, last was: received RTP packet with unknown payload type: 50
2026/09/29 08:16:46 WAR [path cam_3059f25c] [RTSP source] 5 decode errors, last was: received RTP packet with unknown payload type: 50
2026/09/29 08:16:47 WAR [path cam_3059f25c] [RTSP source] 5 decode errors, last was: received RTP packet with unknown payload type: 50
2026/09/29 08:16:47 WAR [path cam_5064cd2c] [RTSP source] 5 decode errors, last was: received RTP packet with unknown payload type: 50
2026/09/29 08:16:48 WAR [path cam_5064cd2c] [RTSP source] 5 decode errors, last was: received RTP packet with unknown payload type: 50
2026/09/29 08:16:48 WAR [path cam_3059f25c] [RTSP source] 5 decode errors, last was: received RTP packet with unknown payload type: 50
2026/09/29 08:16:49 WAR [path cam_3059f25c] [RTSP source] 5 decode errors, last was: received RTP packet with unknown payload type: 50
2026/09/29 08:16:49 WAR [path cam_5064cd2c] [RTSP source] 5 decode errors, last was: received RTP packet with unknown payload type: 50
2026/09/29 08:16:50 WAR [path cam_5064cd2c] [RTSP source] 5 decode errors, last was: received RTP packet with unknown payload type: 50
2026/09/29 08:16:50 WAR [path cam_3059f25c] [RTSP source] 5 decode errors, last was: received RTP packet with unknown payload type: 50
2026/09/29 08:16:51 WAR [path cam_5064cd2c] [RTSP source] 5 decode errors, last was: received RTP packet with unknown payload type: 50
2026/09/29 08:16:51 WAR [path cam_3059f25c] [RTSP source] 5 decode errors, last was: received RTP packet with unknown payload type: 50
2026/09/29 08:16:52 WAR [path cam_3059f25c] [RTSP source] 5 decode errors, last was: received RTP packet with unknown payload type: 50
2026/09/29 08:16:52 WAR [path cam_5064cd2c] [RTSP source] 5 decode errors, last was: received RTP packet with unknown payload type: 50
2026/09/29 08:16:53 WAR [path cam_3059f25c] [RTSP source] 5 decode errors, last was: received RTP packet with unknown payload type: 50
2026/09/29 08:16:53 WAR [path cam_5064cd2c] [RTSP source] 5 decode errors, last was: received RTP packet with unknown payload type: 50
2026/09/29 08:16:54 WAR [path cam_5064cd2c] [RTSP source] 5 decode errors, last was: received RTP packet with unknown payload type: 50
2026/09/29 08:16:54 WAR [path cam_3059f25c] [RTSP source] 5 decode errors, last was: received RTP packet with unknown payload type: 50
2026/09/29 08:16:55 WAR [path cam_3059f25c] [RTSP source] 5 decode errors, last was: received RTP packet with unknown payload type: 50
2026/09/29 08:16:55 WAR [path cam_5064cd2c] [RTSP source] 5 decode errors, last was: received RTP packet with unknown payload type: 50
2026/09/29 08:16:56 WAR [path cam_5064cd2c] [RTSP source] 5 decode errors, last was: received RTP packet with unknown payload type: 50
2026/09/29 08:16:56 WAR [path cam_3059f25c] [RTSP source] 5 decode errors, last was: received RTP packet with unknown payload type: 50
2026/09/29 08:16:57 WAR [path cam_5064cd2c] [RTSP source] 5 decode errors, last was: received RTP packet with unknown payload type: 50
2026/09/29 08:16:57 WAR [path cam_3059f25c] [RTSP source] 5 decode errors, last was: received RTP packet with unknown payload type: 50
2026/09/29 08:16:58 WAR [path cam_3059f25c] [RTSP source] 5 decode errors, last was: received RTP packet with unknown payload type: 50
2026/09/29 08:16:58 WAR [path cam_5064cd2c] [RTSP source] 5 decode errors, last was: received RTP packet with unknown payload type: 50
2026/09/29 08:16:59 WAR [path cam_3059f25c] [RTSP source] 5 decode errors, last was: received RTP packet with unknown payload type: 50
2026/09/29 08:16:59 WAR [path cam_5064cd2c] [RTSP source] 5 decode errors, last was: received RTP packet with unknown payload type: 50
2026/09/29 08:17:00 WAR [path cam_3059f25c] [RTSP source] 5 decode errors, last was: received RTP packet with unknown payload type: 50
2026/09/29 08:17:00 WAR [path cam_5064cd2c] [RTSP source] 5 decode errors, last was: received RTP packet with unknown payload type: 50
2026/09/29 08:17:01 WAR [path cam_5064cd2c] [RTSP source] 5 decode errors, last was: received RTP packet with unknown payload type: 50
2026/09/29 08:17:01 WAR [path cam_3059f25c] [RTSP source] 5 decode errors, last was: received RTP packet with unknown payload type: 50
2026/09/29 08:17:02 WAR [path cam_5064cd2c] [RTSP source] 5 decode errors, last was: received RTP packet with unknown payload type: 50
2026/09/29 08:17:02 WAR [path cam_3059f25c] [RTSP source] 5 decode errors, last was: received RTP packet with unknown payload type: 50
2026/09/29 08:17:03 WAR [path cam_5064cd2c] [RTSP source] 5 decode errors, last was: received RTP packet with unknown payload type: 50
2026/09/29 08:17:03 WAR [path cam_3059f25c] [RTSP source] 5 decode errors, last was: received RTP packet with unknown payload type: 50
2026/09/29 08:17:04 WAR [path cam_3059f25c] [RTSP source] 5 decode errors, last was: received RTP packet with unknown payload type: 50
2026/09/29 08:17:04 WAR [path cam_5064cd2c] [RTSP source] 5 decode errors, last was: received RTP packet with unknown payload type: 50
2026/09/29 08:17:05 WAR [path cam_5064cd2c] [RTSP source] 5 decode errors, last was: received RTP packet with unknown payload type: 50
2026/09/29 08:17:05 WAR [path cam_3059f25c] [RTSP source] 5 decode errors, last was: received RTP packet with unknown payload type: 50
2026/09/29 08:17:06 WAR [path cam_3059f25c] [RTSP source] 5 decode errors, last was: received RTP packet with unknown payload type: 50
2026/09/29 08:17:06 WAR [path cam_5064cd2c] [RTSP source] 5 decode errors, last was: received RTP packet with unknown payload type: 50
2026/09/29 08:17:07 WAR [path cam_3059f25c] [RTSP source] 5 decode errors, last was: received RTP packet with unknown payload type: 50
2026/09/29 08:17:07 WAR [path cam_5064cd2c] [RTSP source] 5 decode errors, last was: received RTP packet with unknown payload type: 50
2026/09/29 08:17:08 WAR [path cam_5064cd2c] [RTSP source] 5 decode errors, last was: received RTP packet with unknown payload type: 50
2026/09/29 08:17:08 WAR [path cam_3059f25c] [RTSP source] 5 decode errors, last was: received RTP packet with unknown payload type: 50
2026/09/29 08:17:09 WAR [path cam_3059f25c] [RTSP source] 5 decode errors, last was: received RTP packet with unknown payload type: 50
2026/09/29 08:17:09 WAR [path cam_5064cd2c] [RTSP source] 5 decode errors, last was: received RTP packet with unknown payload type: 50
2026/09/29 08:17:10 WAR [path cam_3059f25c] [RTSP source] 5 decode errors, last was: received RTP packet with unknown payload type: 50
2026/09/29 08:17:10 WAR [path cam_5064cd2c] [RTSP source] 5 decode errors, last was: received RTP packet with unknown payload type: 50
2026/09/29 08:17:11 WAR [path cam_3059f25c] [RTSP source] 5 decode errors, last was: received RTP packet with unknown payload type: 50
2026/09/29 08:17:11 WAR [path cam_5064cd2c] [RTSP source] 5 decode errors, last was: received RTP packet with unknown payload type: 50
2026/09/29 08:17:12 WAR [path cam_3059f25c] [RTSP source] 5 decode errors, last was: received RTP packet with unknown payload type: 50
2026/09/29 08:17:12 WAR [path cam_5064cd2c] [RTSP source] 5 decode errors, last was: received RTP packet with unknown payload type: 50
2026/09/29 08:17:13 WAR [path cam_5064cd2c] [RTSP source] 5 decode errors, last was: received RTP packet with unknown payload type: 50
2026/09/29 08:17:13 WAR [path cam_3059f25c] [RTSP source] 5 decode errors, last was: received RTP packet with unknown payload type: 50
2026/09/29 08:17:14 WAR [path cam_3059f25c] [RTSP source] 5 decode errors, last was: received RTP packet with unknown payload type: 50
2026/09/29 08:17:14 WAR [path cam_5064cd2c] [RTSP source] 5 decode errors, last was: received RTP packet with unknown payload type: 50
2026/09/29 08:17:15 WAR [path cam_3059f25c] [RTSP source] 5 decode errors, last was: received RTP packet with unknown payload type: 50
2026/09/29 08:17:15 WAR [path cam_5064cd2c] [RTSP source] 5 decode errors, last was: received RTP packet with unknown payload type: 50
2026/09/29 08:17:16 WAR [path cam_5064cd2c] [RTSP source] 5 decode errors, last was: received RTP packet with unknown payload type: 50
2026/09/29 08:17:16 WAR [path cam_3059f25c] [RTSP source] 5 decode errors, last was: received RTP packet with unknown payload type: 50
2026/09/29 08:17:17 WAR [path cam_3059f25c] [RTSP source] 5 decode errors, last was: received RTP packet with unknown payload type: 50
2026/09/29 08:17:17 WAR [path cam_5064cd2c] [RTSP source] 5 decode errors, last was: received RTP packet with unknown payload type: 50
2026/09/29 08:17:18 WAR [path cam_5064cd2c] [RTSP source] 5 decode errors, last was: received RTP packet with unknown payload type: 50
2026/09/29 08:17:18 WAR [path cam_3059f25c] [RTSP source] 5 decode errors, last was: received RTP packet with unknown payload type: 50
2026/09/29 08:17:19 WAR [path cam_3059f25c] [RTSP source] 5 decode errors, last was: received RTP packet with unknown payload type: 50
2026/09/29 08:17:19 WAR [path cam_5064cd2c] [RTSP source] 5 decode errors, last was: received RTP packet with unknown payload type: 50
2026/09/29 08:17:20 WAR [path cam_5064cd2c] [RTSP source] 5 decode errors, last was: received RTP packet with unknown payload type: 50
2026/09/29 08:17:20 WAR [path cam_3059f25c] [RTSP source] 5 decode errors, last was: received RTP packet with unknown payload type: 50
2026/09/29 08:17:21 WAR [path cam_5064cd2c] [RTSP source] 5 decode errors, last was: received RTP packet with unknown payload type: 50
2026/09/29 08:17:21 WAR [path cam_3059f25c] [RTSP source] 5 decode errors, last was: received RTP packet with unknown payload type: 50
2026/09/29 08:17:22 WAR [path cam_3059f25c] [RTSP source] 5 decode errors, last was: received RTP packet with unknown payload type: 50
2026/09/29 08:17:22 WAR [path cam_5064cd2c] [RTSP source] 5 decode errors, last was: received RTP packet with unknown payload type: 50
2026/09/29 08:17:23 WAR [path cam_3059f25c] [RTSP source] 5 decode errors, last was: received RTP packet with unknown payload type: 50
2026/09/29 08:17:23 WAR [path cam_5064cd2c] [RTSP source] 5 decode errors, last was: received RTP packet with unknown payload type: 50
2026/09/29 08:17:24 WAR [path cam_5064cd2c] [RTSP source] 5 decode errors, last was: received RTP packet with unknown payload type: 50
2026/09/29 08:17:24 WAR [path cam_3059f25c] [RTSP source] 5 decode errors, last was: received RTP packet with unknown payload type: 50
2026/09/29 08:17:25 WAR [path cam_3059f25c] [RTSP source] 5 decode errors, last was: received RTP packet with unknown payload type: 50
2026/09/29 08:17:25 WAR [path cam_5064cd2c] [RTSP source] 5 decode errors, last was: received RTP packet with unknown payload type: 50
2026/09/29 08:17:26 WAR [path cam_5064cd2c] [RTSP source] 5 decode errors, last was: received RTP packet with unknown payload type: 50
2026/09/29 08:17:26 WAR [path cam_3059f25c] [RTSP source] 5 decode errors, last was: received RTP packet with unknown payload type: 50
2026/09/29 08:17:27 WAR [path cam_3059f25c] [RTSP source] 5 decode errors, last was: received RTP packet with unknown payload type: 50
2026/09/29 08:17:27 WAR [path cam_5064cd2c] [RTSP source] 5 decode errors, last was: received RTP packet with unknown payload type: 50
2026/09/29 08:17:28 WAR [path cam_5064cd2c] [RTSP source] 5 decode errors, last was: received RTP packet with unknown payload type: 50
2026/09/29 08:17:28 WAR [path cam_3059f25c] [RTSP source] 5 decode errors, last was: received RTP packet with unknown payload type: 50
2026/09/29 08:17:29 WAR [path cam_3059f25c] [RTSP source] 5 decode errors, last was: received RTP packet with unknown payload type: 50
2026/09/29 08:17:29 WAR [path cam_5064cd2c] [RTSP source] 5 decode errors, last was: received RTP packet with unknown payload type: 50
2026/09/29 08:17:30 WAR [path cam_3059f25c] [RTSP source] 5 decode errors, last was: received RTP packet with unknown payload type: 50
2026/09/29 08:17:30 WAR [path cam_5064cd2c] [RTSP source] 5 decode errors, last was: received RTP packet with unknown payload type: 50
2026/09/29 08:17:31 WAR [path cam_3059f25c] [RTSP source] 5 decode errors, last was: received RTP packet with unknown payload type: 50
2026/09/29 08:17:31 WAR [path cam_5064cd2c] [RTSP source] 5 decode errors, last was: received RTP packet with unknown payload type: 50
2026/09/29 08:17:32 WAR [path cam_5064cd2c] [RTSP source] 5 decode errors, last was: received RTP packet with unknown payload type: 50
2026/09/29 08:17:32 WAR [path cam_3059f25c] [RTSP source] 5 decode errors, last was: received RTP packet with unknown payload type: 50
2026/09/29 08:17:33 WAR [path cam_5064cd2c] [RTSP source] 5 decode errors, last was: received RTP packet with unknown payload type: 50
2026/09/29 08:17:33 WAR [path cam_3059f25c] [RTSP source] 5 decode errors, last was: received RTP packet with unknown payload type: 50
2026/09/29 08:17:34 WAR [path cam_3059f25c] [RTSP source] 5 decode errors, last was: received RTP packet with unknown payload type: 50
2026/09/29 08:17:34 WAR [path cam_5064cd2c] [RTSP source] 5 decode errors, last was: received RTP packet with unknown payload type: 50
2026/09/29 08:17:35 WAR [path cam_5064cd2c] [RTSP source] 5 decode errors, last was: received RTP packet with unknown payload type: 50
2026/09/29 08:17:35 WAR [path cam_3059f25c] [RTSP source] 5 decode errors, last was: received RTP packet with unknown payload type: 50
2026/09/29 08:17:36 WAR [path cam_5064cd2c] [RTSP source] 5 decode errors, last was: received RTP packet with unknown payload type: 50
2026/09/29 08:17:36 WAR [path cam_3059f25c] [RTSP source] 5 decode errors, last was: received RTP packet with unknown payload type: 50
2026/09/29 08:17:37 WAR [path cam_5064cd2c] [RTSP source] 5 decode errors, last was: received RTP packet with unknown payload type: 50
2026/09/29 08:17:37 WAR [path cam_3059f25c] [RTSP source] 5 decode errors, last was: received RTP packet with unknown payload type: 50
2026/09/29 08:17:38 WAR [path cam_5064cd2c] [RTSP source] 5 decode errors, last was: received RTP packet with unknown payload type: 50
2026/09/29 08:17:38 WAR [path cam_3059f25c] [RTSP source] 5 decode errors, last was: received RTP packet with unknown payload type: 50
2026/09/29 08:17:39 WAR [path cam_3059f25c] [RTSP source] 5 decode errors, last was: received RTP packet with unknown payload type: 50
2026/09/29 08:17:39 WAR [path cam_5064cd2c] [RTSP source] 5 decode errors, last was: received RTP packet with unknown payload type: 50
2026/09/29 08:17:40 WAR [path cam_3059f25c] [RTSP source] 5 decode errors, last was: received RTP packet with unknown payload type: 50
2026/09/29 08:17:40 WAR [path cam_5064cd2c] [RTSP source] 5 decode errors, last was: received RTP packet with unknown payload type: 50
2026/09/29 08:17:41 WAR [path cam_3059f25c] [RTSP source] 5 decode errors, last was: received RTP packet with unknown payload type: 50
2026/09/29 08:17:41 WAR [path cam_5064cd2c] [RTSP source] 5 decode errors, last was: received RTP packet with unknown payload type: 50
2026/09/29 08:17:42 WAR [path cam_5064cd2c] [RTSP source] 5 decode errors, last was: received RTP packet with unknown payload type: 50
2026/09/29 08:17:42 WAR [path cam_3059f25c] [RTSP source] 5 decode errors, last was: received RTP packet with unknown payload type: 50
2026/09/29 08:17:43 WAR [path cam_3059f25c] [RTSP source] 5 decode errors, last was: received RTP packet with unknown payload type: 50
2026/09/29 08:17:43 WAR [path cam_5064cd2c] [RTSP source] 5 decode errors, last was: received RTP packet with unknown payload type: 50
2026/09/29 08:17:44 WAR [path cam_5064cd2c] [RTSP source] 5 decode errors, last was: received RTP packet with unknown payload type: 50
2026/09/29 08:17:44 WAR [path cam_3059f25c] [RTSP source] 5 decode errors, last was: received RTP packet with unknown payload type: 50
2026/09/29 08:17:45 WAR [path cam_5064cd2c] [RTSP source] 5 decode errors, last was: received RTP packet with unknown payload type: 50
2026/09/29 08:17:45 WAR [path cam_3059f25c] [RTSP source] 5 decode errors, last was: received RTP packet with unknown payload type: 50
2026/09/29 08:17:46 WAR [path cam_3059f25c] [RTSP source] 5 decode errors, last was: received RTP packet with unknown payload type: 50
2026/09/29 08:17:46 WAR [path cam_5064cd2c] [RTSP source] 5 decode errors, last was: received RTP packet with unknown payload type: 50
2026/09/29 08:17:47 WAR [path cam_3059f25c] [RTSP source] 5 decode errors, last was: received RTP packet with unknown payload type: 50
2026/09/29 08:17:47 WAR [path cam_5064cd2c] [RTSP source] 5 decode errors, last was: received RTP packet with unknown payload type: 50
2026/09/29 08:17:48 WAR [path cam_3059f25c] [RTSP source] 5 decode errors, last was: received RTP packet with unknown payload type: 50
2026/09/29 08:17:48 WAR [path cam_5064cd2c] [RTSP source] 5 decode errors, last was: received RTP packet with unknown payload type: 50
2026/09/29 08:17:49 WAR [path cam_3059f25c] [RTSP source] 5 decode errors, last was: received RTP packet with unknown payload type: 50
2026/09/29 08:17:49 WAR [path cam_5064cd2c] [RTSP source] 5 decode errors, last was: received RTP packet with unknown payload type: 50
2026/09/29 08:17:50 WAR [path cam_3059f25c] [RTSP source] 5 decode errors, last was: received RTP packet with unknown payload type: 50
2026/09/29 08:17:50 WAR [path cam_5064cd2c] [RTSP source] 5 decode errors, last was: received RTP packet with unknown payload type: 50
2026/09/29 08:17:51 WAR [path cam_5064cd2c] [RTSP source] 5 decode errors, last was: received RTP packet with unknown payload type: 50
2026/09/29 08:17:51 WAR [path cam_3059f25c] [RTSP source] 5 decode errors, last was: received RTP packet with unknown payload type: 50
2026/09/29 08:17:52 WAR [path cam_3059f25c] [RTSP source] 5 decode errors, last was: received RTP packet with unknown payload type: 50
2026/09/29 08:17:52 WAR [path cam_5064cd2c] [RTSP source] 5 decode errors, last was: received RTP packet with unknown payload type: 50
2026/09/29 08:17:53 WAR [path cam_3059f25c] [RTSP source] 5 decode errors, last was: received RTP packet with unknown payload type: 50
2026/09/29 08:17:53 WAR [path cam_5064cd2c] [RTSP source] 5 decode errors, last was: received RTP packet with unknown payload type: 50
2026/09/29 08:17:54 WAR [path cam_3059f25c] [RTSP source] 5 decode errors, last was: received RTP packet with unknown payload type: 50
2026/09/29 08:17:54 WAR [path cam_5064cd2c] [RTSP source] 5 decode errors, last was: received RTP packet with unknown payload type: 50
2026/09/29 08:17:55 WAR [path cam_3059f25c] [RTSP source] 5 decode errors, last was: received RTP packet with unknown payload type: 50
2026/09/29 08:17:55 WAR [path cam_5064cd2c] [RTSP source] 5 decode errors, last was: received RTP packet with unknown payload type: 50
2026/09/29 08:17:56 WAR [path cam_5064cd2c] [RTSP source] 5 decode errors, last was: received RTP packet with unknown payload type: 50
2026/09/29 08:17:56 WAR [path cam_3059f25c] [RTSP source] 5 decode errors, last was: received RTP packet with unknown payload type: 50
2026/09/29 08:17:57 WAR [path cam_3059f25c] [RTSP source] 5 decode errors, last was: received RTP packet with unknown payload type: 50
2026/09/29 08:17:57 WAR [path cam_5064cd2c] [RTSP source] 5 decode errors, last was: received RTP packet with unknown payload type: 50
2026/09/29 08:17:58 WAR [path cam_3059f25c] [RTSP source] 5 decode errors, last was: received RTP packet with unknown payload type: 50
2026/09/29 08:17:58 WAR [path cam_5064cd2c] [RTSP source] 5 decode errors, last was: received RTP packet with unknown payload type: 50
2026/09/29 08:17:59 WAR [path cam_3059f25c] [RTSP source] 5 decode errors, last was: received RTP packet with unknown payload type: 50
2026/09/29 08:17:59 WAR [path cam_5064cd2c] [RTSP source] 5 decode errors, last was: received RTP packet with unknown payload type: 50
2026/09/29 08:18:00 WAR [path cam_3059f25c] [RTSP source] 5 decode errors, last was: received RTP packet with unknown payload type: 50
2026/09/29 08:18:00 WAR [path cam_5064cd2c] [RTSP source] 5 decode errors, last was: received RTP packet with unknown payload type: 50
2026/09/29 08:18:01 WAR [path cam_3059f25c] [RTSP source] 5 decode errors, last was: received RTP packet with unknown payload type: 50
2026/09/29 08:18:01 WAR [path cam_5064cd2c] [RTSP source] 5 decode errors, last was: received RTP packet with unknown payload type: 50
2026/09/29 08:18:02 WAR [path cam_5064cd2c] [RTSP source] 5 decode errors, last was: received RTP packet with unknown payload type: 50
2026/09/29 08:18:02 WAR [path cam_3059f25c] [RTSP source] 5 decode errors, last was: received RTP packet with unknown payload type: 50
2026/09/29 08:18:03 WAR [path cam_5064cd2c] [RTSP source] 5 decode errors, last was: received RTP packet with unknown payload type: 50
2026/09/29 08:18:03 WAR [path cam_3059f25c] [RTSP source] 5 decode errors, last was: received RTP packet with unknown payload type: 50
2026/09/29 08:18:04 WAR [path cam_5064cd2c] [RTSP source] 5 decode errors, last was: received RTP packet with unknown payload type: 50
2026/09/29 08:18:04 WAR [path cam_3059f25c] [RTSP source] 5 decode errors, last was: received RTP packet with unknown payload type: 50
2026/09/29 08:18:05 WAR [path cam_5064cd2c] [RTSP source] 5 decode errors, last was: received RTP packet with unknown payload type: 50
2026/09/29 08:18:05 WAR [path cam_3059f25c] [RTSP source] 5 decode errors, last was: received RTP packet with unknown payload type: 50
2026/09/29 08:18:06 WAR [path cam_5064cd2c] [RTSP source] 5 decode errors, last was: received RTP packet with unknown payload type: 50
2026/09/29 08:18:06 WAR [path cam_3059f25c] [RTSP source] 5 decode errors, last was: received RTP packet with unknown payload type: 50
2026/09/29 08:18:07 WAR [path cam_5064cd2c] [RTSP source] 5 decode errors, last was: received RTP packet with unknown payload type: 50
2026/09/29 08:18:07 WAR [path cam_3059f25c] [RTSP source] 5 decode errors, last was: received RTP packet with unknown payload type: 50
2026/09/29 08:18:08 WAR [path cam_5064cd2c] [RTSP source] 5 decode errors, last was: received RTP packet with unknown payload type: 50
2026/09/29 08:18:08 WAR [path cam_3059f25c] [RTSP source] 5 decode errors, last was: received RTP packet with unknown payload type: 50
2026/09/29 08:18:09 WAR [path cam_3059f25c] [RTSP source] 5 decode errors, last was: received RTP packet with unknown payload type: 50
2026/09/29 08:18:09 WAR [path cam_5064cd2c] [RTSP source] 5 decode errors, last was: received RTP packet with unknown payload type: 50
2026/09/29 08:18:10 WAR [path cam_5064cd2c] [RTSP source] 5 decode errors, last was: received RTP packet with unknown payload type: 50
2026/09/29 08:18:10 WAR [path cam_3059f25c] [RTSP source] 5 decode errors, last was: received RTP packet with unknown payload type: 50
2026/09/29 08:18:11 WAR [path cam_3059f25c] [RTSP source] 5 decode errors, last was: received RTP packet with unknown payload type: 50
2026/09/29 08:18:11 WAR [path cam_5064cd2c] [RTSP source] 5 decode errors, last was: received RTP packet with unknown payload type: 50
2026/09/29 08:18:12 WAR [path cam_3059f25c] [RTSP source] 5 decode errors, last was: received RTP packet with unknown payload type: 50
2026/09/29 08:18:12 WAR [path cam_5064cd2c] [RTSP source] 5 decode errors, last was: received RTP packet with unknown payload type: 50
2026/09/29 08:18:13 WAR [path cam_3059f25c] [RTSP source] 5 decode errors, last was: received RTP packet with unknown payload type: 50
2026/09/29 08:18:13 WAR [path cam_5064cd2c] [RTSP source] 5 decode errors, last was: received RTP packet with unknown payload type: 50
2026/09/29 08:18:14 WAR [path cam_3059f25c] [RTSP source] 5 decode errors, last was: received RTP packet with unknown payload type: 50
2026/09/29 08:18:14 WAR [path cam_5064cd2c] [RTSP source] 5 decode errors, last was: received RTP packet with unknown payload type: 50
2026/09/29 08:18:15 WAR [path cam_3059f25c] [RTSP source] 5 decode errors, last was: received RTP packet with unknown payload type: 50
2026/09/29 08:18:15 WAR [path cam_5064cd2c] [RTSP source] 5 decode errors, last was: received RTP packet with unknown payload type: 50
2026/09/29 08:18:15 WAR [path cam_1e437edf] [RTSP source] 42 RTP packets lost
2026/09/29 08:18:15 WAR [path cam_1e437edf] 25 processing errors, last was: invalid fragmentation unit (non-starting)
2026/09/29 08:18:16 WAR [path cam_3059f25c] [RTSP source] 5 decode errors, last was: received RTP packet with unknown payload type: 50
2026/09/29 08:18:16 WAR [path cam_5064cd2c] [RTSP source] 5 decode errors, last was: received RTP packet with unknown payload type: 50
2026/09/29 08:18:17 WAR [path cam_3059f25c] [RTSP source] 5 decode errors, last was: received RTP packet with unknown payload type: 50
2026/09/29 08:18:17 WAR [path cam_5064cd2c] [RTSP source] 5 decode errors, last was: received RTP packet with unknown payload type: 50
2026/09/29 08:18:18 WAR [path cam_3059f25c] [RTSP source] 5 decode errors, last was: received RTP packet with unknown payload type: 50
2026/09/29 08:18:18 WAR [path cam_5064cd2c] [RTSP source] 5 decode errors, last was: received RTP packet with unknown payload type: 50
2026/09/29 08:18:19 WAR [path cam_3059f25c] [RTSP source] 5 decode errors, last was: received RTP packet with unknown payload type: 50
2026/09/29 08:18:19 WAR [path cam_5064cd2c] [RTSP source] 5 decode errors, last was: received RTP packet with unknown payload type: 50
2026/09/29 08:18:20 WAR [path cam_3059f25c] [RTSP source] 5 decode errors, last was: received RTP packet with unknown payload type: 50
2026/09/29 08:18:20 WAR [path cam_5064cd2c] [RTSP source] 5 decode errors, last was: received RTP packet with unknown payload type: 50
2026/09/29 08:18:21 WAR [path cam_3059f25c] [RTSP source] 5 decode errors, last was: received RTP packet with unknown payload type: 50
2026/09/29 08:18:21 WAR [path cam_5064cd2c] [RTSP source] 5 decode errors, last was: received RTP packet with unknown payload type: 50
2026/09/29 08:18:22 WAR [path cam_5064cd2c] [RTSP source] 5 decode errors, last was: received RTP packet with unknown payload type: 50
2026/09/29 08:18:22 WAR [path cam_3059f25c] [RTSP source] 5 decode errors, last was: received RTP packet with unknown payload type: 50
2026/09/29 08:18:23 WAR [path cam_3059f25c] [RTSP source] 5 decode errors, last was: received RTP packet with unknown payload type: 50
2026/09/29 08:18:23 WAR [path cam_5064cd2c] [RTSP source] 5 decode errors, last was: received RTP packet with unknown payload type: 50
2026/09/29 08:18:24 WAR [path cam_3059f25c] [RTSP source] 5 decode errors, last was: received RTP packet with unknown payload type: 50
2026/09/29 08:18:24 WAR [path cam_5064cd2c] [RTSP source] 5 decode errors, last was: received RTP packet with unknown payload type: 50
2026/09/29 08:18:25 WAR [path cam_5064cd2c] [RTSP source] 5 decode errors, last was: received RTP packet with unknown payload type: 50
2026/09/29 08:18:25 WAR [path cam_3059f25c] [RTSP source] 5 decode errors, last was: received RTP packet with unknown payload type: 50
2026/09/29 08:18:26 WAR [path cam_5064cd2c] [RTSP source] 5 decode errors, last was: received RTP packet with unknown payload type: 50
2026/09/29 08:18:26 WAR [path cam_3059f25c] [RTSP source] 5 decode errors, last was: received RTP packet with unknown payload type: 50
2026/09/29 08:18:27 WAR [path cam_3059f25c] [RTSP source] 5 decode errors, last was: received RTP packet with unknown payload type: 50
2026/09/29 08:18:27 WAR [path cam_5064cd2c] [RTSP source] 5 decode errors, last was: received RTP packet with unknown payload type: 50
2026/09/29 08:18:28 WAR [path cam_5064cd2c] [RTSP source] 5 decode errors, last was: received RTP packet with unknown payload type: 50
2026/09/29 08:18:28 WAR [path cam_3059f25c] [RTSP source] 5 decode errors, last was: received RTP packet with unknown payload type: 50
2026/09/29 08:18:29 WAR [path cam_3059f25c] [RTSP source] 5 decode errors, last was: received RTP packet with unknown payload type: 50
2026/09/29 08:18:29 WAR [path cam_5064cd2c] [RTSP source] 5 decode errors, last was: received RTP packet with unknown payload type: 50
2026/09/29 08:18:30 WAR [path cam_3059f25c] [RTSP source] 5 decode errors, last was: received RTP packet with unknown payload type: 50
2026/09/29 08:18:30 WAR [path cam_5064cd2c] [RTSP source] 5 decode errors, last was: received RTP packet with unknown payload type: 50
2026/09/29 08:18:31 WAR [path cam_5064cd2c] [RTSP source] 5 decode errors, last was: received RTP packet with unknown payload type: 50
2026/09/29 08:18:31 WAR [path cam_3059f25c] [RTSP source] 5 decode errors, last was: received RTP packet with unknown payload type: 50
2026/09/29 08:18:31 WAR [path cam_5064cd2c] [RTSP source] 2 RTP packets lost
2026/09/29 08:18:32 WAR [path cam_3059f25c] [RTSP source] 5 decode errors, last was: received RTP packet with unknown payload type: 50
2026/09/29 08:18:32 WAR [path cam_5064cd2c] [RTSP source] 5 decode errors, last was: received RTP packet with unknown payload type: 50
2026/09/29 08:18:33 WAR [path cam_3059f25c] [RTSP source] 5 decode errors, last was: received RTP packet with unknown payload type: 50
2026/09/29 08:18:33 WAR [path cam_5064cd2c] [RTSP source] 5 decode errors, last was: received RTP packet with unknown payload type: 50
2026/09/29 08:18:34 WAR [path cam_3059f25c] [RTSP source] 5 decode errors, last was: received RTP packet with unknown payload type: 50
2026/09/29 08:18:34 WAR [path cam_5064cd2c] [RTSP source] 5 decode errors, last was: received RTP packet with unknown payload type: 50
2026/09/29 08:18:35 WAR [path cam_3059f25c] [RTSP source] 5 decode errors, last was: received RTP packet with unknown payload type: 50
2026/09/29 08:18:35 WAR [path cam_5064cd2c] [RTSP source] 5 decode errors, last was: received RTP packet with unknown payload type: 50
2026/09/29 08:18:36 WAR [path cam_5064cd2c] [RTSP source] 5 decode errors, last was: received RTP packet with unknown payload type: 50
2026/09/29 08:18:36 WAR [path cam_3059f25c] [RTSP source] 5 decode errors, last was: received RTP packet with unknown payload type: 50
2026/09/29 08:18:37 WAR [path cam_5064cd2c] [RTSP source] 5 decode errors, last was: received RTP packet with unknown payload type: 50
2026/09/29 08:18:37 WAR [path cam_3059f25c] [RTSP source] 5 decode errors, last was: received RTP packet with unknown payload type: 50
2026/09/29 08:18:37 WAR [path cam_1e437edf] [RTSP source] 62 RTP packets lost
2026/09/29 08:18:37 WAR [path cam_1e437edf] 4 processing errors, last was: invalid fragmentation unit (non-starting)
2026/09/29 08:18:38 WAR [path cam_5064cd2c] [RTSP source] 5 decode errors, last was: received RTP packet with unknown payload type: 50
2026/09/29 08:18:38 WAR [path cam_3059f25c] [RTSP source] 5 decode errors, last was: received RTP packet with unknown payload type: 50
2026/09/29 08:18:39 WAR [path cam_3059f25c] [RTSP source] 5 decode errors, last was: received RTP packet with unknown payload type: 50
2026/09/29 08:18:39 WAR [path cam_5064cd2c] [RTSP source] 5 decode errors, last was: received RTP packet with unknown payload type: 50
2026/09/29 08:18:40 WAR [path cam_5064cd2c] [RTSP source] 5 decode errors, last was: received RTP packet with unknown payload type: 50
2026/09/29 08:18:40 WAR [path cam_3059f25c] [RTSP source] 5 decode errors, last was: received RTP packet with unknown payload type: 50
2026/09/29 08:18:41 WAR [path cam_5064cd2c] [RTSP source] 5 decode errors, last was: received RTP packet with unknown payload type: 50
2026/09/29 08:18:41 WAR [path cam_3059f25c] [RTSP source] 5 decode errors, last was: received RTP packet with unknown payload type: 50
2026/09/29 08:18:42 WAR [path cam_3059f25c] [RTSP source] 5 decode errors, last was: received RTP packet with unknown payload type: 50
2026/09/29 08:18:42 WAR [path cam_5064cd2c] [RTSP source] 5 decode errors, last was: received RTP packet with unknown payload type: 50
2026/09/29 08:18:43 WAR [path cam_3059f25c] [RTSP source] 5 decode errors, last was: received RTP packet with unknown payload type: 50
2026/09/29 08:18:43 WAR [path cam_5064cd2c] [RTSP source] 5 decode errors, last was: received RTP packet with unknown payload type: 50
2026/09/29 08:18:44 WAR [path cam_3059f25c] [RTSP source] 5 decode errors, last was: received RTP packet with unknown payload type: 50
2026/09/29 08:18:44 WAR [path cam_5064cd2c] [RTSP source] 5 decode errors, last was: received RTP packet with unknown payload type: 50
2026/09/29 08:18:45 WAR [path cam_3059f25c] [RTSP source] 5 decode errors, last was: received RTP packet with unknown payload type: 50
2026/09/29 08:18:45 WAR [path cam_5064cd2c] [RTSP source] 5 decode errors, last was: received RTP packet with unknown payload type: 50
2026/09/29 08:18:46 WAR [path cam_5064cd2c] [RTSP source] 5 decode errors, last was: received RTP packet with unknown payload type: 50
2026/09/29 08:18:46 WAR [path cam_3059f25c] [RTSP source] 5 decode errors, last was: received RTP packet with unknown payload type: 50
2026/09/29 08:18:47 WAR [path cam_5064cd2c] [RTSP source] 5 decode errors, last was: received RTP packet with unknown payload type: 50
2026/09/29 08:18:47 WAR [path cam_3059f25c] [RTSP source] 5 decode errors, last was: received RTP packet with unknown payload type: 50
2026/09/29 08:18:48 WAR [path cam_3059f25c] [RTSP source] 5 decode errors, last was: received RTP packet with unknown payload type: 50
2026/09/29 08:18:48 WAR [path cam_5064cd2c] [RTSP source] 5 decode errors, last was: received RTP packet with unknown payload type: 50
2026/09/29 08:18:49 WAR [path cam_3059f25c] [RTSP source] 5 decode errors, last was: received RTP packet with unknown payload type: 50
2026/09/29 08:18:49 WAR [path cam_5064cd2c] [RTSP source] 5 decode errors, last was: received RTP packet with unknown payload type: 50
2026/09/29 08:18:50 WAR [path cam_3059f25c] [RTSP source] 5 decode errors, last was: received RTP packet with unknown payload type: 50
2026/09/29 08:18:50 WAR [path cam_5064cd2c] [RTSP source] 5 decode errors, last was: received RTP packet with unknown payload type: 50
2026/09/29 08:18:51 WAR [path cam_3059f25c] [RTSP source] 5 decode errors, last was: received RTP packet with unknown payload type: 50
2026/09/29 08:18:51 WAR [path cam_5064cd2c] [RTSP source] 5 decode errors, last was: received RTP packet with unknown payload type: 50
2026/09/29 08:18:52 WAR [path cam_5064cd2c] [RTSP source] 5 decode errors, last was: received RTP packet with unknown payload type: 50
2026/09/29 08:18:52 WAR [path cam_3059f25c] [RTSP source] 5 decode errors, last was: received RTP packet with unknown payload type: 50
2026/09/29 08:18:53 WAR [path cam_5064cd2c] [RTSP source] 5 decode errors, last was: received RTP packet with unknown payload type: 50
2026/09/29 08:18:53 WAR [path cam_3059f25c] [RTSP source] 5 decode errors, last was: received RTP packet with unknown payload type: 50
2026/09/29 08:18:54 WAR [path cam_3059f25c] [RTSP source] 5 decode errors, last was: received RTP packet with unknown payload type: 50
2026/09/29 08:18:54 WAR [path cam_5064cd2c] [RTSP source] 5 decode errors, last was: received RTP packet with unknown payload type: 50
2026/09/29 08:18:55 WAR [path cam_5064cd2c] [RTSP source] 5 decode errors, last was: received RTP packet with unknown payload type: 50
2026/09/29 08:18:55 WAR [path cam_3059f25c] [RTSP source] 5 decode errors, last was: received RTP packet with unknown payload type: 50
2026/09/29 08:18:56 WAR [path cam_3059f25c] [RTSP source] 5 decode errors, last was: received RTP packet with unknown payload type: 50
2026/09/29 08:18:56 WAR [path cam_5064cd2c] [RTSP source] 5 decode errors, last was: received RTP packet with unknown payload type: 50
2026/09/29 08:18:57 WAR [path cam_5064cd2c] [RTSP source] 5 decode errors, last was: received RTP packet with unknown payload type: 50
2026/09/29 08:18:57 WAR [path cam_3059f25c] [RTSP source] 5 decode errors, last was: received RTP packet with unknown payload type: 50
2026/09/29 08:18:58 WAR [path cam_5064cd2c] [RTSP source] 5 decode errors, last was: received RTP packet with unknown payload type: 50
2026/09/29 08:18:58 WAR [path cam_3059f25c] [RTSP source] 5 decode errors, last was: received RTP packet with unknown payload type: 50
2026/09/29 08:18:59 WAR [path cam_3059f25c] [RTSP source] 5 decode errors, last was: received RTP packet with unknown payload type: 50
2026/09/29 08:18:59 WAR [path cam_5064cd2c] [RTSP source] 5 decode errors, last was: received RTP packet with unknown payload type: 50
2026/09/29 08:19:00 WAR [path cam_5064cd2c] [RTSP source] 5 decode errors, last was: received RTP packet with unknown payload type: 50
2026/09/29 08:19:00 WAR [path cam_3059f25c] [RTSP source] 5 decode errors, last was: received RTP packet with unknown payload type: 50
2026/09/29 08:19:01 WAR [path cam_5064cd2c] [RTSP source] 5 decode errors, last was: received RTP packet with unknown payload type: 50
2026/09/29 08:19:01 WAR [path cam_3059f25c] [RTSP source] 5 decode errors, last was: received RTP packet with unknown payload type: 50
2026/09/29 08:19:02 WAR [path cam_3059f25c] [RTSP source] 5 decode errors, last was: received RTP packet with unknown payload type: 50
2026/09/29 08:19:02 WAR [path cam_5064cd2c] [RTSP source] 5 decode errors, last was: received RTP packet with unknown payload type: 50
2026/09/29 08:19:03 WAR [path cam_5064cd2c] [RTSP source] 5 decode errors, last was: received RTP packet with unknown payload type: 50
2026/09/29 08:19:03 WAR [path cam_3059f25c] [RTSP source] 5 decode errors, last was: received RTP packet with unknown payload type: 50
2026/09/29 08:19:04 WAR [path cam_3059f25c] [RTSP source] 5 decode errors, last was: received RTP packet with unknown payload type: 50
2026/09/29 08:19:04 WAR [path cam_5064cd2c] [RTSP source] 5 decode errors, last was: received RTP packet with unknown payload type: 50
2026/09/29 08:19:05 WAR [path cam_3059f25c] [RTSP source] 5 decode errors, last was: received RTP packet with unknown payload type: 50
2026/09/29 08:19:05 WAR [path cam_5064cd2c] [RTSP source] 5 decode errors, last was: received RTP packet with unknown payload type: 50
2026/09/29 08:19:06 WAR [path cam_3059f25c] [RTSP source] 5 decode errors, last was: received RTP packet with unknown payload type: 50
2026/09/29 08:19:06 WAR [path cam_5064cd2c] [RTSP source] 5 decode errors, last was: received RTP packet with unknown payload type: 50
2026/09/29 08:19:07 WAR [path cam_3059f25c] [RTSP source] 5 decode errors, last was: received RTP packet with unknown payload type: 50
2026/09/29 08:19:07 WAR [path cam_5064cd2c] [RTSP source] 5 decode errors, last was: received RTP packet with unknown payload type: 50
2026/09/29 08:19:08 WAR [path cam_5064cd2c] [RTSP source] 5 decode errors, last was: received RTP packet with unknown payload type: 50
2026/09/29 08:19:08 WAR [path cam_3059f25c] [RTSP source] 5 decode errors, last was: received RTP packet with unknown payload type: 50
2026/09/29 08:19:09 WAR [path cam_3059f25c] [RTSP source] 5 decode errors, last was: received RTP packet with unknown payload type: 50
2026/09/29 08:19:09 WAR [path cam_5064cd2c] [RTSP source] 5 decode errors, last was: received RTP packet with unknown payload type: 50
2026/09/29 08:19:10 WAR [path cam_3059f25c] [RTSP source] 5 decode errors, last was: received RTP packet with unknown payload type: 50
2026/09/29 08:19:10 WAR [path cam_5064cd2c] [RTSP source] 5 decode errors, last was: received RTP packet with unknown payload type: 50
2026/09/29 08:19:11 WAR [path cam_5064cd2c] [RTSP source] 5 decode errors, last was: received RTP packet with unknown payload type: 50
2026/09/29 08:19:11 WAR [path cam_3059f25c] [RTSP source] 5 decode errors, last was: received RTP packet with unknown payload type: 50
2026/09/29 08:19:12 WAR [path cam_3059f25c] [RTSP source] 5 decode errors, last was: received RTP packet with unknown payload type: 50
2026/09/29 08:19:12 WAR [path cam_5064cd2c] [RTSP source] 5 decode errors, last was: received RTP packet with unknown payload type: 50
2026/09/29 08:19:13 WAR [path cam_3059f25c] [RTSP source] 5 decode errors, last was: received RTP packet with unknown payload type: 50
2026/09/29 08:19:13 WAR [path cam_5064cd2c] [RTSP source] 5 decode errors, last was: received RTP packet with unknown payload type: 50
2026/09/29 08:19:14 WAR [path cam_5064cd2c] [RTSP source] 5 decode errors, last was: received RTP packet with unknown payload type: 50
2026/09/29 08:19:14 WAR [path cam_3059f25c] [RTSP source] 5 decode errors, last was: received RTP packet with unknown payload type: 50
2026/09/29 08:19:15 WAR [path cam_5064cd2c] [RTSP source] 5 decode errors, last was: received RTP packet with unknown payload type: 50
2026/09/29 08:19:15 WAR [path cam_3059f25c] [RTSP source] 5 decode errors, last was: received RTP packet with unknown payload type: 50
2026/09/29 08:19:16 WAR [path cam_3059f25c] [RTSP source] 5 decode errors, last was: received RTP packet with unknown payload type: 50
2026/09/29 08:19:16 WAR [path cam_5064cd2c] [RTSP source] 5 decode errors, last was: received RTP packet with unknown payload type: 50
2026/09/29 08:19:17 WAR [path cam_3059f25c] [RTSP source] 5 decode errors, last was: received RTP packet with unknown payload type: 50
2026/09/29 08:19:17 WAR [path cam_5064cd2c] [RTSP source] 5 decode errors, last was: received RTP packet with unknown payload type: 50
2026/09/29 08:19:18 WAR [path cam_3059f25c] [RTSP source] 5 decode errors, last was: received RTP packet with unknown payload type: 50
2026/09/29 08:19:18 WAR [path cam_5064cd2c] [RTSP source] 5 decode errors, last was: received RTP packet with unknown payload type: 50
2026/09/29 08:19:19 WAR [path cam_5064cd2c] [RTSP source] 5 decode errors, last was: received RTP packet with unknown payload type: 50
2026/09/29 08:19:19 WAR [path cam_3059f25c] [RTSP source] 5 decode errors, last was: received RTP packet with unknown payload type: 50
2026/09/29 08:19:20 WAR [path cam_3059f25c] [RTSP source] 5 decode errors, last was: received RTP packet with unknown payload type: 50
2026/09/29 08:19:20 WAR [path cam_5064cd2c] [RTSP source] 5 decode errors, last was: received RTP packet with unknown payload type: 50
2026/09/29 08:19:21 WAR [path cam_3059f25c] [RTSP source] 5 decode errors, last was: received RTP packet with unknown payload type: 50
2026/09/29 08:19:21 WAR [path cam_5064cd2c] [RTSP source] 5 decode errors, last was: received RTP packet with unknown payload type: 50
2026/09/29 08:19:22 WAR [path cam_5064cd2c] [RTSP source] 5 decode errors, last was: received RTP packet with unknown payload type: 50
2026/09/29 08:19:22 WAR [path cam_3059f25c] [RTSP source] 5 decode errors, last was: received RTP packet with unknown payload type: 50
2026/09/29 08:19:23 WAR [path cam_5064cd2c] [RTSP source] 5 decode errors, last was: received RTP packet with unknown payload type: 50
2026/09/29 08:19:23 WAR [path cam_3059f25c] [RTSP source] 5 decode errors, last was: received RTP packet with unknown payload type: 50
2026/09/29 08:19:24 WAR [path cam_3059f25c] [RTSP source] 5 decode errors, last was: received RTP packet with unknown payload type: 50
2026/09/29 08:19:24 WAR [path cam_5064cd2c] [RTSP source] 5 decode errors, last was: received RTP packet with unknown payload type: 50
2026/09/29 08:19:25 WAR [path cam_5064cd2c] [RTSP source] 5 decode errors, last was: received RTP packet with unknown payload type: 50
2026/09/29 08:19:25 WAR [path cam_3059f25c] [RTSP source] 5 decode errors, last was: received RTP packet with unknown payload type: 50
2026/09/29 08:19:26 WAR [path cam_5064cd2c] [RTSP source] 5 decode errors, last was: received RTP packet with unknown payload type: 50
2026/09/29 08:19:26 WAR [path cam_3059f25c] [RTSP source] 5 decode errors, last was: received RTP packet with unknown payload type: 50
2026/09/29 08:19:27 WAR [path cam_5064cd2c] [RTSP source] 5 decode errors, last was: received RTP packet with unknown payload type: 50
2026/09/29 08:19:27 WAR [path cam_3059f25c] [RTSP source] 5 decode errors, last was: received RTP packet with unknown payload type: 50
2026/09/29 08:19:28 WAR [path cam_3059f25c] [RTSP source] 5 decode errors, last was: received RTP packet with unknown payload type: 50
2026/09/29 08:19:28 WAR [path cam_5064cd2c] [RTSP source] 5 decode errors, last was: received RTP packet with unknown payload type: 50
2026/09/29 08:19:29 WAR [path cam_5064cd2c] [RTSP source] 5 decode errors, last was: received RTP packet with unknown payload type: 50
2026/09/29 08:19:29 WAR [path cam_3059f25c] [RTSP source] 5 decode errors, last was: received RTP packet with unknown payload type: 50
2026/09/29 08:19:30 WAR [path cam_3059f25c] [RTSP source] 5 decode errors, last was: received RTP packet with unknown payload type: 50
2026/09/29 08:19:30 WAR [path cam_5064cd2c] [RTSP source] 5 decode errors, last was: received RTP packet with unknown payload type: 50
2026/09/29 08:19:31 WAR [path cam_3059f25c] [RTSP source] 5 decode errors, last was: received RTP packet with unknown payload type: 50
2026/09/29 08:19:31 WAR [path cam_5064cd2c] [RTSP source] 5 decode errors, last was: received RTP packet with unknown payload type: 50
2026/09/29 08:19:32 WAR [path cam_5064cd2c] [RTSP source] 5 decode errors, last was: received RTP packet with unknown payload type: 50
2026/09/29 08:19:32 WAR [path cam_3059f25c] [RTSP source] 5 decode errors, last was: received RTP packet with unknown payload type: 50
2026/09/29 08:19:33 WAR [path cam_5064cd2c] [RTSP source] 5 decode errors, last was: received RTP packet with unknown payload type: 50
2026/09/29 08:19:33 WAR [path cam_3059f25c] [RTSP source] 5 decode errors, last was: received RTP packet with unknown payload type: 50
2026/09/29 08:19:34 WAR [path cam_5064cd2c] [RTSP source] 5 decode errors, last was: received RTP packet with unknown payload type: 50
2026/09/29 08:19:34 WAR [path cam_3059f25c] [RTSP source] 5 decode errors, last was: received RTP packet with unknown payload type: 50
2026/09/29 08:19:35 WAR [path cam_5064cd2c] [RTSP source] 5 decode errors, last was: received RTP packet with unknown payload type: 50
2026/09/29 08:19:35 WAR [path cam_3059f25c] [RTSP source] 5 decode errors, last was: received RTP packet with unknown payload type: 50
2026/09/29 08:19:36 WAR [path cam_5064cd2c] [RTSP source] 5 decode errors, last was: received RTP packet with unknown payload type: 50
2026/09/29 08:19:36 WAR [path cam_3059f25c] [RTSP source] 5 decode errors, last was: received RTP packet with unknown payload type: 50
2026/09/29 08:19:37 WAR [path cam_3059f25c] [RTSP source] 5 decode errors, last was: received RTP packet with unknown payload type: 50
2026/09/29 08:19:37 WAR [path cam_5064cd2c] [RTSP source] 5 decode errors, last was: received RTP packet with unknown payload type: 50
2026/09/29 08:19:38 WAR [path cam_5064cd2c] [RTSP source] 5 decode errors, last was: received RTP packet with unknown payload type: 50
2026/09/29 08:19:38 WAR [path cam_3059f25c] [RTSP source] 5 decode errors, last was: received RTP packet with unknown payload type: 50
2026/09/29 08:19:39 WAR [path cam_3059f25c] [RTSP source] 5 decode errors, last was: received RTP packet with unknown payload type: 50
2026/09/29 08:19:39 WAR [path cam_5064cd2c] [RTSP source] 5 decode errors, last was: received RTP packet with unknown payload type: 50
2026/09/29 08:19:40 WAR [path cam_3059f25c] [RTSP source] 5 decode errors, last was: received RTP packet with unknown payload type: 50
2026/09/29 08:19:40 WAR [path cam_5064cd2c] [RTSP source] 5 decode errors, last was: received RTP packet with unknown payload type: 50
2026/09/29 08:19:41 WAR [path cam_3059f25c] [RTSP source] 5 decode errors, last was: received RTP packet with unknown payload type: 50
2026/09/29 08:19:41 WAR [path cam_5064cd2c] [RTSP source] 5 decode errors, last was: received RTP packet with unknown payload type: 50
2026/09/29 08:19:42 WAR [path cam_3059f25c] [RTSP source] 5 decode errors, last was: received RTP packet with unknown payload type: 50
2026/09/29 08:19:42 WAR [path cam_5064cd2c] [RTSP source] 5 decode errors, last was: received RTP packet with unknown payload type: 50
2026/09/29 08:19:43 WAR [path cam_3059f25c] [RTSP source] 5 decode errors, last was: received RTP packet with unknown payload type: 50
2026/09/29 08:19:43 WAR [path cam_5064cd2c] [RTSP source] 5 decode errors, last was: received RTP packet with unknown payload type: 50
2026/09/29 08:19:44 WAR [path cam_5064cd2c] [RTSP source] 5 decode errors, last was: received RTP packet with unknown payload type: 50
2026/09/29 08:19:44 WAR [path cam_3059f25c] [RTSP source] 5 decode errors, last was: received RTP packet with unknown payload type: 50
2026/09/29 08:19:45 WAR [path cam_3059f25c] [RTSP source] 5 decode errors, last was: received RTP packet with unknown payload type: 50
2026/09/29 08:19:45 WAR [path cam_5064cd2c] [RTSP source] 5 decode errors, last was: received RTP packet with unknown payload type: 50
2026/09/29 08:19:46 WAR [path cam_3059f25c] [RTSP source] 5 decode errors, last was: received RTP packet with unknown payload type: 50
2026/09/29 08:19:46 WAR [path cam_5064cd2c] [RTSP source] 5 decode errors, last was: received RTP packet with unknown payload type: 50
2026/09/29 08:19:47 WAR [path cam_3059f25c] [RTSP source] 5 decode errors, last was: received RTP packet with unknown payload type: 50
2026/09/29 08:19:47 WAR [path cam_5064cd2c] [RTSP source] 5 decode errors, last was: received RTP packet with unknown payload type: 50
2026/09/29 08:19:48 WAR [path cam_3059f25c] [RTSP source] 5 decode errors, last was: received RTP packet with unknown payload type: 50
2026/09/29 08:19:48 WAR [path cam_5064cd2c] [RTSP source] 5 decode errors, last was: received RTP packet with unknown payload type: 50
2026/09/29 08:19:49 WAR [path cam_3059f25c] [RTSP source] 5 decode errors, last was: received RTP packet with unknown payload type: 50
2026/09/29 08:19:49 WAR [path cam_5064cd2c] [RTSP source] 5 decode errors, last was: received RTP packet with unknown payload type: 50
2026/09/29 08:19:50 WAR [path cam_5064cd2c] [RTSP source] 5 decode errors, last was: received RTP packet with unknown payload type: 50
2026/09/29 08:19:50 WAR [path cam_3059f25c] [RTSP source] 5 decode errors, last was: received RTP packet with unknown payload type: 50
2026/09/29 08:19:51 WAR [path cam_5064cd2c] [RTSP source] 5 decode errors, last was: received RTP packet with unknown payload type: 50
2026/09/29 08:19:51 WAR [path cam_3059f25c] [RTSP source] 5 decode errors, last was: received RTP packet with unknown payload type: 50
2026/09/29 08:19:52 WAR [path cam_3059f25c] [RTSP source] 5 decode errors, last was: received RTP packet with unknown payload type: 50
2026/09/29 08:19:52 WAR [path cam_5064cd2c] [RTSP source] 5 decode errors, last was: received RTP packet with unknown payload type: 50
2026/09/29 08:19:53 WAR [path cam_5064cd2c] [RTSP source] 5 decode errors, last was: received RTP packet with unknown payload type: 50
2026/09/29 08:19:53 WAR [path cam_3059f25c] [RTSP source] 5 decode errors, last was: received RTP packet with unknown payload type: 50
2026/09/29 08:19:54 WAR [path cam_5064cd2c] [RTSP source] 5 decode errors, last was: received RTP packet with unknown payload type: 50
2026/09/29 08:19:54 WAR [path cam_3059f25c] [RTSP source] 5 decode errors, last was: received RTP packet with unknown payload type: 50
2026/09/29 08:19:55 WAR [path cam_5064cd2c] [RTSP source] 5 decode errors, last was: received RTP packet with unknown payload type: 50
2026/09/29 08:19:55 WAR [path cam_3059f25c] [RTSP source] 5 decode errors, last was: received RTP packet with unknown payload type: 50
2026/09/29 08:19:56 WAR [path cam_3059f25c] [RTSP source] 5 decode errors, last was: received RTP packet with unknown payload type: 50
2026/09/29 08:19:56 WAR [path cam_5064cd2c] [RTSP source] 5 decode errors, last was: received RTP packet with unknown payload type: 50
2026/09/29 08:19:57 WAR [path cam_5064cd2c] [RTSP source] 5 decode errors, last was: received RTP packet with unknown payload type: 50
2026/09/29 08:19:57 WAR [path cam_3059f25c] [RTSP source] 5 decode errors, last was: received RTP packet with unknown payload type: 50
2026/09/29 08:19:58 WAR [path cam_5064cd2c] [RTSP source] 5 decode errors, last was: received RTP packet with unknown payload type: 50
2026/09/29 08:19:58 WAR [path cam_3059f25c] [RTSP source] 5 decode errors, last was: received RTP packet with unknown payload type: 50
2026/09/29 08:19:59 WAR [path cam_3059f25c] [RTSP source] 5 decode errors, last was: received RTP packet with unknown payload type: 50
2026/09/29 08:19:59 WAR [path cam_5064cd2c] [RTSP source] 5 decode errors, last was: received RTP packet with unknown payload type: 50
2026/09/29 08:20:00 WAR [path cam_3059f25c] [RTSP source] 5 decode errors, last was: received RTP packet with unknown payload type: 50
2026/09/29 08:20:00 WAR [path cam_5064cd2c] [RTSP source] 5 decode errors, last was: received RTP packet with unknown payload type: 50
2026/09/29 08:20:01 WAR [path cam_3059f25c] [RTSP source] 5 decode errors, last was: received RTP packet with unknown payload type: 50
2026/09/29 08:20:01 WAR [path cam_5064cd2c] [RTSP source] 5 decode errors, last was: received RTP packet with unknown payload type: 50
2026/09/29 08:20:02 WAR [path cam_5064cd2c] [RTSP source] 5 decode errors, last was: received RTP packet with unknown payload type: 50
2026/09/29 08:20:02 WAR [path cam_3059f25c] [RTSP source] 5 decode errors, last was: received RTP packet with unknown payload type: 50
2026/09/29 08:20:03 WAR [path cam_5064cd2c] [RTSP source] 5 decode errors, last was: received RTP packet with unknown payload type: 50
2026/09/29 08:20:03 WAR [path cam_3059f25c] [RTSP source] 5 decode errors, last was: received RTP packet with unknown payload type: 50
2026/09/29 08:20:04 WAR [path cam_3059f25c] [RTSP source] 5 decode errors, last was: received RTP packet with unknown payload type: 50
2026/09/29 08:20:04 WAR [path cam_5064cd2c] [RTSP source] 5 decode errors, last was: received RTP packet with unknown payload type: 50
2026/09/29 08:20:05 WAR [path cam_5064cd2c] [RTSP source] 5 decode errors, last was: received RTP packet with unknown payload type: 50
2026/09/29 08:20:05 WAR [path cam_3059f25c] [RTSP source] 5 decode errors, last was: received RTP packet with unknown payload type: 50
2026/09/29 08:20:06 WAR [path cam_3059f25c] [RTSP source] 5 decode errors, last was: received RTP packet with unknown payload type: 50
2026/09/29 08:20:06 WAR [path cam_5064cd2c] [RTSP source] 5 decode errors, last was: received RTP packet with unknown payload type: 50
2026/09/29 08:20:07 WAR [path cam_5064cd2c] [RTSP source] 5 decode errors, last was: received RTP packet with unknown payload type: 50
2026/09/29 08:20:07 WAR [path cam_3059f25c] [RTSP source] 5 decode errors, last was: received RTP packet with unknown payload type: 50
2026/09/29 08:20:08 WAR [path cam_5064cd2c] [RTSP source] 5 decode errors, last was: received RTP packet with unknown payload type: 50
2026/09/29 08:20:08 WAR [path cam_3059f25c] [RTSP source] 5 decode errors, last was: received RTP packet with unknown payload type: 50
2026/09/29 08:20:09 WAR [path cam_5064cd2c] [RTSP source] 5 decode errors, last was: received RTP packet with unknown payload type: 50
2026/09/29 08:20:09 WAR [path cam_3059f25c] [RTSP source] 5 decode errors, last was: received RTP packet with unknown payload type: 50
2026/09/29 08:20:10 WAR [path cam_5064cd2c] [RTSP source] 5 decode errors, last was: received RTP packet with unknown payload type: 50
2026/09/29 08:20:10 WAR [path cam_3059f25c] [RTSP source] 5 decode errors, last was: received RTP packet with unknown payload type: 50
2026/09/29 08:20:11 WAR [path cam_5064cd2c] [RTSP source] 5 decode errors, last was: received RTP packet with unknown payload type: 50
2026/09/29 08:20:11 WAR [path cam_3059f25c] [RTSP source] 5 decode errors, last was: received RTP packet with unknown payload type: 50
2026/09/29 08:20:12 WAR [path cam_3059f25c] [RTSP source] 5 decode errors, last was: received RTP packet with unknown payload type: 50
2026/09/29 08:20:12 WAR [path cam_5064cd2c] [RTSP source] 5 decode errors, last was: received RTP packet with unknown payload type: 50
2026/09/29 08:20:13 WAR [path cam_3059f25c] [RTSP source] 5 decode errors, last was: received RTP packet with unknown payload type: 50
2026/09/29 08:20:13 WAR [path cam_5064cd2c] [RTSP source] 5 decode errors, last was: received RTP packet with unknown payload type: 50
2026/09/29 08:20:14 WAR [path cam_5064cd2c] [RTSP source] 5 decode errors, last was: received RTP packet with unknown payload type: 50
2026/09/29 08:20:14 WAR [path cam_3059f25c] [RTSP source] 5 decode errors, last was: received RTP packet with unknown payload type: 50
2026/09/29 08:20:15 WAR [path cam_3059f25c] [RTSP source] 5 decode errors, last was: received RTP packet with unknown payload type: 50
2026/09/29 08:20:15 WAR [path cam_5064cd2c] [RTSP source] 5 decode errors, last was: received RTP packet with unknown payload type: 50
2026/09/29 08:20:16 WAR [path cam_5064cd2c] [RTSP source] 5 decode errors, last was: received RTP packet with unknown payload type: 50
2026/09/29 08:20:16 WAR [path cam_3059f25c] [RTSP source] 5 decode errors, last was: received RTP packet with unknown payload type: 50
2026/09/29 08:20:17 WAR [path cam_3059f25c] [RTSP source] 5 decode errors, last was: received RTP packet with unknown payload type: 50
2026/09/29 08:20:17 WAR [path cam_5064cd2c] [RTSP source] 5 decode errors, last was: received RTP packet with unknown payload type: 50
2026/09/29 08:20:18 WAR [path cam_3059f25c] [RTSP source] 5 decode errors, last was: received RTP packet with unknown payload type: 50
2026/09/29 08:20:18 WAR [path cam_5064cd2c] [RTSP source] 5 decode errors, last was: received RTP packet with unknown payload type: 50
2026/09/29 08:20:19 WAR [path cam_5064cd2c] [RTSP source] 5 decode errors, last was: received RTP packet with unknown payload type: 50
2026/09/29 08:20:19 WAR [path cam_3059f25c] [RTSP source] 5 decode errors, last was: received RTP packet with unknown payload type: 50
2026/09/29 08:20:20 WAR [path cam_3059f25c] [RTSP source] 5 decode errors, last was: received RTP packet with unknown payload type: 50
2026/09/29 08:20:20 WAR [path cam_5064cd2c] [RTSP source] 5 decode errors, last was: received RTP packet with unknown payload type: 50
2026/09/29 08:20:21 WAR [path cam_3059f25c] [RTSP source] 5 decode errors, last was: received RTP packet with unknown payload type: 50
2026/09/29 08:20:21 WAR [path cam_5064cd2c] [RTSP source] 5 decode errors, last was: received RTP packet with unknown payload type: 50
2026/09/29 08:20:22 WAR [path cam_3059f25c] [RTSP source] 5 decode errors, last was: received RTP packet with unknown payload type: 50
2026/09/29 08:20:22 WAR [path cam_5064cd2c] [RTSP source] 5 decode errors, last was: received RTP packet with unknown payload type: 50
2026/09/29 08:20:23 WAR [path cam_3059f25c] [RTSP source] 5 decode errors, last was: received RTP packet with unknown payload type: 50
2026/09/29 08:20:23 WAR [path cam_5064cd2c] [RTSP source] 5 decode errors, last was: received RTP packet with unknown payload type: 50
2026/09/29 08:20:24 WAR [path cam_5064cd2c] [RTSP source] 5 decode errors, last was: received RTP packet with unknown payload type: 50
2026/09/29 08:20:24 WAR [path cam_3059f25c] [RTSP source] 5 decode errors, last was: received RTP packet with unknown payload type: 50
2026/09/29 08:20:25 WAR [path cam_5064cd2c] [RTSP source] 5 decode errors, last was: received RTP packet with unknown payload type: 50
2026/09/29 08:20:25 WAR [path cam_3059f25c] [RTSP source] 5 decode errors, last was: received RTP packet with unknown payload type: 50
2026/09/29 08:20:26 WAR [path cam_5064cd2c] [RTSP source] 5 decode errors, last was: received RTP packet with unknown payload type: 50
2026/09/29 08:20:26 WAR [path cam_3059f25c] [RTSP source] 5 decode errors, last was: received RTP packet with unknown payload type: 50
2026/09/29 08:20:27 WAR [path cam_3059f25c] [RTSP source] 5 decode errors, last was: received RTP packet with unknown payload type: 50
2026/09/29 08:20:27 WAR [path cam_5064cd2c] [RTSP source] 5 decode errors, last was: received RTP packet with unknown payload type: 50
2026/09/29 08:20:28 WAR [path cam_3059f25c] [RTSP source] 5 decode errors, last was: received RTP packet with unknown payload type: 50
2026/09/29 08:20:28 WAR [path cam_5064cd2c] [RTSP source] 5 decode errors, last was: received RTP packet with unknown payload type: 50
2026/09/29 08:20:29 WAR [path cam_5064cd2c] [RTSP source] 5 decode errors, last was: received RTP packet with unknown payload type: 50
2026/09/29 08:20:29 WAR [path cam_3059f25c] [RTSP source] 5 decode errors, last was: received RTP packet with unknown payload type: 50
2026/09/29 08:20:30 WAR [path cam_5064cd2c] [RTSP source] 5 decode errors, last was: received RTP packet with unknown payload type: 50
2026/09/29 08:20:30 WAR [path cam_3059f25c] [RTSP source] 5 decode errors, last was: received RTP packet with unknown payload type: 50
2026/09/29 08:20:31 WAR [path cam_5064cd2c] [RTSP source] 5 decode errors, last was: received RTP packet with unknown payload type: 50
2026/09/29 08:20:31 WAR [path cam_3059f25c] [RTSP source] 5 decode errors, last was: received RTP packet with unknown payload type: 50
2026/09/29 08:20:32 WAR [path cam_3059f25c] [RTSP source] 5 decode errors, last was: received RTP packet with unknown payload type: 50
2026/09/29 08:20:32 WAR [path cam_5064cd2c] [RTSP source] 5 decode errors, last was: received RTP packet with unknown payload type: 50
2026/09/29 08:20:33 WAR [path cam_3059f25c] [RTSP source] 5 decode errors, last was: received RTP packet with unknown payload type: 50
2026/09/29 08:20:33 WAR [path cam_5064cd2c] [RTSP source] 5 decode errors, last was: received RTP packet with unknown payload type: 50
2026/09/29 08:20:34 WAR [path cam_5064cd2c] [RTSP source] 5 decode errors, last was: received RTP packet with unknown payload type: 50
2026/09/29 08:20:34 WAR [path cam_3059f25c] [RTSP source] 5 decode errors, last was: received RTP packet with unknown payload type: 50
2026/09/29 08:20:35 WAR [path cam_3059f25c] [RTSP source] 5 decode errors, last was: received RTP packet with unknown payload type: 50
2026/09/29 08:20:35 WAR [path cam_5064cd2c] [RTSP source] 5 decode errors, last was: received RTP packet with unknown payload type: 50
2026/09/29 08:20:36 WAR [path cam_3059f25c] [RTSP source] 5 decode errors, last was: received RTP packet with unknown payload type: 50
2026/09/29 08:20:36 WAR [path cam_5064cd2c] [RTSP source] 5 decode errors, last was: received RTP packet with unknown payload type: 50
2026/09/29 08:20:37 WAR [path cam_5064cd2c] [RTSP source] 5 decode errors, last was: received RTP packet with unknown payload type: 50
2026/09/29 08:20:37 WAR [path cam_3059f25c] [RTSP source] 5 decode errors, last was: received RTP packet with unknown payload type: 50
2026/09/29 08:20:38 WAR [path cam_3059f25c] [RTSP source] 5 decode errors, last was: received RTP packet with unknown payload type: 50
2026/09/29 08:20:38 WAR [path cam_5064cd2c] [RTSP source] 5 decode errors, last was: received RTP packet with unknown payload type: 50
2026/09/29 08:20:39 WAR [path cam_3059f25c] [RTSP source] 5 decode errors, last was: received RTP packet with unknown payload type: 50
2026/09/29 08:20:39 WAR [path cam_5064cd2c] [RTSP source] 5 decode errors, last was: received RTP packet with unknown payload type: 50
2026/09/29 08:20:40 WAR [path cam_5064cd2c] [RTSP source] 5 decode errors, last was: received RTP packet with unknown payload type: 50
2026/09/29 08:20:40 WAR [path cam_3059f25c] [RTSP source] 5 decode errors, last was: received RTP packet with unknown payload type: 50
2026/09/29 08:20:41 WAR [path cam_3059f25c] [RTSP source] 5 decode errors, last was: received RTP packet with unknown payload type: 50
2026/09/29 08:20:41 WAR [path cam_5064cd2c] [RTSP source] 5 decode errors, last was: received RTP packet with unknown payload type: 50
2026/09/29 08:20:42 WAR [path cam_3059f25c] [RTSP source] 5 decode errors, last was: received RTP packet with unknown payload type: 50
2026/09/29 08:20:42 WAR [path cam_5064cd2c] [RTSP source] 5 decode errors, last was: received RTP packet with unknown payload type: 50
2026/09/29 08:20:43 WAR [path cam_3059f25c] [RTSP source] 5 decode errors, last was: received RTP packet with unknown payload type: 50
2026/09/29 08:20:43 WAR [path cam_5064cd2c] [RTSP source] 5 decode errors, last was: received RTP packet with unknown payload type: 50
2026/09/29 08:20:44 WAR [path cam_3059f25c] [RTSP source] 5 decode errors, last was: received RTP packet with unknown payload type: 50
2026/09/29 08:20:44 WAR [path cam_5064cd2c] [RTSP source] 5 decode errors, last was: received RTP packet with unknown payload type: 50
2026/09/29 08:20:45 WAR [path cam_3059f25c] [RTSP source] 5 decode errors, last was: received RTP packet with unknown payload type: 50
2026/09/29 08:20:45 WAR [path cam_5064cd2c] [RTSP source] 5 decode errors, last was: received RTP packet with unknown payload type: 50
2026/09/29 08:20:46 WAR [path cam_3059f25c] [RTSP source] 5 decode errors, last was: received RTP packet with unknown payload type: 50
2026/09/29 08:20:46 WAR [path cam_5064cd2c] [RTSP source] 5 decode errors, last was: received RTP packet with unknown payload type: 50
2026/09/29 08:20:47 WAR [path cam_5064cd2c] [RTSP source] 5 decode errors, last was: received RTP packet with unknown payload type: 50
2026/09/29 08:20:47 WAR [path cam_3059f25c] [RTSP source] 5 decode errors, last was: received RTP packet with unknown payload type: 50
2026/09/29 08:20:48 WAR [path cam_3059f25c] [RTSP source] 5 decode errors, last was: received RTP packet with unknown payload type: 50
2026/09/29 08:20:48 WAR [path cam_5064cd2c] [RTSP source] 5 decode errors, last was: received RTP packet with unknown payload type: 50
2026/09/29 08:20:49 WAR [path cam_3059f25c] [RTSP source] 5 decode errors, last was: received RTP packet with unknown payload type: 50
2026/09/29 08:20:49 WAR [path cam_5064cd2c] [RTSP source] 5 decode errors, last was: received RTP packet with unknown payload type: 50
2026/09/29 08:20:50 WAR [path cam_3059f25c] [RTSP source] 5 decode errors, last was: received RTP packet with unknown payload type: 50
2026/09/29 08:20:50 WAR [path cam_5064cd2c] [RTSP source] 5 decode errors, last was: received RTP packet with unknown payload type: 50
2026/09/29 08:20:51 WAR [path cam_3059f25c] [RTSP source] 5 decode errors, last was: received RTP packet with unknown payload type: 50
2026/09/29 08:20:51 WAR [path cam_5064cd2c] [RTSP source] 5 decode errors, last was: received RTP packet with unknown payload type: 50
2026/09/29 08:20:52 WAR [path cam_5064cd2c] [RTSP source] 5 decode errors, last was: received RTP packet with unknown payload type: 50
2026/09/29 08:20:52 WAR [path cam_3059f25c] [RTSP source] 5 decode errors, last was: received RTP packet with unknown payload type: 50
2026/09/29 08:20:53 WAR [path cam_5064cd2c] [RTSP source] 5 decode errors, last was: received RTP packet with unknown payload type: 50
2026/09/29 08:20:53 WAR [path cam_3059f25c] [RTSP source] 5 decode errors, last was: received RTP packet with unknown payload type: 50
2026/09/29 08:20:54 WAR [path cam_5064cd2c] [RTSP source] 5 decode errors, last was: received RTP packet with unknown payload type: 50
2026/09/29 08:20:54 WAR [path cam_3059f25c] [RTSP source] 5 decode errors, last was: received RTP packet with unknown payload type: 50
2026/09/29 08:20:55 WAR [path cam_3059f25c] [RTSP source] 5 decode errors, last was: received RTP packet with unknown payload type: 50
2026/09/29 08:20:55 WAR [path cam_5064cd2c] [RTSP source] 5 decode errors, last was: received RTP packet with unknown payload type: 50
2026/09/29 08:20:56 WAR [path cam_5064cd2c] [RTSP source] 5 decode errors, last was: received RTP packet with unknown payload type: 50
2026/09/29 08:20:56 WAR [path cam_3059f25c] [RTSP source] 5 decode errors, last was: received RTP packet with unknown payload type: 50
2026/09/29 08:20:57 WAR [path cam_3059f25c] [RTSP source] 5 decode errors, last was: received RTP packet with unknown payload type: 50
2026/09/29 08:20:57 WAR [path cam_5064cd2c] [RTSP source] 5 decode errors, last was: received RTP packet with unknown payload type: 50
2026/09/29 08:20:58 WAR [path cam_5064cd2c] [RTSP source] 5 decode errors, last was: received RTP packet with unknown payload type: 50
2026/09/29 08:20:58 WAR [path cam_3059f25c] [RTSP source] 5 decode errors, last was: received RTP packet with unknown payload type: 50
2026/09/29 08:20:59 WAR [path cam_5064cd2c] [RTSP source] 5 decode errors, last was: received RTP packet with unknown payload type: 50
2026/09/29 08:20:59 WAR [path cam_3059f25c] [RTSP source] 5 decode errors, last was: received RTP packet with unknown payload type: 50
2026/09/29 08:21:00 WAR [path cam_5064cd2c] [RTSP source] 5 decode errors, last was: received RTP packet with unknown payload type: 50
2026/09/29 08:21:00 WAR [path cam_3059f25c] [RTSP source] 5 decode errors, last was: received RTP packet with unknown payload type: 50
2026/09/29 08:21:01 WAR [path cam_5064cd2c] [RTSP source] 5 decode errors, last was: received RTP packet with unknown payload type: 50
2026/09/29 08:21:01 WAR [path cam_3059f25c] [RTSP source] 5 decode errors, last was: received RTP packet with unknown payload type: 50
2026/09/29 08:21:02 WAR [path cam_3059f25c] [RTSP source] 5 decode errors, last was: received RTP packet with unknown payload type: 50
2026/09/29 08:21:02 WAR [path cam_5064cd2c] [RTSP source] 5 decode errors, last was: received RTP packet with unknown payload type: 50
2026/09/29 08:21:03 WAR [path cam_3059f25c] [RTSP source] 5 decode errors, last was: received RTP packet with unknown payload type: 50
2026/09/29 08:21:03 WAR [path cam_5064cd2c] [RTSP source] 5 decode errors, last was: received RTP packet with unknown payload type: 50
2026/09/29 08:21:04 WAR [path cam_5064cd2c] [RTSP source] 5 decode errors, last was: received RTP packet with unknown payload type: 50
2026/09/29 08:21:04 WAR [path cam_3059f25c] [RTSP source] 5 decode errors, last was: received RTP packet with unknown payload type: 50
2026/09/29 08:21:05 WAR [path cam_5064cd2c] [RTSP source] 5 decode errors, last was: received RTP packet with unknown payload type: 50
2026/09/29 08:21:05 WAR [path cam_3059f25c] [RTSP source] 5 decode errors, last was: received RTP packet with unknown payload type: 50
2026/09/29 08:21:06 WAR [path cam_3059f25c] [RTSP source] 5 decode errors, last was: received RTP packet with unknown payload type: 50
2026/09/29 08:21:06 WAR [path cam_5064cd2c] [RTSP source] 5 decode errors, last was: received RTP packet with unknown payload type: 50
2026/09/29 08:21:07 WAR [path cam_5064cd2c] [RTSP source] 5 decode errors, last was: received RTP packet with unknown payload type: 50
2026/09/29 08:21:07 WAR [path cam_3059f25c] [RTSP source] 5 decode errors, last was: received RTP packet with unknown payload type: 50
2026/09/29 08:21:08 WAR [path cam_5064cd2c] [RTSP source] 5 decode errors, last was: received RTP packet with unknown payload type: 50
2026/09/29 08:21:08 WAR [path cam_3059f25c] [RTSP source] 5 decode errors, last was: received RTP packet with unknown payload type: 50
2026/09/29 08:21:09 WAR [path cam_3059f25c] [RTSP source] 5 decode errors, last was: received RTP packet with unknown payload type: 50
2026/09/29 08:21:09 WAR [path cam_5064cd2c] [RTSP source] 5 decode errors, last was: received RTP packet with unknown payload type: 50
2026/09/29 08:21:10 WAR [path cam_3059f25c] [RTSP source] 5 decode errors, last was: received RTP packet with unknown payload type: 50
2026/09/29 08:21:10 WAR [path cam_5064cd2c] [RTSP source] 5 decode errors, last was: received RTP packet with unknown payload type: 50
2026/09/29 08:21:11 WAR [path cam_3059f25c] [RTSP source] 5 decode errors, last was: received RTP packet with unknown payload type: 50
2026/09/29 08:21:11 WAR [path cam_5064cd2c] [RTSP source] 5 decode errors, last was: received RTP packet with unknown payload type: 50
2026/09/29 08:21:12 WAR [path cam_3059f25c] [RTSP source] 5 decode errors, last was: received RTP packet with unknown payload type: 50
2026/09/29 08:21:12 WAR [path cam_5064cd2c] [RTSP source] 5 decode errors, last was: received RTP packet with unknown payload type: 50
2026/09/29 08:21:13 WAR [path cam_5064cd2c] [RTSP source] 5 decode errors, last was: received RTP packet with unknown payload type: 50
2026/09/29 08:21:13 WAR [path cam_3059f25c] [RTSP source] 5 decode errors, last was: received RTP packet with unknown payload type: 50
2026/09/29 08:21:14 WAR [path cam_3059f25c] [RTSP source] 5 decode errors, last was: received RTP packet with unknown payload type: 50
2026/09/29 08:21:14 WAR [path cam_5064cd2c] [RTSP source] 5 decode errors, last was: received RTP packet with unknown payload type: 50
2026/09/29 08:21:15 WAR [path cam_3059f25c] [RTSP source] 5 decode errors, last was: received RTP packet with unknown payload type: 50
2026/09/29 08:21:15 WAR [path cam_5064cd2c] [RTSP source] 5 decode errors, last was: received RTP packet with unknown payload type: 50
2026/09/29 08:21:16 WAR [path cam_3059f25c] [RTSP source] 5 decode errors, last was: received RTP packet with unknown payload type: 50
2026/09/29 08:21:16 WAR [path cam_5064cd2c] [RTSP source] 5 decode errors, last was: received RTP packet with unknown payload type: 50
2026/09/29 08:21:17 WAR [path cam_3059f25c] [RTSP source] 5 decode errors, last was: received RTP packet with unknown payload type: 50
2026/09/29 08:21:17 WAR [path cam_5064cd2c] [RTSP source] 5 decode errors, last was: received RTP packet with unknown payload type: 50
2026/09/29 08:21:18 WAR [path cam_5064cd2c] [RTSP source] 5 decode errors, last was: received RTP packet with unknown payload type: 50
2026/09/29 08:21:18 WAR [path cam_3059f25c] [RTSP source] 5 decode errors, last was: received RTP packet with unknown payload type: 50
2026/09/29 08:21:19 WAR [path cam_3059f25c] [RTSP source] 5 decode errors, last was: received RTP packet with unknown payload type: 50
2026/09/29 08:21:19 WAR [path cam_5064cd2c] [RTSP source] 5 decode errors, last was: received RTP packet with unknown payload type: 50
2026/09/29 08:21:20 WAR [path cam_3059f25c] [RTSP source] 5 decode errors, last was: received RTP packet with unknown payload type: 50
2026/09/29 08:21:20 WAR [path cam_5064cd2c] [RTSP source] 5 decode errors, last was: received RTP packet with unknown payload type: 50
2026/09/29 08:21:21 WAR [path cam_5064cd2c] [RTSP source] 5 decode errors, last was: received RTP packet with unknown payload type: 50
2026/09/29 08:21:21 WAR [path cam_3059f25c] [RTSP source] 5 decode errors, last was: received RTP packet with unknown payload type: 50
2026/09/29 08:21:22 WAR [path cam_5064cd2c] [RTSP source] 5 decode errors, last was: received RTP packet with unknown payload type: 50
2026/09/29 08:21:22 WAR [path cam_3059f25c] [RTSP source] 5 decode errors, last was: received RTP packet with unknown payload type: 50
2026/09/29 08:21:23 WAR [path cam_5064cd2c] [RTSP source] 5 decode errors, last was: received RTP packet with unknown payload type: 50
2026/09/29 08:21:23 WAR [path cam_3059f25c] [RTSP source] 5 decode errors, last was: received RTP packet with unknown payload type: 50
2026/09/29 08:21:24 WAR [path cam_3059f25c] [RTSP source] 5 decode errors, last was: received RTP packet with unknown payload type: 50
2026/09/29 08:21:24 WAR [path cam_5064cd2c] [RTSP source] 5 decode errors, last was: received RTP packet with unknown payload type: 50
2026/09/29 08:21:25 WAR [path cam_5064cd2c] [RTSP source] 5 decode errors, last was: received RTP packet with unknown payload type: 50
2026/09/29 08:21:25 WAR [path cam_3059f25c] [RTSP source] 5 decode errors, last was: received RTP packet with unknown payload type: 50
2026/09/29 08:21:26 WAR [path cam_5064cd2c] [RTSP source] 5 decode errors, last was: received RTP packet with unknown payload type: 50
2026/09/29 08:21:26 WAR [path cam_3059f25c] [RTSP source] 5 decode errors, last was: received RTP packet with unknown payload type: 50
2026/09/29 08:21:27 WAR [path cam_5064cd2c] [RTSP source] 5 decode errors, last was: received RTP packet with unknown payload type: 50
2026/09/29 08:21:27 WAR [path cam_3059f25c] [RTSP source] 5 decode errors, last was: received RTP packet with unknown payload type: 50
2026/09/29 08:21:28 WAR [path cam_3059f25c] [RTSP source] 5 decode errors, last was: received RTP packet with unknown payload type: 50
2026/09/29 08:21:28 WAR [path cam_5064cd2c] [RTSP source] 5 decode errors, last was: received RTP packet with unknown payload type: 50
2026/09/29 08:21:29 WAR [path cam_3059f25c] [RTSP source] 5 decode errors, last was: received RTP packet with unknown payload type: 50
2026/09/29 08:21:29 WAR [path cam_5064cd2c] [RTSP source] 5 decode errors, last was: received RTP packet with unknown payload type: 50
2026/09/29 08:21:30 WAR [path cam_3059f25c] [RTSP source] 5 decode errors, last was: received RTP packet with unknown payload type: 50
2026/09/29 08:21:30 WAR [path cam_5064cd2c] [RTSP source] 5 decode errors, last was: received RTP packet with unknown payload type: 50
2026/09/29 08:21:31 WAR [path cam_3059f25c] [RTSP source] 5 decode errors, last was: received RTP packet with unknown payload type: 50
2026/09/29 08:21:31 WAR [path cam_5064cd2c] [RTSP source] 5 decode errors, last was: received RTP packet with unknown payload type: 50
2026/09/29 08:21:32 WAR [path cam_3059f25c] [RTSP source] 5 decode errors, last was: received RTP packet with unknown payload type: 50
2026/09/29 08:21:32 WAR [path cam_5064cd2c] [RTSP source] 5 decode errors, last was: received RTP packet with unknown payload type: 50
2026/09/29 08:21:33 WAR [path cam_3059f25c] [RTSP source] 5 decode errors, last was: received RTP packet with unknown payload type: 50
2026/09/29 08:21:33 WAR [path cam_5064cd2c] [RTSP source] 5 decode errors, last was: received RTP packet with unknown payload type: 50
2026/09/29 08:21:34 WAR [path cam_3059f25c] [RTSP source] 5 decode errors, last was: received RTP packet with unknown payload type: 50
2026/09/29 08:21:34 WAR [path cam_5064cd2c] [RTSP source] 5 decode errors, last was: received RTP packet with unknown payload type: 50
2026/09/29 08:21:35 WAR [path cam_5064cd2c] [RTSP source] 5 decode errors, last was: received RTP packet with unknown payload type: 50
2026/09/29 08:21:35 WAR [path cam_3059f25c] [RTSP source] 5 decode errors, last was: received RTP packet with unknown payload type: 50
2026/09/29 08:21:36 WAR [path cam_3059f25c] [RTSP source] 5 decode errors, last was: received RTP packet with unknown payload type: 50
2026/09/29 08:21:36 WAR [path cam_5064cd2c] [RTSP source] 5 decode errors, last was: received RTP packet with unknown payload type: 50
2026/09/29 08:21:37 WAR [path cam_3059f25c] [RTSP source] 5 decode errors, last was: received RTP packet with unknown payload type: 50
2026/09/29 08:21:37 WAR [path cam_5064cd2c] [RTSP source] 5 decode errors, last was: received RTP packet with unknown payload type: 50
2026/09/29 08:21:38 WAR [path cam_5064cd2c] [RTSP source] 5 decode errors, last was: received RTP packet with unknown payload type: 50
2026/09/29 08:21:38 WAR [path cam_3059f25c] [RTSP source] 5 decode errors, last was: received RTP packet with unknown payload type: 50
2026/09/29 08:21:39 WAR [path cam_5064cd2c] [RTSP source] 5 decode errors, last was: received RTP packet with unknown payload type: 50
2026/09/29 08:21:39 WAR [path cam_3059f25c] [RTSP source] 5 decode errors, last was: received RTP packet with unknown payload type: 50
2026/09/29 08:21:40 WAR [path cam_3059f25c] [RTSP source] 5 decode errors, last was: received RTP packet with unknown payload type: 50
2026/09/29 08:21:40 WAR [path cam_5064cd2c] [RTSP source] 5 decode errors, last was: received RTP packet with unknown payload type: 50
2026/09/29 08:21:41 WAR [path cam_5064cd2c] [RTSP source] 5 decode errors, last was: received RTP packet with unknown payload type: 50
2026/09/29 08:21:41 WAR [path cam_3059f25c] [RTSP source] 5 decode errors, last was: received RTP packet with unknown payload type: 50
2026/09/29 08:21:42 WAR [path cam_5064cd2c] [RTSP source] 5 decode errors, last was: received RTP packet with unknown payload type: 50
2026/09/29 08:21:42 WAR [path cam_3059f25c] [RTSP source] 5 decode errors, last was: received RTP packet with unknown payload type: 50
2026/09/29 08:21:43 WAR [path cam_3059f25c] [RTSP source] 5 decode errors, last was: received RTP packet with unknown payload type: 50
2026/09/29 08:21:43 WAR [path cam_5064cd2c] [RTSP source] 5 decode errors, last was: received RTP packet with unknown payload type: 50
2026/09/29 08:21:44 WAR [path cam_3059f25c] [RTSP source] 5 decode errors, last was: received RTP packet with unknown payload type: 50
2026/09/29 08:21:44 WAR [path cam_5064cd2c] [RTSP source] 5 decode errors, last was: received RTP packet with unknown payload type: 50
2026/09/29 08:21:45 WAR [path cam_5064cd2c] [RTSP source] 5 decode errors, last was: received RTP packet with unknown payload type: 50
2026/09/29 08:21:45 WAR [path cam_3059f25c] [RTSP source] 5 decode errors, last was: received RTP packet with unknown payload type: 50
2026/09/29 08:21:46 WAR [path cam_5064cd2c] [RTSP source] 5 decode errors, last was: received RTP packet with unknown payload type: 50
2026/09/29 08:21:46 WAR [path cam_3059f25c] [RTSP source] 5 decode errors, last was: received RTP packet with unknown payload type: 50
2026/09/29 08:21:47 WAR [path cam_3059f25c] [RTSP source] 5 decode errors, last was: received RTP packet with unknown payload type: 50
2026/09/29 08:21:47 WAR [path cam_5064cd2c] [RTSP source] 5 decode errors, last was: received RTP packet with unknown payload type: 50
2026/09/29 08:21:48 WAR [path cam_5064cd2c] [RTSP source] 5 decode errors, last was: received RTP packet with unknown payload type: 50
2026/09/29 08:21:48 WAR [path cam_3059f25c] [RTSP source] 5 decode errors, last was: received RTP packet with unknown payload type: 50
2026/09/29 08:21:48 WAR [path cam_1e437edf] 3 processing errors, last was: invalid fragmentation unit (non-starting)
2026/09/29 08:21:49 WAR [path cam_3059f25c] [RTSP source] 5 decode errors, last was: received RTP packet with unknown payload type: 50
2026/09/29 08:21:49 WAR [path cam_1e437edf] [RTSP source] 30 RTP packets lost
2026/09/29 08:21:49 WAR [path cam_5064cd2c] [RTSP source] 5 decode errors, last was: received RTP packet with unknown payload type: 50
2026/09/29 08:21:49 WAR [path cam_5064cd2c] [RTSP source] 1 RTP packet lost
2026/09/29 08:21:49 WAR [path cam_5064cd2c] 27 processing errors, last was: invalid fragmentation unit (non-starting)
2026/09/29 08:21:50 WAR [path cam_3059f25c] [RTSP source] 5 decode errors, last was: received RTP packet with unknown payload type: 50
2026/09/29 08:21:50 WAR [path cam_5064cd2c] [RTSP source] 5 decode errors, last was: received RTP packet with unknown payload type: 50
2026/09/29 08:21:51 WAR [path cam_3059f25c] [RTSP source] 5 decode errors, last was: received RTP packet with unknown payload type: 50
2026/09/29 08:21:51 WAR [path cam_5064cd2c] [RTSP source] 5 decode errors, last was: received RTP packet with unknown payload type: 50
2026/09/29 08:21:52 WAR [path cam_5064cd2c] [RTSP source] 5 decode errors, last was: received RTP packet with unknown payload type: 50
2026/09/29 08:21:52 WAR [path cam_3059f25c] [RTSP source] 5 decode errors, last was: received RTP packet with unknown payload type: 50
2026/09/29 08:21:53 WAR [path cam_3059f25c] [RTSP source] 5 decode errors, last was: received RTP packet with unknown payload type: 50
2026/09/29 08:21:53 WAR [path cam_5064cd2c] [RTSP source] 5 decode errors, last was: received RTP packet with unknown payload type: 50
2026/09/29 08:21:54 WAR [path cam_5064cd2c] [RTSP source] 5 decode errors, last was: received RTP packet with unknown payload type: 50
2026/09/29 08:21:54 WAR [path cam_3059f25c] [RTSP source] 5 decode errors, last was: received RTP packet with unknown payload type: 50
2026/09/29 08:21:55 WAR [path cam_3059f25c] [RTSP source] 5 decode errors, last was: received RTP packet with unknown payload type: 50
2026/09/29 08:21:55 WAR [path cam_5064cd2c] [RTSP source] 5 decode errors, last was: received RTP packet with unknown payload type: 50
2026/09/29 08:21:56 WAR [path cam_3059f25c] [RTSP source] 5 decode errors, last was: received RTP packet with unknown payload type: 50
2026/09/29 08:21:56 WAR [path cam_5064cd2c] [RTSP source] 5 decode errors, last was: received RTP packet with unknown payload type: 50
2026/09/29 08:21:57 WAR [path cam_3059f25c] [RTSP source] 5 decode errors, last was: received RTP packet with unknown payload type: 50
2026/09/29 08:21:57 WAR [path cam_5064cd2c] [RTSP source] 5 decode errors, last was: received RTP packet with unknown payload type: 50
2026/09/29 08:21:58 WAR [path cam_3059f25c] [RTSP source] 5 decode errors, last was: received RTP packet with unknown payload type: 50
2026/09/29 08:21:58 WAR [path cam_5064cd2c] [RTSP source] 5 decode errors, last was: received RTP packet with unknown payload type: 50
2026/09/29 08:21:59 WAR [path cam_5064cd2c] [RTSP source] 5 decode errors, last was: received RTP packet with unknown payload type: 50
2026/09/29 08:21:59 WAR [path cam_3059f25c] [RTSP source] 5 decode errors, last was: received RTP packet with unknown payload type: 50
2026/09/29 08:22:00 WAR [path cam_3059f25c] [RTSP source] 5 decode errors, last was: received RTP packet with unknown payload type: 50
2026/09/29 08:22:00 WAR [path cam_5064cd2c] [RTSP source] 5 decode errors, last was: received RTP packet with unknown payload type: 50
2026/09/29 08:22:01 WAR [path cam_5064cd2c] [RTSP source] 5 decode errors, last was: received RTP packet with unknown payload type: 50
2026/09/29 08:22:01 WAR [path cam_3059f25c] [RTSP source] 5 decode errors, last was: received RTP packet with unknown payload type: 50
2026/09/29 08:22:02 WAR [path cam_3059f25c] [RTSP source] 5 decode errors, last was: received RTP packet with unknown payload type: 50
2026/09/29 08:22:02 WAR [path cam_5064cd2c] [RTSP source] 5 decode errors, last was: received RTP packet with unknown payload type: 50
2026/09/29 08:22:03 WAR [path cam_3059f25c] [RTSP source] 5 decode errors, last was: received RTP packet with unknown payload type: 50
2026/09/29 08:22:03 WAR [path cam_5064cd2c] [RTSP source] 5 decode errors, last was: received RTP packet with unknown payload type: 50
2026/09/29 08:22:04 WAR [path cam_3059f25c] [RTSP source] 5 decode errors, last was: received RTP packet with unknown payload type: 50
2026/09/29 08:22:04 WAR [path cam_5064cd2c] [RTSP source] 5 decode errors, last was: received RTP packet with unknown payload type: 50
2026/09/29 08:22:05 WAR [path cam_3059f25c] [RTSP source] 5 decode errors, last was: received RTP packet with unknown payload type: 50
2026/09/29 08:22:05 WAR [path cam_5064cd2c] [RTSP source] 5 decode errors, last was: received RTP packet with unknown payload type: 50
2026/09/29 08:22:06 WAR [path cam_5064cd2c] [RTSP source] 5 decode errors, last was: received RTP packet with unknown payload type: 50
2026/09/29 08:22:06 WAR [path cam_3059f25c] [RTSP source] 5 decode errors, last was: received RTP packet with unknown payload type: 50
2026/09/29 08:22:07 WAR [path cam_5064cd2c] [RTSP source] 5 decode errors, last was: received RTP packet with unknown payload type: 50
2026/09/29 08:22:07 WAR [path cam_3059f25c] [RTSP source] 5 decode errors, last was: received RTP packet with unknown payload type: 50
2026/09/29 08:22:08 WAR [path cam_3059f25c] [RTSP source] 5 decode errors, last was: received RTP packet with unknown payload type: 50
2026/09/29 08:22:08 WAR [path cam_5064cd2c] [RTSP source] 5 decode errors, last was: received RTP packet with unknown payload type: 50
2026/09/29 08:22:09 WAR [path cam_3059f25c] [RTSP source] 5 decode errors, last was: received RTP packet with unknown payload type: 50
2026/09/29 08:22:09 WAR [path cam_5064cd2c] [RTSP source] 5 decode errors, last was: received RTP packet with unknown payload type: 50
2026/09/29 08:22:10 WAR [path cam_3059f25c] [RTSP source] 5 decode errors, last was: received RTP packet with unknown payload type: 50
2026/09/29 08:22:10 WAR [path cam_5064cd2c] [RTSP source] 5 decode errors, last was: received RTP packet with unknown payload type: 50
2026/09/29 08:22:11 WAR [path cam_5064cd2c] [RTSP source] 5 decode errors, last was: received RTP packet with unknown payload type: 50
2026/09/29 08:22:11 WAR [path cam_3059f25c] [RTSP source] 5 decode errors, last was: received RTP packet with unknown payload type: 50
2026/09/29 08:22:12 WAR [path cam_5064cd2c] [RTSP source] 5 decode errors, last was: received RTP packet with unknown payload type: 50
2026/09/29 08:22:12 WAR [path cam_3059f25c] [RTSP source] 5 decode errors, last was: received RTP packet with unknown payload type: 50
2026/09/29 08:22:13 WAR [path cam_5064cd2c] [RTSP source] 5 decode errors, last was: received RTP packet with unknown payload type: 50
2026/09/29 08:22:13 WAR [path cam_3059f25c] [RTSP source] 5 decode errors, last was: received RTP packet with unknown payload type: 50
2026/09/29 08:22:14 WAR [path cam_5064cd2c] [RTSP source] 5 decode errors, last was: received RTP packet with unknown payload type: 50
2026/09/29 08:22:14 WAR [path cam_3059f25c] [RTSP source] 5 decode errors, last was: received RTP packet with unknown payload type: 50
2026/09/29 08:22:15 WAR [path cam_3059f25c] [RTSP source] 5 decode errors, last was: received RTP packet with unknown payload type: 50
2026/09/29 08:22:15 WAR [path cam_5064cd2c] [RTSP source] 5 decode errors, last was: received RTP packet with unknown payload type: 50
2026/09/29 08:22:16 WAR [path cam_3059f25c] [RTSP source] 5 decode errors, last was: received RTP packet with unknown payload type: 50
2026/09/29 08:22:16 WAR [path cam_5064cd2c] [RTSP source] 5 decode errors, last was: received RTP packet with unknown payload type: 50
2026/09/29 08:22:17 WAR [path cam_5064cd2c] [RTSP source] 5 decode errors, last was: received RTP packet with unknown payload type: 50
2026/09/29 08:22:17 WAR [path cam_3059f25c] [RTSP source] 5 decode errors, last was: received RTP packet with unknown payload type: 50
2026/09/29 08:22:18 WAR [path cam_3059f25c] [RTSP source] 5 decode errors, last was: received RTP packet with unknown payload type: 50
2026/09/29 08:22:18 WAR [path cam_5064cd2c] [RTSP source] 5 decode errors, last was: received RTP packet with unknown payload type: 50
2026/09/29 08:22:19 WAR [path cam_5064cd2c] [RTSP source] 5 decode errors, last was: received RTP packet with unknown payload type: 50
2026/09/29 08:22:19 WAR [path cam_3059f25c] [RTSP source] 5 decode errors, last was: received RTP packet with unknown payload type: 50
2026/09/29 08:22:20 WAR [path cam_3059f25c] [RTSP source] 5 decode errors, last was: received RTP packet with unknown payload type: 50
2026/09/29 08:22:20 WAR [path cam_5064cd2c] [RTSP source] 5 decode errors, last was: received RTP packet with unknown payload type: 50
2026/09/29 08:22:21 WAR [path cam_5064cd2c] [RTSP source] 5 decode errors, last was: received RTP packet with unknown payload type: 50
2026/09/29 08:22:21 WAR [path cam_3059f25c] [RTSP source] 5 decode errors, last was: received RTP packet with unknown payload type: 50
2026/09/29 08:22:22 WAR [path cam_5064cd2c] [RTSP source] 5 decode errors, last was: received RTP packet with unknown payload type: 50
2026/09/29 08:22:22 WAR [path cam_3059f25c] [RTSP source] 5 decode errors, last was: received RTP packet with unknown payload type: 50
2026/09/29 08:22:23 WAR [path cam_3059f25c] [RTSP source] 5 decode errors, last was: received RTP packet with unknown payload type: 50
2026/09/29 08:22:23 WAR [path cam_5064cd2c] [RTSP source] 5 decode errors, last was: received RTP packet with unknown payload type: 50
2026/09/29 08:22:24 WAR [path cam_3059f25c] [RTSP source] 5 decode errors, last was: received RTP packet with unknown payload type: 50
2026/09/29 08:22:24 WAR [path cam_5064cd2c] [RTSP source] 5 decode errors, last was: received RTP packet with unknown payload type: 50
2026/09/29 08:22:25 WAR [path cam_5064cd2c] [RTSP source] 5 decode errors, last was: received RTP packet with unknown payload type: 50
2026/09/29 08:22:25 WAR [path cam_3059f25c] [RTSP source] 5 decode errors, last was: received RTP packet with unknown payload type: 50
2026/09/29 08:22:26 WAR [path cam_3059f25c] [RTSP source] 5 decode errors, last was: received RTP packet with unknown payload type: 50
2026/09/29 08:22:26 WAR [path cam_5064cd2c] [RTSP source] 5 decode errors, last was: received RTP packet with unknown payload type: 50
2026/09/29 08:22:27 WAR [path cam_3059f25c] [RTSP source] 5 decode errors, last was: received RTP packet with unknown payload type: 50
2026/09/29 08:22:27 WAR [path cam_5064cd2c] [RTSP source] 5 decode errors, last was: received RTP packet with unknown payload type: 50
2026/09/29 08:22:28 WAR [path cam_3059f25c] [RTSP source] 5 decode errors, last was: received RTP packet with unknown payload type: 50
2026/09/29 08:22:28 WAR [path cam_5064cd2c] [RTSP source] 5 decode errors, last was: received RTP packet with unknown payload type: 50
2026/09/29 08:22:29 WAR [path cam_3059f25c] [RTSP source] 5 decode errors, last was: received RTP packet with unknown payload type: 50
2026/09/29 08:22:29 WAR [path cam_5064cd2c] [RTSP source] 5 decode errors, last was: received RTP packet with unknown payload type: 50
2026/09/29 08:22:30 WAR [path cam_5064cd2c] [RTSP source] 5 decode errors, last was: received RTP packet with unknown payload type: 50
2026/09/29 08:22:30 WAR [path cam_3059f25c] [RTSP source] 5 decode errors, last was: received RTP packet with unknown payload type: 50
2026/09/29 08:22:31 WAR [path cam_5064cd2c] [RTSP source] 5 decode errors, last was: received RTP packet with unknown payload type: 50
2026/09/29 08:22:31 WAR [path cam_3059f25c] [RTSP source] 5 decode errors, last was: received RTP packet with unknown payload type: 50
2026/09/29 08:22:32 WAR [path cam_3059f25c] [RTSP source] 5 decode errors, last was: received RTP packet with unknown payload type: 50
2026/09/29 08:22:32 WAR [path cam_5064cd2c] [RTSP source] 5 decode errors, last was: received RTP packet with unknown payload type: 50
2026/09/29 08:22:33 WAR [path cam_3059f25c] [RTSP source] 5 decode errors, last was: received RTP packet with unknown payload type: 50
2026/09/29 08:22:33 WAR [path cam_5064cd2c] [RTSP source] 5 decode errors, last was: received RTP packet with unknown payload type: 50
2026/09/29 08:22:34 WAR [path cam_5064cd2c] [RTSP source] 5 decode errors, last was: received RTP packet with unknown payload type: 50
2026/09/29 08:22:34 WAR [path cam_3059f25c] [RTSP source] 5 decode errors, last was: received RTP packet with unknown payload type: 50
2026/09/29 08:22:35 WAR [path cam_3059f25c] [RTSP source] 5 decode errors, last was: received RTP packet with unknown payload type: 50
2026/09/29 08:22:35 WAR [path cam_5064cd2c] [RTSP source] 5 decode errors, last was: received RTP packet with unknown payload type: 50
2026/09/29 08:22:36 WAR [path cam_5064cd2c] [RTSP source] 5 decode errors, last was: received RTP packet with unknown payload type: 50
2026/09/29 08:22:36 WAR [path cam_3059f25c] [RTSP source] 5 decode errors, last was: received RTP packet with unknown payload type: 50
2026/09/29 08:22:37 WAR [path cam_3059f25c] [RTSP source] 5 decode errors, last was: received RTP packet with unknown payload type: 50
2026/09/29 08:22:37 WAR [path cam_5064cd2c] [RTSP source] 5 decode errors, last was: received RTP packet with unknown payload type: 50
2026/09/29 08:22:38 WAR [path cam_5064cd2c] [RTSP source] 5 decode errors, last was: received RTP packet with unknown payload type: 50
2026/09/29 08:22:38 WAR [path cam_3059f25c] [RTSP source] 5 decode errors, last was: received RTP packet with unknown payload type: 50
2026/09/29 08:22:39 WAR [path cam_5064cd2c] [RTSP source] 5 decode errors, last was: received RTP packet with unknown payload type: 50
2026/09/29 08:22:39 WAR [path cam_3059f25c] [RTSP source] 5 decode errors, last was: received RTP packet with unknown payload type: 50
2026/09/29 08:22:40 WAR [path cam_3059f25c] [RTSP source] 5 decode errors, last was: received RTP packet with unknown payload type: 50
2026/09/29 08:22:40 WAR [path cam_5064cd2c] [RTSP source] 5 decode errors, last was: received RTP packet with unknown payload type: 50
2026/09/29 08:22:41 WAR [path cam_3059f25c] [RTSP source] 5 decode errors, last was: received RTP packet with unknown payload type: 50
2026/09/29 08:22:41 WAR [path cam_5064cd2c] [RTSP source] 5 decode errors, last was: received RTP packet with unknown payload type: 50
2026/09/29 08:22:42 WAR [path cam_3059f25c] [RTSP source] 5 decode errors, last was: received RTP packet with unknown payload type: 50
2026/09/29 08:22:42 WAR [path cam_5064cd2c] [RTSP source] 5 decode errors, last was: received RTP packet with unknown payload type: 50
2026/09/29 08:22:43 WAR [path cam_3059f25c] [RTSP source] 5 decode errors, last was: received RTP packet with unknown payload type: 50
2026/09/29 08:22:43 WAR [path cam_5064cd2c] [RTSP source] 5 decode errors, last was: received RTP packet with unknown payload type: 50
2026/09/29 08:22:44 WAR [path cam_3059f25c] [RTSP source] 5 decode errors, last was: received RTP packet with unknown payload type: 50
2026/09/29 08:22:44 WAR [path cam_5064cd2c] [RTSP source] 5 decode errors, last was: received RTP packet with unknown payload type: 50
2026/09/29 08:22:45 WAR [path cam_3059f25c] [RTSP source] 5 decode errors, last was: received RTP packet with unknown payload type: 50
2026/09/29 08:22:45 WAR [path cam_5064cd2c] [RTSP source] 5 decode errors, last was: received RTP packet with unknown payload type: 50
2026/09/29 08:22:46 WAR [path cam_3059f25c] [RTSP source] 5 decode errors, last was: received RTP packet with unknown payload type: 50
2026/09/29 08:22:46 WAR [path cam_5064cd2c] [RTSP source] 5 decode errors, last was: received RTP packet with unknown payload type: 50
2026/09/29 08:22:47 WAR [path cam_5064cd2c] [RTSP source] 5 decode errors, last was: received RTP packet with unknown payload type: 50
2026/09/29 08:22:47 WAR [path cam_3059f25c] [RTSP source] 5 decode errors, last was: received RTP packet with unknown payload type: 50
2026/09/29 08:22:48 WAR [path cam_5064cd2c] [RTSP source] 5 decode errors, last was: received RTP packet with unknown payload type: 50
2026/09/29 08:22:48 WAR [path cam_3059f25c] [RTSP source] 5 decode errors, last was: received RTP packet with unknown payload type: 50
2026/09/29 08:22:49 WAR [path cam_5064cd2c] [RTSP source] 5 decode errors, last was: received RTP packet with unknown payload type: 50
2026/09/29 08:22:49 WAR [path cam_3059f25c] [RTSP source] 5 decode errors, last was: received RTP packet with unknown payload type: 50
2026/09/29 08:22:50 WAR [path cam_5064cd2c] [RTSP source] 5 decode errors, last was: received RTP packet with unknown payload type: 50
2026/09/29 08:22:50 WAR [path cam_3059f25c] [RTSP source] 5 decode errors, last was: received RTP packet with unknown payload type: 50
2026/09/29 08:22:51 WAR [path cam_5064cd2c] [RTSP source] 5 decode errors, last was: received RTP packet with unknown payload type: 50
2026/09/29 08:22:51 WAR [path cam_3059f25c] [RTSP source] 5 decode errors, last was: received RTP packet with unknown payload type: 50
2026/09/29 08:22:52 WAR [path cam_3059f25c] [RTSP source] 5 decode errors, last was: received RTP packet with unknown payload type: 50
2026/09/29 08:22:52 WAR [path cam_5064cd2c] [RTSP source] 5 decode errors, last was: received RTP packet with unknown payload type: 50
2026/09/29 08:22:53 WAR [path cam_3059f25c] [RTSP source] 5 decode errors, last was: received RTP packet with unknown payload type: 50
2026/09/29 08:22:53 WAR [path cam_5064cd2c] [RTSP source] 5 decode errors, last was: received RTP packet with unknown payload type: 50
2026/09/29 08:22:54 WAR [path cam_5064cd2c] [RTSP source] 5 decode errors, last was: received RTP packet with unknown payload type: 50
2026/09/29 08:22:54 WAR [path cam_3059f25c] [RTSP source] 5 decode errors, last was: received RTP packet with unknown payload type: 50
2026/09/29 08:22:55 WAR [path cam_5064cd2c] [RTSP source] 5 decode errors, last was: received RTP packet with unknown payload type: 50
2026/09/29 08:22:55 WAR [path cam_3059f25c] [RTSP source] 5 decode errors, last was: received RTP packet with unknown payload type: 50
2026/09/29 08:22:56 WAR [path cam_3059f25c] [RTSP source] 5 decode errors, last was: received RTP packet with unknown payload type: 50
2026/09/29 08:22:56 WAR [path cam_5064cd2c] [RTSP source] 5 decode errors, last was: received RTP packet with unknown payload type: 50
2026/09/29 08:22:57 WAR [path cam_3059f25c] [RTSP source] 5 decode errors, last was: received RTP packet with unknown payload type: 50
2026/09/29 08:22:57 WAR [path cam_5064cd2c] [RTSP source] 5 decode errors, last was: received RTP packet with unknown payload type: 50
2026/09/29 08:22:58 WAR [path cam_3059f25c] [RTSP source] 5 decode errors, last was: received RTP packet with unknown payload type: 50
2026/09/29 08:22:58 WAR [path cam_5064cd2c] [RTSP source] 5 decode errors, last was: received RTP packet with unknown payload type: 50
2026/09/29 08:22:59 WAR [path cam_5064cd2c] [RTSP source] 5 decode errors, last was: received RTP packet with unknown payload type: 50
2026/09/29 08:22:59 WAR [path cam_3059f25c] [RTSP source] 5 decode errors, last was: received RTP packet with unknown payload type: 50
2026/09/29 08:23:00 WAR [path cam_5064cd2c] [RTSP source] 5 decode errors, last was: received RTP packet with unknown payload type: 50
2026/09/29 08:23:00 WAR [path cam_3059f25c] [RTSP source] 5 decode errors, last was: received RTP packet with unknown payload type: 50
2026/09/29 08:23:01 WAR [path cam_5064cd2c] [RTSP source] 5 decode errors, last was: received RTP packet with unknown payload type: 50
2026/09/29 08:23:01 WAR [path cam_3059f25c] [RTSP source] 5 decode errors, last was: received RTP packet with unknown payload type: 50
2026/09/29 08:23:02 WAR [path cam_3059f25c] [RTSP source] 5 decode errors, last was: received RTP packet with unknown payload type: 50
2026/09/29 08:23:02 WAR [path cam_5064cd2c] [RTSP source] 5 decode errors, last was: received RTP packet with unknown payload type: 50
2026/09/29 08:23:03 WAR [path cam_5064cd2c] [RTSP source] 5 decode errors, last was: received RTP packet with unknown payload type: 50
2026/09/29 08:23:03 WAR [path cam_3059f25c] [RTSP source] 5 decode errors, last was: received RTP packet with unknown payload type: 50
2026/09/29 08:23:04 WAR [path cam_3059f25c] [RTSP source] 5 decode errors, last was: received RTP packet with unknown payload type: 50
2026/09/29 08:23:04 WAR [path cam_5064cd2c] [RTSP source] 5 decode errors, last was: received RTP packet with unknown payload type: 50
2026/09/29 08:23:05 WAR [path cam_3059f25c] [RTSP source] 5 decode errors, last was: received RTP packet with unknown payload type: 50
2026/09/29 08:23:05 WAR [path cam_5064cd2c] [RTSP source] 5 decode errors, last was: received RTP packet with unknown payload type: 50
2026/09/29 08:23:06 WAR [path cam_5064cd2c] [RTSP source] 5 decode errors, last was: received RTP packet with unknown payload type: 50
2026/09/29 08:23:06 WAR [path cam_3059f25c] [RTSP source] 5 decode errors, last was: received RTP packet with unknown payload type: 50
2026/09/29 08:23:07 WAR [path cam_5064cd2c] [RTSP source] 5 decode errors, last was: received RTP packet with unknown payload type: 50
2026/09/29 08:23:07 WAR [path cam_3059f25c] [RTSP source] 5 decode errors, last was: received RTP packet with unknown payload type: 50
2026/09/29 08:23:08 WAR [path cam_5064cd2c] [RTSP source] 5 decode errors, last was: received RTP packet with unknown payload type: 50
2026/09/29 08:23:08 WAR [path cam_3059f25c] [RTSP source] 5 decode errors, last was: received RTP packet with unknown payload type: 50
2026/09/29 08:23:09 WAR [path cam_3059f25c] [RTSP source] 5 decode errors, last was: received RTP packet with unknown payload type: 50
2026/09/29 08:23:09 WAR [path cam_5064cd2c] [RTSP source] 5 decode errors, last was: received RTP packet with unknown payload type: 50
2026/09/29 08:23:10 WAR [path cam_3059f25c] [RTSP source] 5 decode errors, last was: received RTP packet with unknown payload type: 50
2026/09/29 08:23:10 WAR [path cam_5064cd2c] [RTSP source] 5 decode errors, last was: received RTP packet with unknown payload type: 50
2026/09/29 08:23:11 WAR [path cam_3059f25c] [RTSP source] 5 decode errors, last was: received RTP packet with unknown payload type: 50
2026/09/29 08:23:11 WAR [path cam_5064cd2c] [RTSP source] 5 decode errors, last was: received RTP packet with unknown payload type: 50
2026/09/29 08:23:12 WAR [path cam_5064cd2c] [RTSP source] 5 decode errors, last was: received RTP packet with unknown payload type: 50
2026/09/29 08:23:12 WAR [path cam_3059f25c] [RTSP source] 5 decode errors, last was: received RTP packet with unknown payload type: 50
2026/09/29 08:23:13 WAR [path cam_5064cd2c] [RTSP source] 5 decode errors, last was: received RTP packet with unknown payload type: 50
2026/09/29 08:23:13 WAR [path cam_3059f25c] [RTSP source] 5 decode errors, last was: received RTP packet with unknown payload type: 50
2026/09/29 08:23:14 WAR [path cam_3059f25c] [RTSP source] 5 decode errors, last was: received RTP packet with unknown payload type: 50
2026/09/29 08:23:14 WAR [path cam_5064cd2c] [RTSP source] 5 decode errors, last was: received RTP packet with unknown payload type: 50
2026/09/29 08:23:15 WAR [path cam_5064cd2c] [RTSP source] 5 decode errors, last was: received RTP packet with unknown payload type: 50
2026/09/29 08:23:15 WAR [path cam_3059f25c] [RTSP source] 5 decode errors, last was: received RTP packet with unknown payload type: 50
2026/09/29 08:23:16 WAR [path cam_3059f25c] [RTSP source] 5 decode errors, last was: received RTP packet with unknown payload type: 50
2026/09/29 08:23:16 WAR [path cam_5064cd2c] [RTSP source] 5 decode errors, last was: received RTP packet with unknown payload type: 50
2026/09/29 08:23:17 WAR [path cam_3059f25c] [RTSP source] 5 decode errors, last was: received RTP packet with unknown payload type: 50
2026/09/29 08:23:17 WAR [path cam_5064cd2c] [RTSP source] 5 decode errors, last was: received RTP packet with unknown payload type: 50
2026/09/29 08:23:18 WAR [path cam_5064cd2c] [RTSP source] 5 decode errors, last was: received RTP packet with unknown payload type: 50
2026/09/29 08:23:18 WAR [path cam_3059f25c] [RTSP source] 5 decode errors, last was: received RTP packet with unknown payload type: 50
2026/09/29 08:23:19 WAR [path cam_3059f25c] [RTSP source] 5 decode errors, last was: received RTP packet with unknown payload type: 50
2026/09/29 08:23:19 WAR [path cam_5064cd2c] [RTSP source] 5 decode errors, last was: received RTP packet with unknown payload type: 50
2026/09/29 08:23:20 WAR [path cam_3059f25c] [RTSP source] 5 decode errors, last was: received RTP packet with unknown payload type: 50
2026/09/29 08:23:20 WAR [path cam_5064cd2c] [RTSP source] 5 decode errors, last was: received RTP packet with unknown payload type: 50
2026/09/29 08:23:21 WAR [path cam_5064cd2c] [RTSP source] 5 decode errors, last was: received RTP packet with unknown payload type: 50
2026/09/29 08:23:21 WAR [path cam_3059f25c] [RTSP source] 5 decode errors, last was: received RTP packet with unknown payload type: 50
2026/09/29 08:23:22 WAR [path cam_3059f25c] [RTSP source] 5 decode errors, last was: received RTP packet with unknown payload type: 50
2026/09/29 08:23:22 WAR [path cam_5064cd2c] [RTSP source] 5 decode errors, last was: received RTP packet with unknown payload type: 50
2026/09/29 08:23:23 WAR [path cam_3059f25c] [RTSP source] 5 decode errors, last was: received RTP packet with unknown payload type: 50
2026/09/29 08:23:23 WAR [path cam_5064cd2c] [RTSP source] 5 decode errors, last was: received RTP packet with unknown payload type: 50
2026/09/29 08:23:24 WAR [path cam_3059f25c] [RTSP source] 5 decode errors, last was: received RTP packet with unknown payload type: 50
2026/09/29 08:23:24 WAR [path cam_5064cd2c] [RTSP source] 5 decode errors, last was: received RTP packet with unknown payload type: 50
2026/09/29 08:23:25 WAR [path cam_5064cd2c] [RTSP source] 5 decode errors, last was: received RTP packet with unknown payload type: 50
2026/09/29 08:23:25 WAR [path cam_3059f25c] [RTSP source] 5 decode errors, last was: received RTP packet with unknown payload type: 50
2026/09/29 08:23:26 WAR [path cam_3059f25c] [RTSP source] 5 decode errors, last was: received RTP packet with unknown payload type: 50
2026/09/29 08:23:26 WAR [path cam_5064cd2c] [RTSP source] 5 decode errors, last was: received RTP packet with unknown payload type: 50
2026/09/29 08:23:27 WAR [path cam_5064cd2c] [RTSP source] 5 decode errors, last was: received RTP packet with unknown payload type: 50
2026/09/29 08:23:27 WAR [path cam_3059f25c] [RTSP source] 5 decode errors, last was: received RTP packet with unknown payload type: 50
2026/09/29 08:23:28 WAR [path cam_5064cd2c] [RTSP source] 5 decode errors, last was: received RTP packet with unknown payload type: 50
2026/09/29 08:23:28 WAR [path cam_3059f25c] [RTSP source] 5 decode errors, last was: received RTP packet with unknown payload type: 50
2026/09/29 08:23:29 WAR [path cam_5064cd2c] [RTSP source] 5 decode errors, last was: received RTP packet with unknown payload type: 50
2026/09/29 08:23:29 WAR [path cam_3059f25c] [RTSP source] 5 decode errors, last was: received RTP packet with unknown payload type: 50
2026/09/29 08:23:30 WAR [path cam_3059f25c] [RTSP source] 5 decode errors, last was: received RTP packet with unknown payload type: 50
2026/09/29 08:23:30 WAR [path cam_5064cd2c] [RTSP source] 5 decode errors, last was: received RTP packet with unknown payload type: 50
2026/09/29 08:23:31 WAR [path cam_3059f25c] [RTSP source] 5 decode errors, last was: received RTP packet with unknown payload type: 50
2026/09/29 08:23:31 WAR [path cam_5064cd2c] [RTSP source] 5 decode errors, last was: received RTP packet with unknown payload type: 50
2026/09/29 08:23:32 WAR [path cam_3059f25c] [RTSP source] 5 decode errors, last was: received RTP packet with unknown payload type: 50
2026/09/29 08:23:32 WAR [path cam_5064cd2c] [RTSP source] 5 decode errors, last was: received RTP packet with unknown payload type: 50
2026/09/29 08:23:33 WAR [path cam_3059f25c] [RTSP source] 5 decode errors, last was: received RTP packet with unknown payload type: 50
2026/09/29 08:23:33 WAR [path cam_5064cd2c] [RTSP source] 5 decode errors, last was: received RTP packet with unknown payload type: 50
2026/09/29 08:23:34 WAR [path cam_3059f25c] [RTSP source] 5 decode errors, last was: received RTP packet with unknown payload type: 50
2026/09/29 08:23:34 WAR [path cam_5064cd2c] [RTSP source] 5 decode errors, last was: received RTP packet with unknown payload type: 50
2026/09/29 08:23:35 WAR [path cam_3059f25c] [RTSP source] 5 decode errors, last was: received RTP packet with unknown payload type: 50
2026/09/29 08:23:35 WAR [path cam_5064cd2c] [RTSP source] 5 decode errors, last was: received RTP packet with unknown payload type: 50
2026/09/29 08:23:36 WAR [path cam_5064cd2c] [RTSP source] 5 decode errors, last was: received RTP packet with unknown payload type: 50
2026/09/29 08:23:36 WAR [path cam_3059f25c] [RTSP source] 5 decode errors, last was: received RTP packet with unknown payload type: 50
2026/09/29 08:23:37 WAR [path cam_3059f25c] [RTSP source] 5 decode errors, last was: received RTP packet with unknown payload type: 50
2026/09/29 08:23:37 WAR [path cam_5064cd2c] [RTSP source] 5 decode errors, last was: received RTP packet with unknown payload type: 50
2026/09/29 08:23:38 WAR [path cam_3059f25c] [RTSP source] 5 decode errors, last was: received RTP packet with unknown payload type: 50
2026/09/29 08:23:38 WAR [path cam_5064cd2c] [RTSP source] 5 decode errors, last was: received RTP packet with unknown payload type: 50
2026/09/29 08:23:39 WAR [path cam_3059f25c] [RTSP source] 5 decode errors, last was: received RTP packet with unknown payload type: 50
2026/09/29 08:23:39 WAR [path cam_5064cd2c] [RTSP source] 5 decode errors, last was: received RTP packet with unknown payload type: 50
2026/09/29 08:23:40 WAR [path cam_3059f25c] [RTSP source] 5 decode errors, last was: received RTP packet with unknown payload type: 50
2026/09/29 08:23:40 WAR [path cam_5064cd2c] [RTSP source] 5 decode errors, last was: received RTP packet with unknown payload type: 50
2026/09/29 08:23:41 WAR [path cam_3059f25c] [RTSP source] 5 decode errors, last was: received RTP packet with unknown payload type: 50
2026/09/29 08:23:41 WAR [path cam_5064cd2c] [RTSP source] 5 decode errors, last was: received RTP packet with unknown payload type: 50
2026/09/29 08:23:42 WAR [path cam_3059f25c] [RTSP source] 5 decode errors, last was: received RTP packet with unknown payload type: 50
2026/09/29 08:23:42 WAR [path cam_5064cd2c] [RTSP source] 5 decode errors, last was: received RTP packet with unknown payload type: 50
2026/09/29 08:23:43 WAR [path cam_3059f25c] [RTSP source] 5 decode errors, last was: received RTP packet with unknown payload type: 50
2026/09/29 08:23:43 WAR [path cam_5064cd2c] [RTSP source] 5 decode errors, last was: received RTP packet with unknown payload type: 50
2026/09/29 08:23:44 WAR [path cam_3059f25c] [RTSP source] 5 decode errors, last was: received RTP packet with unknown payload type: 50
2026/09/29 08:23:44 WAR [path cam_5064cd2c] [RTSP source] 5 decode errors, last was: received RTP packet with unknown payload type: 50
2026/09/29 08:23:45 WAR [path cam_3059f25c] [RTSP source] 5 decode errors, last was: received RTP packet with unknown payload type: 50
2026/09/29 08:23:45 WAR [path cam_5064cd2c] [RTSP source] 5 decode errors, last was: received RTP packet with unknown payload type: 50
2026/09/29 08:23:46 WAR [path cam_5064cd2c] [RTSP source] 5 decode errors, last was: received RTP packet with unknown payload type: 50
2026/09/29 08:23:46 WAR [path cam_3059f25c] [RTSP source] 5 decode errors, last was: received RTP packet with unknown payload type: 50
2026/09/29 08:23:47 WAR [path cam_3059f25c] [RTSP source] 5 decode errors, last was: received RTP packet with unknown payload type: 50
2026/09/29 08:23:47 WAR [path cam_5064cd2c] [RTSP source] 5 decode errors, last was: received RTP packet with unknown payload type: 50
2026/09/29 08:23:48 WAR [path cam_3059f25c] [RTSP source] 5 decode errors, last was: received RTP packet with unknown payload type: 50
2026/09/29 08:23:48 WAR [path cam_5064cd2c] [RTSP source] 5 decode errors, last was: received RTP packet with unknown payload type: 50
2026/09/29 08:23:49 WAR [path cam_3059f25c] [RTSP source] 5 decode errors, last was: received RTP packet with unknown payload type: 50
2026/09/29 08:23:49 WAR [path cam_5064cd2c] [RTSP source] 5 decode errors, last was: received RTP packet with unknown payload type: 50
2026/09/29 08:23:50 WAR [path cam_3059f25c] [RTSP source] 5 decode errors, last was: received RTP packet with unknown payload type: 50
2026/09/29 08:23:50 WAR [path cam_5064cd2c] [RTSP source] 5 decode errors, last was: received RTP packet with unknown payload type: 50
2026/09/29 08:23:51 WAR [path cam_3059f25c] [RTSP source] 5 decode errors, last was: received RTP packet with unknown payload type: 50
2026/09/29 08:23:51 WAR [path cam_5064cd2c] [RTSP source] 5 decode errors, last was: received RTP packet with unknown payload type: 50
2026/09/29 08:23:52 WAR [path cam_5064cd2c] [RTSP source] 5 decode errors, last was: received RTP packet with unknown payload type: 50
2026/09/29 08:23:52 WAR [path cam_3059f25c] [RTSP source] 5 decode errors, last was: received RTP packet with unknown payload type: 50
2026/09/29 08:23:53 WAR [path cam_3059f25c] [RTSP source] 5 decode errors, last was: received RTP packet with unknown payload type: 50
2026/09/29 08:23:53 WAR [path cam_5064cd2c] [RTSP source] 5 decode errors, last was: received RTP packet with unknown payload type: 50
2026/09/29 08:23:54 WAR [path cam_3059f25c] [RTSP source] 5 decode errors, last was: received RTP packet with unknown payload type: 50
2026/09/29 08:23:54 WAR [path cam_5064cd2c] [RTSP source] 5 decode errors, last was: received RTP packet with unknown payload type: 50
2026/09/29 08:23:55 WAR [path cam_3059f25c] [RTSP source] 5 decode errors, last was: received RTP packet with unknown payload type: 50
2026/09/29 08:23:55 WAR [path cam_5064cd2c] [RTSP source] 5 decode errors, last was: received RTP packet with unknown payload type: 50
2026/09/29 08:23:56 WAR [path cam_5064cd2c] [RTSP source] 5 decode errors, last was: received RTP packet with unknown payload type: 50
2026/09/29 08:23:56 WAR [path cam_3059f25c] [RTSP source] 5 decode errors, last was: received RTP packet with unknown payload type: 50
2026/09/29 08:23:57 WAR [path cam_5064cd2c] [RTSP source] 5 decode errors, last was: received RTP packet with unknown payload type: 50
2026/09/29 08:23:57 WAR [path cam_3059f25c] [RTSP source] 5 decode errors, last was: received RTP packet with unknown payload type: 50
2026/09/29 08:23:58 WAR [path cam_5064cd2c] [RTSP source] 5 decode errors, last was: received RTP packet with unknown payload type: 50
2026/09/29 08:23:58 WAR [path cam_3059f25c] [RTSP source] 5 decode errors, last was: received RTP packet with unknown payload type: 50
2026/09/29 08:23:59 WAR [path cam_5064cd2c] [RTSP source] 5 decode errors, last was: received RTP packet with unknown payload type: 50
2026/09/29 08:23:59 WAR [path cam_3059f25c] [RTSP source] 5 decode errors, last was: received RTP packet with unknown payload type: 50
2026/09/29 08:24:00 WAR [path cam_5064cd2c] [RTSP source] 5 decode errors, last was: received RTP packet with unknown payload type: 50
2026/09/29 08:24:00 WAR [path cam_3059f25c] [RTSP source] 5 decode errors, last was: received RTP packet with unknown payload type: 50
2026/09/29 08:24:01 WAR [path cam_5064cd2c] [RTSP source] 5 decode errors, last was: received RTP packet with unknown payload type: 50
2026/09/29 08:24:01 WAR [path cam_3059f25c] [RTSP source] 5 decode errors, last was: received RTP packet with unknown payload type: 50
2026/09/29 08:24:02 WAR [path cam_3059f25c] [RTSP source] 5 decode errors, last was: received RTP packet with unknown payload type: 50
2026/09/29 08:24:02 WAR [path cam_5064cd2c] [RTSP source] 5 decode errors, last was: received RTP packet with unknown payload type: 50
2026/09/29 08:24:03 WAR [path cam_3059f25c] [RTSP source] 5 decode errors, last was: received RTP packet with unknown payload type: 50
2026/09/29 08:24:03 WAR [path cam_5064cd2c] [RTSP source] 5 decode errors, last was: received RTP packet with unknown payload type: 50
2026/09/29 08:24:04 WAR [path cam_3059f25c] [RTSP source] 5 decode errors, last was: received RTP packet with unknown payload type: 50
2026/09/29 08:24:04 WAR [path cam_5064cd2c] [RTSP source] 5 decode errors, last was: received RTP packet with unknown payload type: 50
2026/09/29 08:24:05 WAR [path cam_3059f25c] [RTSP source] 5 decode errors, last was: received RTP packet with unknown payload type: 50
2026/09/29 08:24:05 WAR [path cam_5064cd2c] [RTSP source] 5 decode errors, last was: received RTP packet with unknown payload type: 50
2026/09/29 08:24:06 WAR [path cam_5064cd2c] [RTSP source] 5 decode errors, last was: received RTP packet with unknown payload type: 50
2026/09/29 08:24:06 WAR [path cam_3059f25c] [RTSP source] 5 decode errors, last was: received RTP packet with unknown payload type: 50
2026/09/29 08:24:07 WAR [path cam_3059f25c] [RTSP source] 5 decode errors, last was: received RTP packet with unknown payload type: 50
2026/09/29 08:24:07 WAR [path cam_5064cd2c] [RTSP source] 5 decode errors, last was: received RTP packet with unknown payload type: 50
2026/09/29 08:24:08 WAR [path cam_3059f25c] [RTSP source] 5 decode errors, last was: received RTP packet with unknown payload type: 50
2026/09/29 08:24:08 WAR [path cam_5064cd2c] [RTSP source] 5 decode errors, last was: received RTP packet with unknown payload type: 50
2026/09/29 08:24:09 WAR [path cam_5064cd2c] [RTSP source] 5 decode errors, last was: received RTP packet with unknown payload type: 50
2026/09/29 08:24:09 WAR [path cam_3059f25c] [RTSP source] 5 decode errors, last was: received RTP packet with unknown payload type: 50
2026/09/29 08:24:10 WAR [path cam_3059f25c] [RTSP source] 5 decode errors, last was: received RTP packet with unknown payload type: 50
2026/09/29 08:24:10 WAR [path cam_5064cd2c] [RTSP source] 5 decode errors, last was: received RTP packet with unknown payload type: 50
2026/09/29 08:24:11 WAR [path cam_5064cd2c] [RTSP source] 5 decode errors, last was: received RTP packet with unknown payload type: 50
2026/09/29 08:24:11 WAR [path cam_3059f25c] [RTSP source] 5 decode errors, last was: received RTP packet with unknown payload type: 50
2026/09/29 08:24:12 WAR [path cam_3059f25c] [RTSP source] 5 decode errors, last was: received RTP packet with unknown payload type: 50
2026/09/29 08:24:12 WAR [path cam_5064cd2c] [RTSP source] 5 decode errors, last was: received RTP packet with unknown payload type: 50
2026/09/29 08:24:13 WAR [path cam_3059f25c] [RTSP source] 5 decode errors, last was: received RTP packet with unknown payload type: 50
2026/09/29 08:24:13 WAR [path cam_5064cd2c] [RTSP source] 5 decode errors, last was: received RTP packet with unknown payload type: 50
2026/09/29 08:24:14 WAR [path cam_3059f25c] [RTSP source] 5 decode errors, last was: received RTP packet with unknown payload type: 50
2026/09/29 08:24:14 WAR [path cam_5064cd2c] [RTSP source] 5 decode errors, last was: received RTP packet with unknown payload type: 50
2026/09/29 08:24:15 WAR [path cam_5064cd2c] [RTSP source] 5 decode errors, last was: received RTP packet with unknown payload type: 50
2026/09/29 08:24:15 WAR [path cam_3059f25c] [RTSP source] 5 decode errors, last was: received RTP packet with unknown payload type: 50
2026/09/29 08:24:16 WAR [path cam_3059f25c] [RTSP source] 5 decode errors, last was: received RTP packet with unknown payload type: 50
2026/09/29 08:24:16 WAR [path cam_5064cd2c] [RTSP source] 5 decode errors, last was: received RTP packet with unknown payload type: 50
2026/09/29 08:24:17 WAR [path cam_3059f25c] [RTSP source] 5 decode errors, last was: received RTP packet with unknown payload type: 50
2026/09/29 08:24:17 WAR [path cam_5064cd2c] [RTSP source] 5 decode errors, last was: received RTP packet with unknown payload type: 50
2026/09/29 08:24:18 WAR [path cam_3059f25c] [RTSP source] 5 decode errors, last was: received RTP packet with unknown payload type: 50
2026/09/29 08:24:18 WAR [path cam_5064cd2c] [RTSP source] 5 decode errors, last was: received RTP packet with unknown payload type: 50
2026/09/29 08:24:19 WAR [path cam_3059f25c] [RTSP source] 5 decode errors, last was: received RTP packet with unknown payload type: 50
2026/09/29 08:24:19 WAR [path cam_5064cd2c] [RTSP source] 5 decode errors, last was: received RTP packet with unknown payload type: 50
2026/09/29 08:24:20 WAR [path cam_3059f25c] [RTSP source] 5 decode errors, last was: received RTP packet with unknown payload type: 50
2026/09/29 08:24:20 WAR [path cam_5064cd2c] [RTSP source] 5 decode errors, last was: received RTP packet with unknown payload type: 50
2026/09/29 08:24:21 WAR [path cam_5064cd2c] [RTSP source] 5 decode errors, last was: received RTP packet with unknown payload type: 50
2026/09/29 08:24:21 WAR [path cam_3059f25c] [RTSP source] 5 decode errors, last was: received RTP packet with unknown payload type: 50
2026/09/29 08:24:22 WAR [path cam_5064cd2c] [RTSP source] 5 decode errors, last was: received RTP packet with unknown payload type: 50
2026/09/29 08:24:22 WAR [path cam_3059f25c] [RTSP source] 5 decode errors, last was: received RTP packet with unknown payload type: 50
2026/09/29 08:24:23 WAR [path cam_3059f25c] [RTSP source] 5 decode errors, last was: received RTP packet with unknown payload type: 50
2026/09/29 08:24:23 WAR [path cam_5064cd2c] [RTSP source] 5 decode errors, last was: received RTP packet with unknown payload type: 50
2026/09/29 08:24:24 WAR [path cam_3059f25c] [RTSP source] 5 decode errors, last was: received RTP packet with unknown payload type: 50
2026/09/29 08:24:24 WAR [path cam_5064cd2c] [RTSP source] 5 decode errors, last was: received RTP packet with unknown payload type: 50
2026/09/29 08:24:25 WAR [path cam_3059f25c] [RTSP source] 5 decode errors, last was: received RTP packet with unknown payload type: 50
2026/09/29 08:24:25 WAR [path cam_5064cd2c] [RTSP source] 5 decode errors, last was: received RTP packet with unknown payload type: 50
2026/09/29 08:24:26 WAR [path cam_3059f25c] [RTSP source] 5 decode errors, last was: received RTP packet with unknown payload type: 50
2026/09/29 08:24:26 WAR [path cam_5064cd2c] [RTSP source] 5 decode errors, last was: received RTP packet with unknown payload type: 50
2026/09/29 08:24:27 WAR [path cam_3059f25c] [RTSP source] 5 decode errors, last was: received RTP packet with unknown payload type: 50
2026/09/29 08:24:27 WAR [path cam_5064cd2c] [RTSP source] 5 decode errors, last was: received RTP packet with unknown payload type: 50
2026/09/29 08:24:28 WAR [path cam_3059f25c] [RTSP source] 5 decode errors, last was: received RTP packet with unknown payload type: 50
2026/09/29 08:24:28 WAR [path cam_5064cd2c] [RTSP source] 5 decode errors, last was: received RTP packet with unknown payload type: 50
2026/09/29 08:24:29 WAR [path cam_5064cd2c] [RTSP source] 5 decode errors, last was: received RTP packet with unknown payload type: 50
2026/09/29 08:24:29 WAR [path cam_3059f25c] [RTSP source] 5 decode errors, last was: received RTP packet with unknown payload type: 50
2026/09/29 08:24:30 WAR [path cam_3059f25c] [RTSP source] 5 decode errors, last was: received RTP packet with unknown payload type: 50
2026/09/29 08:24:30 WAR [path cam_5064cd2c] [RTSP source] 5 decode errors, last was: received RTP packet with unknown payload type: 50
2026/09/29 08:24:31 WAR [path cam_3059f25c] [RTSP source] 5 decode errors, last was: received RTP packet with unknown payload type: 50
2026/09/29 08:24:31 WAR [path cam_5064cd2c] [RTSP source] 5 decode errors, last was: received RTP packet with unknown payload type: 50
2026/09/29 08:24:32 WAR [path cam_3059f25c] [RTSP source] 5 decode errors, last was: received RTP packet with unknown payload type: 50
2026/09/29 08:24:32 WAR [path cam_5064cd2c] [RTSP source] 5 decode errors, last was: received RTP packet with unknown payload type: 50
2026/09/29 08:24:33 WAR [path cam_3059f25c] [RTSP source] 5 decode errors, last was: received RTP packet with unknown payload type: 50
2026/09/29 08:24:33 WAR [path cam_5064cd2c] [RTSP source] 5 decode errors, last was: received RTP packet with unknown payload type: 50
2026/09/29 08:24:34 WAR [path cam_5064cd2c] [RTSP source] 5 decode errors, last was: received RTP packet with unknown payload type: 50
2026/09/29 08:24:34 WAR [path cam_3059f25c] [RTSP source] 5 decode errors, last was: received RTP packet with unknown payload type: 50
2026/09/29 08:24:35 WAR [path cam_3059f25c] [RTSP source] 5 decode errors, last was: received RTP packet with unknown payload type: 50
2026/09/29 08:24:35 WAR [path cam_5064cd2c] [RTSP source] 5 decode errors, last was: received RTP packet with unknown payload type: 50
2026/09/29 08:24:36 WAR [path cam_3059f25c] [RTSP source] 5 decode errors, last was: received RTP packet with unknown payload type: 50
2026/09/29 08:24:36 WAR [path cam_5064cd2c] [RTSP source] 5 decode errors, last was: received RTP packet with unknown payload type: 50
2026/09/29 08:24:37 WAR [path cam_5064cd2c] [RTSP source] 5 decode errors, last was: received RTP packet with unknown payload type: 50
2026/09/29 08:24:37 WAR [path cam_3059f25c] [RTSP source] 5 decode errors, last was: received RTP packet with unknown payload type: 50
2026/09/29 08:24:38 WAR [path cam_5064cd2c] [RTSP source] 5 decode errors, last was: received RTP packet with unknown payload type: 50
2026/09/29 08:24:38 WAR [path cam_3059f25c] [RTSP source] 5 decode errors, last was: received RTP packet with unknown payload type: 50
2026/09/29 08:24:39 WAR [path cam_3059f25c] [RTSP source] 5 decode errors, last was: received RTP packet with unknown payload type: 50
2026/09/29 08:24:39 WAR [path cam_5064cd2c] [RTSP source] 5 decode errors, last was: received RTP packet with unknown payload type: 50
2026/09/29 08:24:40 WAR [path cam_5064cd2c] [RTSP source] 5 decode errors, last was: received RTP packet with unknown payload type: 50
2026/09/29 08:24:40 WAR [path cam_3059f25c] [RTSP source] 5 decode errors, last was: received RTP packet with unknown payload type: 50
2026/09/29 08:24:41 WAR [path cam_3059f25c] [RTSP source] 5 decode errors, last was: received RTP packet with unknown payload type: 50
2026/09/29 08:24:41 WAR [path cam_5064cd2c] [RTSP source] 5 decode errors, last was: received RTP packet with unknown payload type: 50
2026/09/29 08:24:42 WAR [path cam_3059f25c] [RTSP source] 5 decode errors, last was: received RTP packet with unknown payload type: 50
2026/09/29 08:24:42 WAR [path cam_5064cd2c] [RTSP source] 5 decode errors, last was: received RTP packet with unknown payload type: 50
2026/09/29 08:24:43 WAR [path cam_3059f25c] [RTSP source] 5 decode errors, last was: received RTP packet with unknown payload type: 50
2026/09/29 08:24:43 WAR [path cam_5064cd2c] [RTSP source] 5 decode errors, last was: received RTP packet with unknown payload type: 50
2026/09/29 08:24:44 WAR [path cam_3059f25c] [RTSP source] 5 decode errors, last was: received RTP packet with unknown payload type: 50
2026/09/29 08:24:44 WAR [path cam_5064cd2c] [RTSP source] 5 decode errors, last was: received RTP packet with unknown payload type: 50
2026/09/29 08:24:45 WAR [path cam_3059f25c] [RTSP source] 5 decode errors, last was: received RTP packet with unknown payload type: 50
2026/09/29 08:24:45 WAR [path cam_5064cd2c] [RTSP source] 5 decode errors, last was: received RTP packet with unknown payload type: 50
2026/09/29 08:24:46 WAR [path cam_5064cd2c] [RTSP source] 5 decode errors, last was: received RTP packet with unknown payload type: 50
2026/09/29 08:24:46 WAR [path cam_3059f25c] [RTSP source] 5 decode errors, last was: received RTP packet with unknown payload type: 50
2026/09/29 08:24:47 WAR [path cam_5064cd2c] [RTSP source] 5 decode errors, last was: received RTP packet with unknown payload type: 50
2026/09/29 08:24:47 WAR [path cam_3059f25c] [RTSP source] 5 decode errors, last was: received RTP packet with unknown payload type: 50
2026/09/29 08:24:48 WAR [path cam_3059f25c] [RTSP source] 5 decode errors, last was: received RTP packet with unknown payload type: 50
2026/09/29 08:24:48 WAR [path cam_5064cd2c] [RTSP source] 5 decode errors, last was: received RTP packet with unknown payload type: 50
2026/09/29 08:24:49 WAR [path cam_3059f25c] [RTSP source] 5 decode errors, last was: received RTP packet with unknown payload type: 50
2026/09/29 08:24:49 WAR [path cam_5064cd2c] [RTSP source] 5 decode errors, last was: received RTP packet with unknown payload type: 50
2026/09/29 08:24:50 WAR [path cam_5064cd2c] [RTSP source] 5 decode errors, last was: received RTP packet with unknown payload type: 50
2026/09/29 08:24:50 WAR [path cam_3059f25c] [RTSP source] 5 decode errors, last was: received RTP packet with unknown payload type: 50
2026/09/29 08:24:51 WAR [path cam_5064cd2c] [RTSP source] 5 decode errors, last was: received RTP packet with unknown payload type: 50
2026/09/29 08:24:51 WAR [path cam_3059f25c] [RTSP source] 5 decode errors, last was: received RTP packet with unknown payload type: 50
2026/09/29 08:24:52 WAR [path cam_3059f25c] [RTSP source] 5 decode errors, last was: received RTP packet with unknown payload type: 50
2026/09/29 08:24:52 WAR [path cam_5064cd2c] [RTSP source] 5 decode errors, last was: received RTP packet with unknown payload type: 50
2026/09/29 08:24:53 WAR [path cam_5064cd2c] [RTSP source] 5 decode errors, last was: received RTP packet with unknown payload type: 50
2026/09/29 08:24:53 WAR [path cam_3059f25c] [RTSP source] 5 decode errors, last was: received RTP packet with unknown payload type: 50
2026/09/29 08:24:54 WAR [path cam_5064cd2c] [RTSP source] 5 decode errors, last was: received RTP packet with unknown payload type: 50
2026/09/29 08:24:54 WAR [path cam_3059f25c] [RTSP source] 5 decode errors, last was: received RTP packet with unknown payload type: 50
2026/09/29 08:24:55 WAR [path cam_3059f25c] [RTSP source] 5 decode errors, last was: received RTP packet with unknown payload type: 50
2026/09/29 08:24:55 WAR [path cam_5064cd2c] [RTSP source] 5 decode errors, last was: received RTP packet with unknown payload type: 50
2026/09/29 08:24:56 WAR [path cam_3059f25c] [RTSP source] 5 decode errors, last was: received RTP packet with unknown payload type: 50
2026/09/29 08:24:56 WAR [path cam_5064cd2c] [RTSP source] 5 decode errors, last was: received RTP packet with unknown payload type: 50
2026/09/29 08:24:57 WAR [path cam_5064cd2c] [RTSP source] 5 decode errors, last was: received RTP packet with unknown payload type: 50
2026/09/29 08:24:57 WAR [path cam_3059f25c] [RTSP source] 5 decode errors, last was: received RTP packet with unknown payload type: 50
2026/09/29 08:24:58 WAR [path cam_3059f25c] [RTSP source] 5 decode errors, last was: received RTP packet with unknown payload type: 50
2026/09/29 08:24:58 WAR [path cam_5064cd2c] [RTSP source] 5 decode errors, last was: received RTP packet with unknown payload type: 50
2026/09/29 08:24:59 WAR [path cam_3059f25c] [RTSP source] 5 decode errors, last was: received RTP packet with unknown payload type: 50
2026/09/29 08:24:59 WAR [path cam_5064cd2c] [RTSP source] 5 decode errors, last was: received RTP packet with unknown payload type: 50
2026/09/29 08:25:00 WAR [path cam_5064cd2c] [RTSP source] 5 decode errors, last was: received RTP packet with unknown payload type: 50
2026/09/29 08:25:00 WAR [path cam_3059f25c] [RTSP source] 5 decode errors, last was: received RTP packet with unknown payload type: 50
2026/09/29 08:25:01 WAR [path cam_3059f25c] [RTSP source] 5 decode errors, last was: received RTP packet with unknown payload type: 50
2026/09/29 08:25:01 WAR [path cam_5064cd2c] [RTSP source] 5 decode errors, last was: received RTP packet with unknown payload type: 50
2026/09/29 08:25:02 WAR [path cam_5064cd2c] [RTSP source] 5 decode errors, last was: received RTP packet with unknown payload type: 50
2026/09/29 08:25:02 WAR [path cam_3059f25c] [RTSP source] 5 decode errors, last was: received RTP packet with unknown payload type: 50
2026/09/29 08:25:03 WAR [path cam_3059f25c] [RTSP source] 5 decode errors, last was: received RTP packet with unknown payload type: 50
2026/09/29 08:25:03 WAR [path cam_5064cd2c] [RTSP source] 5 decode errors, last was: received RTP packet with unknown payload type: 50
2026/09/29 08:25:04 WAR [path cam_3059f25c] [RTSP source] 5 decode errors, last was: received RTP packet with unknown payload type: 50
2026/09/29 08:25:04 WAR [path cam_5064cd2c] [RTSP source] 5 decode errors, last was: received RTP packet with unknown payload type: 50
2026/09/29 08:25:05 WAR [path cam_3059f25c] [RTSP source] 5 decode errors, last was: received RTP packet with unknown payload type: 50
2026/09/29 08:25:05 WAR [path cam_5064cd2c] [RTSP source] 5 decode errors, last was: received RTP packet with unknown payload type: 50
2026/09/29 08:25:06 WAR [path cam_5064cd2c] [RTSP source] 5 decode errors, last was: received RTP packet with unknown payload type: 50
2026/09/29 08:25:06 WAR [path cam_3059f25c] [RTSP source] 4 decode errors, last was: received RTP packet with unknown payload type: 50
2026/09/29 08:25:07 WAR [path cam_3059f25c] [RTSP source] 5 decode errors, last was: received RTP packet with unknown payload type: 50
2026/09/29 08:25:07 WAR [path cam_5064cd2c] [RTSP source] 5 decode errors, last was: received RTP packet with unknown payload type: 50
2026/09/29 08:25:08 WAR [path cam_3059f25c] [RTSP source] 5 decode errors, last was: received RTP packet with unknown payload type: 50
2026/09/29 08:25:08 WAR [path cam_5064cd2c] [RTSP source] 5 decode errors, last was: received RTP packet with unknown payload type: 50
2026/09/29 08:25:09 WAR [path cam_3059f25c] [RTSP source] 5 decode errors, last was: received RTP packet with unknown payload type: 50
2026/09/29 08:25:09 WAR [path cam_5064cd2c] [RTSP source] 5 decode errors, last was: received RTP packet with unknown payload type: 50
2026/09/29 08:25:10 WAR [path cam_5064cd2c] [RTSP source] 5 decode errors, last was: received RTP packet with unknown payload type: 50
2026/09/29 08:25:10 WAR [path cam_3059f25c] [RTSP source] 5 decode errors, last was: received RTP packet with unknown payload type: 50
2026/09/29 08:25:11 WAR [path cam_3059f25c] [RTSP source] 5 decode errors, last was: received RTP packet with unknown payload type: 50
2026/09/29 08:25:11 WAR [path cam_5064cd2c] [RTSP source] 5 decode errors, last was: received RTP packet with unknown payload type: 50
2026/09/29 08:25:12 WAR [path cam_5064cd2c] [RTSP source] 5 decode errors, last was: received RTP packet with unknown payload type: 50
2026/09/29 08:25:12 WAR [path cam_3059f25c] [RTSP source] 5 decode errors, last was: received RTP packet with unknown payload type: 50
2026/09/29 08:25:13 WAR [path cam_5064cd2c] [RTSP source] 5 decode errors, last was: received RTP packet with unknown payload type: 50
2026/09/29 08:25:13 WAR [path cam_3059f25c] [RTSP source] 5 decode errors, last was: received RTP packet with unknown payload type: 50
2026/09/29 08:25:14 WAR [path cam_5064cd2c] [RTSP source] 5 decode errors, last was: received RTP packet with unknown payload type: 50
2026/09/29 08:25:14 WAR [path cam_3059f25c] [RTSP source] 5 decode errors, last was: received RTP packet with unknown payload type: 50
2026/09/29 08:25:15 WAR [path cam_3059f25c] [RTSP source] 5 decode errors, last was: received RTP packet with unknown payload type: 50
2026/09/29 08:25:15 WAR [path cam_5064cd2c] [RTSP source] 5 decode errors, last was: received RTP packet with unknown payload type: 50
2026/09/29 08:25:16 WAR [path cam_3059f25c] [RTSP source] 5 decode errors, last was: received RTP packet with unknown payload type: 50
2026/09/29 08:25:16 WAR [path cam_5064cd2c] [RTSP source] 5 decode errors, last was: received RTP packet with unknown payload type: 50
2026/09/29 08:25:17 WAR [path cam_5064cd2c] [RTSP source] 5 decode errors, last was: received RTP packet with unknown payload type: 50
2026/09/29 08:25:17 WAR [path cam_3059f25c] [RTSP source] 5 decode errors, last was: received RTP packet with unknown payload type: 50
2026/09/29 08:25:18 WAR [path cam_3059f25c] [RTSP source] 5 decode errors, last was: received RTP packet with unknown payload type: 50
2026/09/29 08:25:18 WAR [path cam_5064cd2c] [RTSP source] 5 decode errors, last was: received RTP packet with unknown payload type: 50
2026/09/29 08:25:19 WAR [path cam_3059f25c] [RTSP source] 5 decode errors, last was: received RTP packet with unknown payload type: 50
2026/09/29 08:25:19 WAR [path cam_5064cd2c] [RTSP source] 5 decode errors, last was: received RTP packet with unknown payload type: 50
2026/09/29 08:25:20 WAR [path cam_3059f25c] [RTSP source] 6 decode errors, last was: received RTP packet with unknown payload type: 50
2026/09/29 08:25:20 WAR [path cam_5064cd2c] [RTSP source] 5 decode errors, last was: received RTP packet with unknown payload type: 50
2026/09/29 08:25:21 WAR [path cam_3059f25c] [RTSP source] 4 decode errors, last was: received RTP packet with unknown payload type: 50
2026/09/29 08:25:21 WAR [path cam_5064cd2c] [RTSP source] 5 decode errors, last was: received RTP packet with unknown payload type: 50
2026/09/29 08:25:22 WAR [path cam_3059f25c] [RTSP source] 5 decode errors, last was: received RTP packet with unknown payload type: 50
2026/09/29 08:25:22 WAR [path cam_5064cd2c] [RTSP source] 5 decode errors, last was: received RTP packet with unknown payload type: 50
2026/09/29 08:25:23 WAR [path cam_3059f25c] [RTSP source] 5 decode errors, last was: received RTP packet with unknown payload type: 50
2026/09/29 08:25:23 WAR [path cam_5064cd2c] [RTSP source] 5 decode errors, last was: received RTP packet with unknown payload type: 50
2026/09/29 08:25:24 WAR [path cam_3059f25c] [RTSP source] 5 decode errors, last was: received RTP packet with unknown payload type: 50
2026/09/29 08:25:24 WAR [path cam_5064cd2c] [RTSP source] 5 decode errors, last was: received RTP packet with unknown payload type: 50
2026/09/29 08:25:25 WAR [path cam_5064cd2c] [RTSP source] 5 decode errors, last was: received RTP packet with unknown payload type: 50
2026/09/29 08:25:25 WAR [path cam_3059f25c] [RTSP source] 5 decode errors, last was: received RTP packet with unknown payload type: 50
2026/09/29 08:25:26 WAR [path cam_3059f25c] [RTSP source] 6 decode errors, last was: received RTP packet with unknown payload type: 50
2026/09/29 08:25:26 WAR [path cam_5064cd2c] [RTSP source] 5 decode errors, last was: received RTP packet with unknown payload type: 50
2026/09/29 08:25:27 WAR [path cam_5064cd2c] [RTSP source] 5 decode errors, last was: received RTP packet with unknown payload type: 50
2026/09/29 08:25:27 WAR [path cam_3059f25c] [RTSP source] 4 decode errors, last was: received RTP packet with unknown payload type: 50
2026/09/29 08:25:28 WAR [path cam_3059f25c] [RTSP source] 5 decode errors, last was: received RTP packet with unknown payload type: 50
2026/09/29 08:25:28 WAR [path cam_5064cd2c] [RTSP source] 5 decode errors, last was: received RTP packet with unknown payload type: 50
2026/09/29 08:25:29 WAR [path cam_5064cd2c] [RTSP source] 5 decode errors, last was: received RTP packet with unknown payload type: 50
2026/09/29 08:25:29 WAR [path cam_3059f25c] [RTSP source] 5 decode errors, last was: received RTP packet with unknown payload type: 50
2026/09/29 08:25:30 WAR [path cam_5064cd2c] [RTSP source] 6 decode errors, last was: received RTP packet with unknown payload type: 50
2026/09/29 08:25:30 WAR [path cam_3059f25c] [RTSP source] 5 decode errors, last was: received RTP packet with unknown payload type: 50
2026/09/29 08:25:31 WAR [path cam_3059f25c] [RTSP source] 5 decode errors, last was: received RTP packet with unknown payload type: 50
2026/09/29 08:25:31 WAR [path cam_5064cd2c] [RTSP source] 5 decode errors, last was: received RTP packet with unknown payload type: 50
2026/09/29 08:25:32 WAR [path cam_3059f25c] [RTSP source] 5 decode errors, last was: received RTP packet with unknown payload type: 50
2026/09/29 08:25:32 WAR [path cam_5064cd2c] [RTSP source] 4 decode errors, last was: received RTP packet with unknown payload type: 50
2026/09/29 08:25:33 WAR [path cam_5064cd2c] [RTSP source] 6 decode errors, last was: received RTP packet with unknown payload type: 50
2026/09/29 08:25:33 WAR [path cam_3059f25c] [RTSP source] 5 decode errors, last was: received RTP packet with unknown payload type: 50
2026/09/29 08:25:34 WAR [path cam_3059f25c] [RTSP source] 5 decode errors, last was: received RTP packet with unknown payload type: 50
2026/09/29 08:25:34 WAR [path cam_5064cd2c] [RTSP source] 5 decode errors, last was: received RTP packet with unknown payload type: 50
2026/09/29 08:25:35 WAR [path cam_3059f25c] [RTSP source] 5 decode errors, last was: received RTP packet with unknown payload type: 50
2026/09/29 08:25:35 WAR [path cam_5064cd2c] [RTSP source] 4 decode errors, last was: received RTP packet with unknown payload type: 50
2026/09/29 08:25:36 WAR [path cam_5064cd2c] [RTSP source] 6 decode errors, last was: received RTP packet with unknown payload type: 50
2026/09/29 08:25:36 WAR [path cam_3059f25c] [RTSP source] 5 decode errors, last was: received RTP packet with unknown payload type: 50
2026/09/29 08:25:37 WAR [path cam_3059f25c] [RTSP source] 5 decode errors, last was: received RTP packet with unknown payload type: 50
2026/09/29 08:25:37 WAR [path cam_5064cd2c] [RTSP source] 4 decode errors, last was: received RTP packet with unknown payload type: 50
2026/09/29 08:25:38 WAR [path cam_3059f25c] [RTSP source] 5 decode errors, last was: received RTP packet with unknown payload type: 50
2026/09/29 08:25:38 WAR [path cam_5064cd2c] [RTSP source] 5 decode errors, last was: received RTP packet with unknown payload type: 50
2026/09/29 08:25:39 WAR [path cam_5064cd2c] [RTSP source] 5 decode errors, last was: received RTP packet with unknown payload type: 50
2026/09/29 08:25:39 WAR [path cam_3059f25c] [RTSP source] 5 decode errors, last was: received RTP packet with unknown payload type: 50
2026/09/29 08:25:40 WAR [path cam_3059f25c] [RTSP source] 5 decode errors, last was: received RTP packet with unknown payload type: 50
2026/09/29 08:25:40 WAR [path cam_5064cd2c] [RTSP source] 6 decode errors, last was: received RTP packet with unknown payload type: 50
2026/09/29 08:25:41 WAR [path cam_3059f25c] [RTSP source] 5 decode errors, last was: received RTP packet with unknown payload type: 50
2026/09/29 08:25:41 WAR [path cam_5064cd2c] [RTSP source] 4 decode errors, last was: received RTP packet with unknown payload type: 50
2026/09/29 08:25:42 WAR [path cam_3059f25c] [RTSP source] 5 decode errors, last was: received RTP packet with unknown payload type: 50
2026/09/29 08:25:42 WAR [path cam_5064cd2c] [RTSP source] 5 decode errors, last was: received RTP packet with unknown payload type: 50
2026/09/29 08:25:43 WAR [path cam_3059f25c] [RTSP source] 5 decode errors, last was: received RTP packet with unknown payload type: 50
2026/09/29 08:25:43 WAR [path cam_5064cd2c] [RTSP source] 6 decode errors, last was: received RTP packet with unknown payload type: 50
2026/09/29 08:25:44 WAR [path cam_5064cd2c] [RTSP source] 5 decode errors, last was: received RTP packet with unknown payload type: 50
2026/09/29 08:25:44 WAR [path cam_3059f25c] [RTSP source] 5 decode errors, last was: received RTP packet with unknown payload type: 50
2026/09/29 08:25:45 WAR [path cam_3059f25c] [RTSP source] 5 decode errors, last was: received RTP packet with unknown payload type: 50
2026/09/29 08:25:45 WAR [path cam_5064cd2c] [RTSP source] 5 decode errors, last was: received RTP packet with unknown payload type: 50
2026/09/29 08:25:46 WAR [path cam_3059f25c] [RTSP source] 5 decode errors, last was: received RTP packet with unknown payload type: 50
2026/09/29 08:25:46 WAR [path cam_5064cd2c] [RTSP source] 5 decode errors, last was: received RTP packet with unknown payload type: 50
2026/09/29 08:25:47 WAR [path cam_5064cd2c] [RTSP source] 5 decode errors, last was: received RTP packet with unknown payload type: 50
2026/09/29 08:25:47 WAR [path cam_3059f25c] [RTSP source] 5 decode errors, last was: received RTP packet with unknown payload type: 50
2026/09/29 08:25:48 WAR [path cam_5064cd2c] [RTSP source] 5 decode errors, last was: received RTP packet with unknown payload type: 50
2026/09/29 08:25:48 WAR [path cam_3059f25c] [RTSP source] 5 decode errors, last was: received RTP packet with unknown payload type: 50
2026/09/29 08:25:49 WAR [path cam_3059f25c] [RTSP source] 5 decode errors, last was: received RTP packet with unknown payload type: 50
2026/09/29 08:25:49 WAR [path cam_5064cd2c] [RTSP source] 5 decode errors, last was: received RTP packet with unknown payload type: 50
2026/09/29 08:25:50 WAR [path cam_5064cd2c] [RTSP source] 5 decode errors, last was: received RTP packet with unknown payload type: 50
2026/09/29 08:25:50 WAR [path cam_3059f25c] [RTSP source] 5 decode errors, last was: received RTP packet with unknown payload type: 50
2026/09/29 08:25:51 WAR [path cam_3059f25c] [RTSP source] 5 decode errors, last was: received RTP packet with unknown payload type: 50
2026/09/29 08:25:51 WAR [path cam_5064cd2c] [RTSP source] 5 decode errors, last was: received RTP packet with unknown payload type: 50
2026/09/29 08:25:52 WAR [path cam_3059f25c] [RTSP source] 5 decode errors, last was: received RTP packet with unknown payload type: 50
2026/09/29 08:25:52 WAR [path cam_5064cd2c] [RTSP source] 5 decode errors, last was: received RTP packet with unknown payload type: 50
2026/09/29 08:25:53 WAR [path cam_5064cd2c] [RTSP source] 5 decode errors, last was: received RTP packet with unknown payload type: 50
2026/09/29 08:25:53 WAR [path cam_3059f25c] [RTSP source] 5 decode errors, last was: received RTP packet with unknown payload type: 50
2026/09/29 08:25:54 WAR [path cam_3059f25c] [RTSP source] 5 decode errors, last was: received RTP packet with unknown payload type: 50
2026/09/29 08:25:54 WAR [path cam_5064cd2c] [RTSP source] 5 decode errors, last was: received RTP packet with unknown payload type: 50
2026/09/29 08:25:55 WAR [path cam_5064cd2c] [RTSP source] 5 decode errors, last was: received RTP packet with unknown payload type: 50
2026/09/29 08:25:55 WAR [path cam_3059f25c] [RTSP source] 5 decode errors, last was: received RTP packet with unknown payload type: 50
2026/09/29 08:25:56 WAR [path cam_5064cd2c] [RTSP source] 5 decode errors, last was: received RTP packet with unknown payload type: 50
2026/09/29 08:25:56 WAR [path cam_3059f25c] [RTSP source] 5 decode errors, last was: received RTP packet with unknown payload type: 50
2026/09/29 08:25:57 WAR [path cam_5064cd2c] [RTSP source] 5 decode errors, last was: received RTP packet with unknown payload type: 50
2026/09/29 08:25:57 WAR [path cam_3059f25c] [RTSP source] 5 decode errors, last was: received RTP packet with unknown payload type: 50
2026/09/29 08:25:58 WAR [path cam_5064cd2c] [RTSP source] 5 decode errors, last was: received RTP packet with unknown payload type: 50
2026/09/29 08:25:58 WAR [path cam_3059f25c] [RTSP source] 5 decode errors, last was: received RTP packet with unknown payload type: 50
2026/09/29 08:25:59 WAR [path cam_3059f25c] [RTSP source] 5 decode errors, last was: received RTP packet with unknown payload type: 50
2026/09/29 08:25:59 WAR [path cam_5064cd2c] [RTSP source] 5 decode errors, last was: received RTP packet with unknown payload type: 50
2026/09/29 08:26:00 WAR [path cam_3059f25c] [RTSP source] 5 decode errors, last was: received RTP packet with unknown payload type: 50
2026/09/29 08:26:00 WAR [path cam_5064cd2c] [RTSP source] 5 decode errors, last was: received RTP packet with unknown payload type: 50
2026/09/29 08:26:01 WAR [path cam_3059f25c] [RTSP source] 5 decode errors, last was: received RTP packet with unknown payload type: 50
2026/09/29 08:26:01 WAR [path cam_5064cd2c] [RTSP source] 5 decode errors, last was: received RTP packet with unknown payload type: 50
2026/09/29 08:26:02 WAR [path cam_3059f25c] [RTSP source] 5 decode errors, last was: received RTP packet with unknown payload type: 50
2026/09/29 08:26:02 WAR [path cam_5064cd2c] [RTSP source] 5 decode errors, last was: received RTP packet with unknown payload type: 50
2026/09/29 08:26:03 WAR [path cam_3059f25c] [RTSP source] 5 decode errors, last was: received RTP packet with unknown payload type: 50
2026/09/29 08:26:03 WAR [path cam_5064cd2c] [RTSP source] 4 decode errors, last was: received RTP packet with unknown payload type: 50
2026/09/29 08:26:04 WAR [path cam_5064cd2c] [RTSP source] 6 decode errors, last was: received RTP packet with unknown payload type: 50
2026/09/29 08:26:04 WAR [path cam_3059f25c] [RTSP source] 5 decode errors, last was: received RTP packet with unknown payload type: 50
2026/09/29 08:26:05 WAR [path cam_3059f25c] [RTSP source] 5 decode errors, last was: received RTP packet with unknown payload type: 50
2026/09/29 08:26:05 WAR [path cam_5064cd2c] [RTSP source] 5 decode errors, last was: received RTP packet with unknown payload type: 50
2026/09/29 08:26:06 WAR [path cam_3059f25c] [RTSP source] 5 decode errors, last was: received RTP packet with unknown payload type: 50
2026/09/29 08:26:06 WAR [path cam_5064cd2c] [RTSP source] 5 decode errors, last was: received RTP packet with unknown payload type: 50
2026/09/29 08:26:07 WAR [path cam_5064cd2c] [RTSP source] 5 decode errors, last was: received RTP packet with unknown payload type: 50
2026/09/29 08:26:07 WAR [path cam_3059f25c] [RTSP source] 5 decode errors, last was: received RTP packet with unknown payload type: 50
2026/09/29 08:26:08 WAR [path cam_5064cd2c] [RTSP source] 5 decode errors, last was: received RTP packet with unknown payload type: 50
2026/09/29 08:26:08 WAR [path cam_3059f25c] [RTSP source] 5 decode errors, last was: received RTP packet with unknown payload type: 50
2026/09/29 08:26:09 WAR [path cam_5064cd2c] [RTSP source] 5 decode errors, last was: received RTP packet with unknown payload type: 50
2026/09/29 08:26:09 WAR [path cam_3059f25c] [RTSP source] 5 decode errors, last was: received RTP packet with unknown payload type: 50
2026/09/29 08:26:10 WAR [path cam_3059f25c] [RTSP source] 5 decode errors, last was: received RTP packet with unknown payload type: 50
2026/09/29 08:26:10 WAR [path cam_5064cd2c] [RTSP source] 5 decode errors, last was: received RTP packet with unknown payload type: 50
2026/09/29 08:26:11 WAR [path cam_5064cd2c] [RTSP source] 5 decode errors, last was: received RTP packet with unknown payload type: 50
2026/09/29 08:26:11 WAR [path cam_3059f25c] [RTSP source] 5 decode errors, last was: received RTP packet with unknown payload type: 50
2026/09/29 08:26:12 WAR [path cam_5064cd2c] [RTSP source] 5 decode errors, last was: received RTP packet with unknown payload type: 50
2026/09/29 08:26:12 WAR [path cam_3059f25c] [RTSP source] 5 decode errors, last was: received RTP packet with unknown payload type: 50
2026/09/29 08:26:13 WAR [path cam_3059f25c] [RTSP source] 5 decode errors, last was: received RTP packet with unknown payload type: 50
2026/09/29 08:26:13 WAR [path cam_5064cd2c] [RTSP source] 5 decode errors, last was: received RTP packet with unknown payload type: 50
2026/09/29 08:26:14 WAR [path cam_3059f25c] [RTSP source] 5 decode errors, last was: received RTP packet with unknown payload type: 50
2026/09/29 08:26:14 WAR [path cam_5064cd2c] [RTSP source] 5 decode errors, last was: received RTP packet with unknown payload type: 50
2026/09/29 08:26:15 WAR [path cam_5064cd2c] [RTSP source] 5 decode errors, last was: received RTP packet with unknown payload type: 50
2026/09/29 08:26:15 WAR [path cam_3059f25c] [RTSP source] 5 decode errors, last was: received RTP packet with unknown payload type: 50
2026/09/29 08:26:16 WAR [path cam_5064cd2c] [RTSP source] 5 decode errors, last was: received RTP packet with unknown payload type: 50
2026/09/29 08:26:16 WAR [path cam_3059f25c] [RTSP source] 5 decode errors, last was: received RTP packet with unknown payload type: 50
2026/09/29 08:26:17 WAR [path cam_3059f25c] [RTSP source] 5 decode errors, last was: received RTP packet with unknown payload type: 50
2026/09/29 08:26:17 WAR [path cam_5064cd2c] [RTSP source] 5 decode errors, last was: received RTP packet with unknown payload type: 50
2026/09/29 08:26:18 WAR [path cam_5064cd2c] [RTSP source] 5 decode errors, last was: received RTP packet with unknown payload type: 50
2026/09/29 08:26:18 WAR [path cam_3059f25c] [RTSP source] 5 decode errors, last was: received RTP packet with unknown payload type: 50
2026/09/29 08:26:19 WAR [path cam_3059f25c] [RTSP source] 5 decode errors, last was: received RTP packet with unknown payload type: 50
2026/09/29 08:26:19 WAR [path cam_5064cd2c] [RTSP source] 5 decode errors, last was: received RTP packet with unknown payload type: 50
2026/09/29 08:26:20 WAR [path cam_5064cd2c] [RTSP source] 5 decode errors, last was: received RTP packet with unknown payload type: 50
2026/09/29 08:26:20 WAR [path cam_3059f25c] [RTSP source] 5 decode errors, last was: received RTP packet with unknown payload type: 50
2026/09/29 08:26:21 WAR [path cam_5064cd2c] [RTSP source] 5 decode errors, last was: received RTP packet with unknown payload type: 50
2026/09/29 08:26:21 WAR [path cam_3059f25c] [RTSP source] 5 decode errors, last was: received RTP packet with unknown payload type: 50
2026/09/29 08:26:22 WAR [path cam_3059f25c] [RTSP source] 5 decode errors, last was: received RTP packet with unknown payload type: 50
2026/09/29 08:26:22 WAR [path cam_5064cd2c] [RTSP source] 5 decode errors, last was: received RTP packet with unknown payload type: 50
2026/09/29 08:26:23 WAR [path cam_5064cd2c] [RTSP source] 5 decode errors, last was: received RTP packet with unknown payload type: 50
2026/09/29 08:26:23 WAR [path cam_3059f25c] [RTSP source] 5 decode errors, last was: received RTP packet with unknown payload type: 50
2026/09/29 08:26:24 WAR [path cam_3059f25c] [RTSP source] 5 decode errors, last was: received RTP packet with unknown payload type: 50
2026/09/29 08:26:24 WAR [path cam_5064cd2c] [RTSP source] 5 decode errors, last was: received RTP packet with unknown payload type: 50
2026/09/29 08:26:25 WAR [path cam_5064cd2c] [RTSP source] 5 decode errors, last was: received RTP packet with unknown payload type: 50
2026/09/29 08:26:25 WAR [path cam_3059f25c] [RTSP source] 5 decode errors, last was: received RTP packet with unknown payload type: 50
2026/09/29 08:26:26 WAR [path cam_3059f25c] [RTSP source] 5 decode errors, last was: received RTP packet with unknown payload type: 50
2026/09/29 08:26:26 WAR [path cam_5064cd2c] [RTSP source] 5 decode errors, last was: received RTP packet with unknown payload type: 50
2026/09/29 08:26:27 WAR [path cam_3059f25c] [RTSP source] 5 decode errors, last was: received RTP packet with unknown payload type: 50
2026/09/29 08:26:27 WAR [path cam_5064cd2c] [RTSP source] 5 decode errors, last was: received RTP packet with unknown payload type: 50
2026/09/29 08:26:28 WAR [path cam_3059f25c] [RTSP source] 5 decode errors, last was: received RTP packet with unknown payload type: 50
2026/09/29 08:26:28 WAR [path cam_5064cd2c] [RTSP source] 5 decode errors, last was: received RTP packet with unknown payload type: 50
2026/09/29 08:26:29 WAR [path cam_3059f25c] [RTSP source] 5 decode errors, last was: received RTP packet with unknown payload type: 50
2026/09/29 08:26:29 WAR [path cam_5064cd2c] [RTSP source] 5 decode errors, last was: received RTP packet with unknown payload type: 50
2026/09/29 08:26:30 WAR [path cam_5064cd2c] [RTSP source] 5 decode errors, last was: received RTP packet with unknown payload type: 50
2026/09/29 08:26:30 WAR [path cam_3059f25c] [RTSP source] 5 decode errors, last was: received RTP packet with unknown payload type: 50
2026/09/29 08:26:31 WAR [path cam_5064cd2c] [RTSP source] 5 decode errors, last was: received RTP packet with unknown payload type: 50
2026/09/29 08:26:31 WAR [path cam_3059f25c] [RTSP source] 5 decode errors, last was: received RTP packet with unknown payload type: 50
2026/09/29 08:26:32 WAR [path cam_5064cd2c] [RTSP source] 5 decode errors, last was: received RTP packet with unknown payload type: 50
2026/09/29 08:26:32 WAR [path cam_3059f25c] [RTSP source] 5 decode errors, last was: received RTP packet with unknown payload type: 50
2026/09/29 08:26:33 WAR [path cam_3059f25c] [RTSP source] 5 decode errors, last was: received RTP packet with unknown payload type: 50
2026/09/29 08:26:33 WAR [path cam_5064cd2c] [RTSP source] 5 decode errors, last was: received RTP packet with unknown payload type: 50
2026/09/29 08:26:34 WAR [path cam_5064cd2c] [RTSP source] 5 decode errors, last was: received RTP packet with unknown payload type: 50
2026/09/29 08:26:34 WAR [path cam_3059f25c] [RTSP source] 5 decode errors, last was: received RTP packet with unknown payload type: 50
2026/09/29 08:26:35 WAR [path cam_3059f25c] [RTSP source] 5 decode errors, last was: received RTP packet with unknown payload type: 50
2026/09/29 08:26:35 WAR [path cam_5064cd2c] [RTSP source] 5 decode errors, last was: received RTP packet with unknown payload type: 50
2026/09/29 08:26:36 WAR [path cam_3059f25c] [RTSP source] 5 decode errors, last was: received RTP packet with unknown payload type: 50
2026/09/29 08:26:36 WAR [path cam_5064cd2c] [RTSP source] 5 decode errors, last was: received RTP packet with unknown payload type: 50
2026/09/29 08:26:37 WAR [path cam_5064cd2c] [RTSP source] 5 decode errors, last was: received RTP packet with unknown payload type: 50
2026/09/29 08:26:37 WAR [path cam_3059f25c] [RTSP source] 5 decode errors, last was: received RTP packet with unknown payload type: 50
2026/09/29 08:26:38 WAR [path cam_3059f25c] [RTSP source] 5 decode errors, last was: received RTP packet with unknown payload type: 50
2026/09/29 08:26:38 WAR [path cam_5064cd2c] [RTSP source] 5 decode errors, last was: received RTP packet with unknown payload type: 50
2026/09/29 08:26:39 WAR [path cam_3059f25c] [RTSP source] 5 decode errors, last was: received RTP packet with unknown payload type: 50
2026/09/29 08:26:39 WAR [path cam_5064cd2c] [RTSP source] 5 decode errors, last was: received RTP packet with unknown payload type: 50
2026/09/29 08:26:40 WAR [path cam_3059f25c] [RTSP source] 5 decode errors, last was: received RTP packet with unknown payload type: 50
2026/09/29 08:26:40 WAR [path cam_5064cd2c] [RTSP source] 5 decode errors, last was: received RTP packet with unknown payload type: 50
2026/09/29 08:26:41 WAR [path cam_3059f25c] [RTSP source] 5 decode errors, last was: received RTP packet with unknown payload type: 50
2026/09/29 08:26:41 WAR [path cam_5064cd2c] [RTSP source] 5 decode errors, last was: received RTP packet with unknown payload type: 50
2026/09/29 08:26:42 WAR [path cam_3059f25c] [RTSP source] 5 decode errors, last was: received RTP packet with unknown payload type: 50
2026/09/29 08:26:42 WAR [path cam_5064cd2c] [RTSP source] 5 decode errors, last was: received RTP packet with unknown payload type: 50
2026/09/29 08:26:43 WAR [path cam_5064cd2c] [RTSP source] 5 decode errors, last was: received RTP packet with unknown payload type: 50
2026/09/29 08:26:43 WAR [path cam_3059f25c] [RTSP source] 5 decode errors, last was: received RTP packet with unknown payload type: 50
2026/09/29 08:26:44 WAR [path cam_3059f25c] [RTSP source] 5 decode errors, last was: received RTP packet with unknown payload type: 50
2026/09/29 08:26:44 WAR [path cam_5064cd2c] [RTSP source] 5 decode errors, last was: received RTP packet with unknown payload type: 50
2026/09/29 08:26:45 WAR [path cam_5064cd2c] [RTSP source] 5 decode errors, last was: received RTP packet with unknown payload type: 50
2026/09/29 08:26:45 WAR [path cam_3059f25c] [RTSP source] 5 decode errors, last was: received RTP packet with unknown payload type: 50
2026/09/29 08:26:46 WAR [path cam_5064cd2c] [RTSP source] 5 decode errors, last was: received RTP packet with unknown payload type: 50
2026/09/29 08:26:46 WAR [path cam_3059f25c] [RTSP source] 5 decode errors, last was: received RTP packet with unknown payload type: 50
2026/09/29 08:26:47 WAR [path cam_5064cd2c] [RTSP source] 5 decode errors, last was: received RTP packet with unknown payload type: 50
2026/09/29 08:26:47 WAR [path cam_3059f25c] [RTSP source] 5 decode errors, last was: received RTP packet with unknown payload type: 50
2026/09/29 08:26:48 WAR [path cam_5064cd2c] [RTSP source] 5 decode errors, last was: received RTP packet with unknown payload type: 50
2026/09/29 08:26:48 WAR [path cam_3059f25c] [RTSP source] 5 decode errors, last was: received RTP packet with unknown payload type: 50
2026/09/29 08:26:49 WAR [path cam_3059f25c] [RTSP source] 5 decode errors, last was: received RTP packet with unknown payload type: 50
2026/09/29 08:26:49 WAR [path cam_5064cd2c] [RTSP source] 5 decode errors, last was: received RTP packet with unknown payload type: 50
2026/09/29 08:26:50 WAR [path cam_3059f25c] [RTSP source] 5 decode errors, last was: received RTP packet with unknown payload type: 50
2026/09/29 08:26:50 WAR [path cam_5064cd2c] [RTSP source] 5 decode errors, last was: received RTP packet with unknown payload type: 50
2026/09/29 08:26:51 WAR [path cam_3059f25c] [RTSP source] 5 decode errors, last was: received RTP packet with unknown payload type: 50
2026/09/29 08:26:51 WAR [path cam_5064cd2c] [RTSP source] 5 decode errors, last was: received RTP packet with unknown payload type: 50
2026/09/29 08:26:52 WAR [path cam_5064cd2c] [RTSP source] 5 decode errors, last was: received RTP packet with unknown payload type: 50
2026/09/29 08:26:52 WAR [path cam_3059f25c] [RTSP source] 5 decode errors, last was: received RTP packet with unknown payload type: 50
2026/09/29 08:26:53 WAR [path cam_5064cd2c] [RTSP source] 5 decode errors, last was: received RTP packet with unknown payload type: 50
2026/09/29 08:26:53 WAR [path cam_3059f25c] [RTSP source] 5 decode errors, last was: received RTP packet with unknown payload type: 50
2026/09/29 08:26:54 WAR [path cam_3059f25c] [RTSP source] 5 decode errors, last was: received RTP packet with unknown payload type: 50
2026/09/29 08:26:54 WAR [path cam_5064cd2c] [RTSP source] 5 decode errors, last was: received RTP packet with unknown payload type: 50
2026/09/29 08:26:55 WAR [path cam_3059f25c] [RTSP source] 5 decode errors, last was: received RTP packet with unknown payload type: 50
2026/09/29 08:26:55 WAR [path cam_5064cd2c] [RTSP source] 5 decode errors, last was: received RTP packet with unknown payload type: 50
2026/09/29 08:26:56 WAR [path cam_5064cd2c] [RTSP source] 5 decode errors, last was: received RTP packet with unknown payload type: 50
2026/09/29 08:26:56 WAR [path cam_3059f25c] [RTSP source] 5 decode errors, last was: received RTP packet with unknown payload type: 50
2026/09/29 08:26:57 WAR [path cam_3059f25c] [RTSP source] 5 decode errors, last was: received RTP packet with unknown payload type: 50
2026/09/29 08:26:57 WAR [path cam_5064cd2c] [RTSP source] 5 decode errors, last was: received RTP packet with unknown payload type: 50
2026/09/29 08:26:58 WAR [path cam_3059f25c] [RTSP source] 5 decode errors, last was: received RTP packet with unknown payload type: 50
2026/09/29 08:26:58 WAR [path cam_5064cd2c] [RTSP source] 5 decode errors, last was: received RTP packet with unknown payload type: 50
2026/09/29 08:26:59 WAR [path cam_5064cd2c] [RTSP source] 5 decode errors, last was: received RTP packet with unknown payload type: 50
2026/09/29 08:26:59 WAR [path cam_3059f25c] [RTSP source] 5 decode errors, last was: received RTP packet with unknown payload type: 50
2026/09/29 08:27:00 WAR [path cam_5064cd2c] [RTSP source] 5 decode errors, last was: received RTP packet with unknown payload type: 50
2026/09/29 08:27:00 WAR [path cam_3059f25c] [RTSP source] 5 decode errors, last was: received RTP packet with unknown payload type: 50
2026/09/29 08:27:01 WAR [path cam_3059f25c] [RTSP source] 5 decode errors, last was: received RTP packet with unknown payload type: 50
2026/09/29 08:27:01 WAR [path cam_5064cd2c] [RTSP source] 5 decode errors, last was: received RTP packet with unknown payload type: 50
2026/09/29 08:27:02 WAR [path cam_3059f25c] [RTSP source] 5 decode errors, last was: received RTP packet with unknown payload type: 50
2026/09/29 08:27:02 WAR [path cam_5064cd2c] [RTSP source] 5 decode errors, last was: received RTP packet with unknown payload type: 50
2026/09/29 08:27:03 WAR [path cam_3059f25c] [RTSP source] 5 decode errors, last was: received RTP packet with unknown payload type: 50
2026/09/29 08:27:03 WAR [path cam_5064cd2c] [RTSP source] 5 decode errors, last was: received RTP packet with unknown payload type: 50
2026/09/29 08:27:04 WAR [path cam_3059f25c] [RTSP source] 5 decode errors, last was: received RTP packet with unknown payload type: 50
2026/09/29 08:27:04 WAR [path cam_5064cd2c] [RTSP source] 5 decode errors, last was: received RTP packet with unknown payload type: 50
2026/09/29 08:27:05 WAR [path cam_5064cd2c] [RTSP source] 5 decode errors, last was: received RTP packet with unknown payload type: 50
2026/09/29 08:27:05 WAR [path cam_3059f25c] [RTSP source] 5 decode errors, last was: received RTP packet with unknown payload type: 50
2026/09/29 08:27:06 WAR [path cam_3059f25c] [RTSP source] 5 decode errors, last was: received RTP packet with unknown payload type: 50
2026/09/29 08:27:06 WAR [path cam_5064cd2c] [RTSP source] 5 decode errors, last was: received RTP packet with unknown payload type: 50
2026/09/29 08:27:07 WAR [path cam_3059f25c] [RTSP source] 5 decode errors, last was: received RTP packet with unknown payload type: 50
2026/09/29 08:27:07 WAR [path cam_5064cd2c] [RTSP source] 5 decode errors, last was: received RTP packet with unknown payload type: 50
2026/09/29 08:27:08 WAR [path cam_3059f25c] [RTSP source] 5 decode errors, last was: received RTP packet with unknown payload type: 50
2026/09/29 08:27:08 WAR [path cam_5064cd2c] [RTSP source] 5 decode errors, last was: received RTP packet with unknown payload type: 50
2026/09/29 08:27:09 WAR [path cam_5064cd2c] [RTSP source] 5 decode errors, last was: received RTP packet with unknown payload type: 50
2026/09/29 08:27:09 WAR [path cam_3059f25c] [RTSP source] 5 decode errors, last was: received RTP packet with unknown payload type: 50
2026/09/29 08:27:10 WAR [path cam_3059f25c] [RTSP source] 5 decode errors, last was: received RTP packet with unknown payload type: 50
2026/09/29 08:27:10 WAR [path cam_5064cd2c] [RTSP source] 5 decode errors, last was: received RTP packet with unknown payload type: 50
2026/09/29 08:27:11 WAR [path cam_5064cd2c] [RTSP source] 5 decode errors, last was: received RTP packet with unknown payload type: 50
2026/09/29 08:27:11 WAR [path cam_3059f25c] [RTSP source] 5 decode errors, last was: received RTP packet with unknown payload type: 50
2026/09/29 08:27:12 WAR [path cam_5064cd2c] [RTSP source] 5 decode errors, last was: received RTP packet with unknown payload type: 50
2026/09/29 08:27:12 WAR [path cam_3059f25c] [RTSP source] 5 decode errors, last was: received RTP packet with unknown payload type: 50
2026/09/29 08:27:13 WAR [path cam_3059f25c] [RTSP source] 5 decode errors, last was: received RTP packet with unknown payload type: 50
2026/09/29 08:27:13 WAR [path cam_5064cd2c] [RTSP source] 5 decode errors, last was: received RTP packet with unknown payload type: 50
2026/09/29 08:27:14 WAR [path cam_3059f25c] [RTSP source] 5 decode errors, last was: received RTP packet with unknown payload type: 50
2026/09/29 08:27:14 WAR [path cam_5064cd2c] [RTSP source] 5 decode errors, last was: received RTP packet with unknown payload type: 50
2026/09/29 08:27:15 WAR [path cam_5064cd2c] [RTSP source] 5 decode errors, last was: received RTP packet with unknown payload type: 50
2026/09/29 08:27:15 WAR [path cam_3059f25c] [RTSP source] 5 decode errors, last was: received RTP packet with unknown payload type: 50
2026/09/29 08:27:16 WAR [path cam_3059f25c] [RTSP source] 5 decode errors, last was: received RTP packet with unknown payload type: 50
2026/09/29 08:27:16 WAR [path cam_5064cd2c] [RTSP source] 5 decode errors, last was: received RTP packet with unknown payload type: 50
2026/09/29 08:27:17 WAR [path cam_5064cd2c] [RTSP source] 5 decode errors, last was: received RTP packet with unknown payload type: 50
2026/09/29 08:27:17 WAR [path cam_3059f25c] [RTSP source] 5 decode errors, last was: received RTP packet with unknown payload type: 50
2026/09/29 08:27:18 WAR [path cam_5064cd2c] [RTSP source] 5 decode errors, last was: received RTP packet with unknown payload type: 50
2026/09/29 08:27:18 WAR [path cam_3059f25c] [RTSP source] 5 decode errors, last was: received RTP packet with unknown payload type: 50
2026/09/29 08:27:19 WAR [path cam_5064cd2c] [RTSP source] 5 decode errors, last was: received RTP packet with unknown payload type: 50
2026/09/29 08:27:19 WAR [path cam_3059f25c] [RTSP source] 5 decode errors, last was: received RTP packet with unknown payload type: 50
2026/09/29 08:27:20 WAR [path cam_5064cd2c] [RTSP source] 5 decode errors, last was: received RTP packet with unknown payload type: 50
2026/09/29 08:27:20 WAR [path cam_3059f25c] [RTSP source] 5 decode errors, last was: received RTP packet with unknown payload type: 50
2026/09/29 08:27:21 WAR [path cam_5064cd2c] [RTSP source] 5 decode errors, last was: received RTP packet with unknown payload type: 50
2026/09/29 08:27:21 WAR [path cam_3059f25c] [RTSP source] 5 decode errors, last was: received RTP packet with unknown payload type: 50
2026/09/29 08:27:22 WAR [path cam_5064cd2c] [RTSP source] 5 decode errors, last was: received RTP packet with unknown payload type: 50
2026/09/29 08:27:22 WAR [path cam_3059f25c] [RTSP source] 5 decode errors, last was: received RTP packet with unknown payload type: 50
2026/09/29 08:27:23 WAR [path cam_3059f25c] [RTSP source] 5 decode errors, last was: received RTP packet with unknown payload type: 50
2026/09/29 08:27:23 WAR [path cam_5064cd2c] [RTSP source] 5 decode errors, last was: received RTP packet with unknown payload type: 50
2026/09/29 08:27:24 WAR [path cam_5064cd2c] [RTSP source] 5 decode errors, last was: received RTP packet with unknown payload type: 50
2026/09/29 08:27:24 WAR [path cam_3059f25c] [RTSP source] 5 decode errors, last was: received RTP packet with unknown payload type: 50
2026/09/29 08:27:25 WAR [path cam_5064cd2c] [RTSP source] 5 decode errors, last was: received RTP packet with unknown payload type: 50
2026/09/29 08:27:25 WAR [path cam_3059f25c] [RTSP source] 5 decode errors, last was: received RTP packet with unknown payload type: 50
2026/09/29 08:27:26 WAR [path cam_5064cd2c] [RTSP source] 5 decode errors, last was: received RTP packet with unknown payload type: 50
2026/09/29 08:27:26 WAR [path cam_3059f25c] [RTSP source] 5 decode errors, last was: received RTP packet with unknown payload type: 50
2026/09/29 08:27:27 WAR [path cam_3059f25c] [RTSP source] 5 decode errors, last was: received RTP packet with unknown payload type: 50
2026/09/29 08:27:27 WAR [path cam_5064cd2c] [RTSP source] 5 decode errors, last was: received RTP packet with unknown payload type: 50
2026/09/29 08:27:27 ERR [path cam_1e437edf] [recorder] detected drift between recording duration and absolute time, resetting
2026/09/29 08:27:28 WAR [path cam_5064cd2c] [RTSP source] 5 decode errors, last was: received RTP packet with unknown payload type: 50
2026/09/29 08:27:28 WAR [path cam_3059f25c] [RTSP source] 5 decode errors, last was: received RTP packet with unknown payload type: 50
2026/09/29 08:27:29 WAR [path cam_3059f25c] [RTSP source] 5 decode errors, last was: received RTP packet with unknown payload type: 50
2026/09/29 08:27:29 WAR [path cam_5064cd2c] [RTSP source] 5 decode errors, last was: received RTP packet with unknown payload type: 50
2026/09/29 08:27:29 WAR [path cam_1e437edf] [recorder] skipping track 2 (Generic)
2026/09/29 08:27:29 INF [path cam_1e437edf] [recorder] recording 1 track (H265)
2026/09/29 08:27:30 WAR [path cam_3059f25c] [RTSP source] 5 decode errors, last was: received RTP packet with unknown payload type: 50
2026/09/29 08:27:30 WAR [path cam_5064cd2c] [RTSP source] 5 decode errors, last was: received RTP packet with unknown payload type: 50
2026/09/29 08:27:31 WAR [path cam_3059f25c] [RTSP source] 5 decode errors, last was: received RTP packet with unknown payload type: 50
2026/09/29 08:27:31 WAR [path cam_5064cd2c] [RTSP source] 5 decode errors, last was: received RTP packet with unknown payload type: 50
2026/09/29 08:27:32 WAR [path cam_3059f25c] [RTSP source] 5 decode errors, last was: received RTP packet with unknown payload type: 50
2026/09/29 08:27:32 WAR [path cam_5064cd2c] [RTSP source] 5 decode errors, last was: received RTP packet with unknown payload type: 50
2026/09/29 08:27:33 WAR [path cam_3059f25c] [RTSP source] 5 decode errors, last was: received RTP packet with unknown payload type: 50
2026/09/29 08:27:33 WAR [path cam_5064cd2c] [RTSP source] 5 decode errors, last was: received RTP packet with unknown payload type: 50
2026/09/29 08:27:34 WAR [path cam_3059f25c] [RTSP source] 5 decode errors, last was: received RTP packet with unknown payload type: 50
2026/09/29 08:27:34 WAR [path cam_5064cd2c] [RTSP source] 5 decode errors, last was: received RTP packet with unknown payload type: 50
2026/09/29 08:27:35 WAR [path cam_3059f25c] [RTSP source] 5 decode errors, last was: received RTP packet with unknown payload type: 50
2026/09/29 08:27:35 WAR [path cam_5064cd2c] [RTSP source] 5 decode errors, last was: received RTP packet with unknown payload type: 50
2026/09/29 08:27:36 WAR [path cam_3059f25c] [RTSP source] 5 decode errors, last was: received RTP packet with unknown payload type: 50
2026/09/29 08:27:36 WAR [path cam_5064cd2c] [RTSP source] 5 decode errors, last was: received RTP packet with unknown payload type: 50
2026/09/29 08:27:37 WAR [path cam_3059f25c] [RTSP source] 5 decode errors, last was: received RTP packet with unknown payload type: 50
2026/09/29 08:27:37 WAR [path cam_5064cd2c] [RTSP source] 5 decode errors, last was: received RTP packet with unknown payload type: 50
2026/09/29 08:27:38 WAR [path cam_5064cd2c] [RTSP source] 5 decode errors, last was: received RTP packet with unknown payload type: 50
2026/09/29 08:27:38 WAR [path cam_3059f25c] [RTSP source] 5 decode errors, last was: received RTP packet with unknown payload type: 50
2026/09/29 08:27:39 WAR [path cam_3059f25c] [RTSP source] 5 decode errors, last was: received RTP packet with unknown payload type: 50
2026/09/29 08:27:39 WAR [path cam_5064cd2c] [RTSP source] 5 decode errors, last was: received RTP packet with unknown payload type: 50
2026/09/29 08:27:40 WAR [path cam_3059f25c] [RTSP source] 5 decode errors, last was: received RTP packet with unknown payload type: 50
2026/09/29 08:27:40 WAR [path cam_5064cd2c] [RTSP source] 5 decode errors, last was: received RTP packet with unknown payload type: 50
2026/09/29 08:27:41 WAR [path cam_3059f25c] [RTSP source] 5 decode errors, last was: received RTP packet with unknown payload type: 50
2026/09/29 08:27:41 WAR [path cam_5064cd2c] [RTSP source] 5 decode errors, last was: received RTP packet with unknown payload type: 50
2026/09/29 08:27:42 WAR [path cam_5064cd2c] [RTSP source] 5 decode errors, last was: received RTP packet with unknown payload type: 50
2026/09/29 08:27:42 WAR [path cam_3059f25c] [RTSP source] 5 decode errors, last was: received RTP packet with unknown payload type: 50
2026/09/29 08:27:43 WAR [path cam_3059f25c] [RTSP source] 5 decode errors, last was: received RTP packet with unknown payload type: 50
2026/09/29 08:27:43 WAR [path cam_5064cd2c] [RTSP source] 5 decode errors, last was: received RTP packet with unknown payload type: 50
2026/09/29 08:27:44 WAR [path cam_3059f25c] [RTSP source] 5 decode errors, last was: received RTP packet with unknown payload type: 50
2026/09/29 08:27:44 WAR [path cam_5064cd2c] [RTSP source] 5 decode errors, last was: received RTP packet with unknown payload type: 50
2026/09/29 08:27:45 WAR [path cam_5064cd2c] [RTSP source] 5 decode errors, last was: received RTP packet with unknown payload type: 50
2026/09/29 08:27:45 WAR [path cam_3059f25c] [RTSP source] 5 decode errors, last was: received RTP packet with unknown payload type: 50
2026/09/29 08:27:46 WAR [path cam_5064cd2c] [RTSP source] 5 decode errors, last was: received RTP packet with unknown payload type: 50
2026/09/29 08:27:46 WAR [path cam_3059f25c] [RTSP source] 5 decode errors, last was: received RTP packet with unknown payload type: 50
2026/09/29 08:27:47 WAR [path cam_3059f25c] [RTSP source] 5 decode errors, last was: received RTP packet with unknown payload type: 50
2026/09/29 08:27:47 WAR [path cam_5064cd2c] [RTSP source] 5 decode errors, last was: received RTP packet with unknown payload type: 50
2026/09/29 08:27:48 WAR [path cam_3059f25c] [RTSP source] 5 decode errors, last was: received RTP packet with unknown payload type: 50
2026/09/29 08:27:48 WAR [path cam_5064cd2c] [RTSP source] 5 decode errors, last was: received RTP packet with unknown payload type: 50
2026/09/29 08:27:49 WAR [path cam_5064cd2c] [RTSP source] 5 decode errors, last was: received RTP packet with unknown payload type: 50
2026/09/29 08:27:49 WAR [path cam_3059f25c] [RTSP source] 5 decode errors, last was: received RTP packet with unknown payload type: 50
2026/09/29 08:27:50 WAR [path cam_5064cd2c] [RTSP source] 5 decode errors, last was: received RTP packet with unknown payload type: 50
2026/09/29 08:27:50 WAR [path cam_3059f25c] [RTSP source] 5 decode errors, last was: received RTP packet with unknown payload type: 50
2026/09/29 08:27:51 WAR [path cam_5064cd2c] [RTSP source] 5 decode errors, last was: received RTP packet with unknown payload type: 50
2026/09/29 08:27:51 WAR [path cam_3059f25c] [RTSP source] 5 decode errors, last was: received RTP packet with unknown payload type: 50
2026/09/29 08:27:52 WAR [path cam_5064cd2c] [RTSP source] 5 decode errors, last was: received RTP packet with unknown payload type: 50
2026/09/29 08:27:52 WAR [path cam_3059f25c] [RTSP source] 5 decode errors, last was: received RTP packet with unknown payload type: 50
2026/09/29 08:27:53 WAR [path cam_3059f25c] [RTSP source] 5 decode errors, last was: received RTP packet with unknown payload type: 50
2026/09/29 08:27:53 WAR [path cam_5064cd2c] [RTSP source] 5 decode errors, last was: received RTP packet with unknown payload type: 50
2026/09/29 08:27:54 WAR [path cam_3059f25c] [RTSP source] 5 decode errors, last was: received RTP packet with unknown payload type: 50
2026/09/29 08:27:54 WAR [path cam_5064cd2c] [RTSP source] 5 decode errors, last was: received RTP packet with unknown payload type: 50
2026/09/29 08:27:55 WAR [path cam_3059f25c] [RTSP source] 5 decode errors, last was: received RTP packet with unknown payload type: 50
2026/09/29 08:27:55 WAR [path cam_5064cd2c] [RTSP source] 5 decode errors, last was: received RTP packet with unknown payload type: 50
2026/09/29 08:27:56 WAR [path cam_3059f25c] [RTSP source] 5 decode errors, last was: received RTP packet with unknown payload type: 50
2026/09/29 08:27:56 WAR [path cam_5064cd2c] [RTSP source] 5 decode errors, last was: received RTP packet with unknown payload type: 50
2026/09/29 08:27:57 WAR [path cam_3059f25c] [RTSP source] 5 decode errors, last was: received RTP packet with unknown payload type: 50
2026/09/29 08:27:57 WAR [path cam_5064cd2c] [RTSP source] 5 decode errors, last was: received RTP packet with unknown payload type: 50
2026/09/29 08:27:58 WAR [path cam_3059f25c] [RTSP source] 5 decode errors, last was: received RTP packet with unknown payload type: 50
2026/09/29 08:27:58 WAR [path cam_5064cd2c] [RTSP source] 5 decode errors, last was: received RTP packet with unknown payload type: 50
2026/09/29 08:27:59 WAR [path cam_5064cd2c] [RTSP source] 5 decode errors, last was: received RTP packet with unknown payload type: 50
2026/09/29 08:27:59 WAR [path cam_3059f25c] [RTSP source] 5 decode errors, last was: received RTP packet with unknown payload type: 50
2026/09/29 08:28:00 WAR [path cam_3059f25c] [RTSP source] 5 decode errors, last was: received RTP packet with unknown payload type: 50
2026/09/29 08:28:00 WAR [path cam_5064cd2c] [RTSP source] 5 decode errors, last was: received RTP packet with unknown payload type: 50
2026/09/29 08:28:01 WAR [path cam_3059f25c] [RTSP source] 5 decode errors, last was: received RTP packet with unknown payload type: 50
2026/09/29 08:28:01 WAR [path cam_5064cd2c] [RTSP source] 5 decode errors, last was: received RTP packet with unknown payload type: 50
2026/09/29 08:28:02 WAR [path cam_5064cd2c] [RTSP source] 5 decode errors, last was: received RTP packet with unknown payload type: 50
2026/09/29 08:28:02 WAR [path cam_3059f25c] [RTSP source] 5 decode errors, last was: received RTP packet with unknown payload type: 50
2026/09/29 08:28:03 WAR [path cam_3059f25c] [RTSP source] 5 decode errors, last was: received RTP packet with unknown payload type: 50
2026/09/29 08:28:03 WAR [path cam_5064cd2c] [RTSP source] 5 decode errors, last was: received RTP packet with unknown payload type: 50
2026/09/29 08:28:04 WAR [path cam_5064cd2c] [RTSP source] 5 decode errors, last was: received RTP packet with unknown payload type: 50
2026/09/29 08:28:04 WAR [path cam_3059f25c] [RTSP source] 5 decode errors, last was: received RTP packet with unknown payload type: 50
2026/09/29 08:28:05 WAR [path cam_3059f25c] [RTSP source] 5 decode errors, last was: received RTP packet with unknown payload type: 50
2026/09/29 08:28:05 WAR [path cam_5064cd2c] [RTSP source] 5 decode errors, last was: received RTP packet with unknown payload type: 50
2026/09/29 08:28:06 WAR [path cam_3059f25c] [RTSP source] 5 decode errors, last was: received RTP packet with unknown payload type: 50
2026/09/29 08:28:06 WAR [path cam_5064cd2c] [RTSP source] 5 decode errors, last was: received RTP packet with unknown payload type: 50
2026/09/29 08:28:07 WAR [path cam_5064cd2c] [RTSP source] 5 decode errors, last was: received RTP packet with unknown payload type: 50
2026/09/29 08:28:07 WAR [path cam_3059f25c] [RTSP source] 5 decode errors, last was: received RTP packet with unknown payload type: 50
2026/09/29 08:28:08 WAR [path cam_3059f25c] [RTSP source] 5 decode errors, last was: received RTP packet with unknown payload type: 50
2026/09/29 08:28:08 WAR [path cam_5064cd2c] [RTSP source] 5 decode errors, last was: received RTP packet with unknown payload type: 50
2026/09/29 08:28:09 WAR [path cam_5064cd2c] [RTSP source] 5 decode errors, last was: received RTP packet with unknown payload type: 50
2026/09/29 08:28:09 WAR [path cam_3059f25c] [RTSP source] 5 decode errors, last was: received RTP packet with unknown payload type: 50
2026/09/29 08:28:10 WAR [path cam_5064cd2c] [RTSP source] 5 decode errors, last was: received RTP packet with unknown payload type: 50
2026/09/29 08:28:10 WAR [path cam_3059f25c] [RTSP source] 5 decode errors, last was: received RTP packet with unknown payload type: 50
2026/09/29 08:28:11 WAR [path cam_5064cd2c] [RTSP source] 5 decode errors, last was: received RTP packet with unknown payload type: 50
2026/09/29 08:28:11 WAR [path cam_3059f25c] [RTSP source] 5 decode errors, last was: received RTP packet with unknown payload type: 50
2026/09/29 08:28:12 WAR [path cam_5064cd2c] [RTSP source] 5 decode errors, last was: received RTP packet with unknown payload type: 50
2026/09/29 08:28:12 WAR [path cam_3059f25c] [RTSP source] 5 decode errors, last was: received RTP packet with unknown payload type: 50
2026/09/29 08:28:13 WAR [path cam_5064cd2c] [RTSP source] 5 decode errors, last was: received RTP packet with unknown payload type: 50
2026/09/29 08:28:13 WAR [path cam_3059f25c] [RTSP source] 5 decode errors, last was: received RTP packet with unknown payload type: 50
2026/09/29 08:28:14 WAR [path cam_3059f25c] [RTSP source] 5 decode errors, last was: received RTP packet with unknown payload type: 50
2026/09/29 08:28:14 WAR [path cam_5064cd2c] [RTSP source] 5 decode errors, last was: received RTP packet with unknown payload type: 50
2026/09/29 08:28:15 WAR [path cam_3059f25c] [RTSP source] 5 decode errors, last was: received RTP packet with unknown payload type: 50
2026/09/29 08:28:15 WAR [path cam_5064cd2c] [RTSP source] 5 decode errors, last was: received RTP packet with unknown payload type: 50
2026/09/29 08:28:16 WAR [path cam_3059f25c] [RTSP source] 5 decode errors, last was: received RTP packet with unknown payload type: 50
2026/09/29 08:28:16 WAR [path cam_5064cd2c] [RTSP source] 5 decode errors, last was: received RTP packet with unknown payload type: 50
2026/09/29 08:28:17 WAR [path cam_5064cd2c] [RTSP source] 5 decode errors, last was: received RTP packet with unknown payload type: 50
2026/09/29 08:28:17 WAR [path cam_3059f25c] [RTSP source] 5 decode errors, last was: received RTP packet with unknown payload type: 50
2026/09/29 08:28:18 WAR [path cam_3059f25c] [RTSP source] 5 decode errors, last was: received RTP packet with unknown payload type: 50
2026/09/29 08:28:18 WAR [path cam_5064cd2c] [RTSP source] 5 decode errors, last was: received RTP packet with unknown payload type: 50
2026/09/29 08:28:19 WAR [path cam_3059f25c] [RTSP source] 5 decode errors, last was: received RTP packet with unknown payload type: 50
2026/09/29 08:28:19 WAR [path cam_5064cd2c] [RTSP source] 5 decode errors, last was: received RTP packet with unknown payload type: 50
2026/09/29 08:28:20 WAR [path cam_5064cd2c] [RTSP source] 5 decode errors, last was: received RTP packet with unknown payload type: 50
2026/09/29 08:28:20 WAR [path cam_3059f25c] [RTSP source] 5 decode errors, last was: received RTP packet with unknown payload type: 50
2026/09/29 08:28:21 WAR [path cam_5064cd2c] [RTSP source] 5 decode errors, last was: received RTP packet with unknown payload type: 50
2026/09/29 08:28:21 WAR [path cam_3059f25c] [RTSP source] 5 decode errors, last was: received RTP packet with unknown payload type: 50
2026/09/29 08:28:22 WAR [path cam_3059f25c] [RTSP source] 5 decode errors, last was: received RTP packet with unknown payload type: 50
2026/09/29 08:28:22 WAR [path cam_5064cd2c] [RTSP source] 5 decode errors, last was: received RTP packet with unknown payload type: 50
2026/09/29 08:28:23 WAR [path cam_3059f25c] [RTSP source] 5 decode errors, last was: received RTP packet with unknown payload type: 50
2026/09/29 08:28:23 WAR [path cam_5064cd2c] [RTSP source] 5 decode errors, last was: received RTP packet with unknown payload type: 50
2026/09/29 08:28:24 WAR [path cam_3059f25c] [RTSP source] 5 decode errors, last was: received RTP packet with unknown payload type: 50
2026/09/29 08:28:24 WAR [path cam_5064cd2c] [RTSP source] 5 decode errors, last was: received RTP packet with unknown payload type: 50
2026/09/29 08:28:25 WAR [path cam_3059f25c] [RTSP source] 5 decode errors, last was: received RTP packet with unknown payload type: 50
2026/09/29 08:28:25 WAR [path cam_5064cd2c] [RTSP source] 5 decode errors, last was: received RTP packet with unknown payload type: 50
2026/09/29 08:28:26 WAR [path cam_3059f25c] [RTSP source] 5 decode errors, last was: received RTP packet with unknown payload type: 50
2026/09/29 08:28:26 WAR [path cam_5064cd2c] [RTSP source] 5 decode errors, last was: received RTP packet with unknown payload type: 50
2026/09/29 08:28:27 WAR [path cam_5064cd2c] [RTSP source] 5 decode errors, last was: received RTP packet with unknown payload type: 50
2026/09/29 08:28:27 WAR [path cam_3059f25c] [RTSP source] 5 decode errors, last was: received RTP packet with unknown payload type: 50
2026/09/29 08:28:28 WAR [path cam_3059f25c] [RTSP source] 5 decode errors, last was: received RTP packet with unknown payload type: 50
2026/09/29 08:28:28 WAR [path cam_5064cd2c] [RTSP source] 5 decode errors, last was: received RTP packet with unknown payload type: 50
2026/09/29 08:28:29 WAR [path cam_3059f25c] [RTSP source] 5 decode errors, last was: received RTP packet with unknown payload type: 50
2026/09/29 08:28:29 WAR [path cam_5064cd2c] [RTSP source] 5 decode errors, last was: received RTP packet with unknown payload type: 50
2026/09/29 08:28:30 WAR [path cam_5064cd2c] [RTSP source] 5 decode errors, last was: received RTP packet with unknown payload type: 50
2026/09/29 08:28:30 WAR [path cam_3059f25c] [RTSP source] 5 decode errors, last was: received RTP packet with unknown payload type: 50
2026/09/29 08:28:31 WAR [path cam_5064cd2c] [RTSP source] 5 decode errors, last was: received RTP packet with unknown payload type: 50
2026/09/29 08:28:31 WAR [path cam_3059f25c] [RTSP source] 5 decode errors, last was: received RTP packet with unknown payload type: 50
2026/09/29 08:28:32 WAR [path cam_5064cd2c] [RTSP source] 5 decode errors, last was: received RTP packet with unknown payload type: 50
2026/09/29 08:28:32 WAR [path cam_3059f25c] [RTSP source] 5 decode errors, last was: received RTP packet with unknown payload type: 50
2026/09/29 08:28:33 WAR [path cam_3059f25c] [RTSP source] 5 decode errors, last was: received RTP packet with unknown payload type: 50
2026/09/29 08:28:33 WAR [path cam_5064cd2c] [RTSP source] 5 decode errors, last was: received RTP packet with unknown payload type: 50
2026/09/29 08:28:34 WAR [path cam_5064cd2c] [RTSP source] 5 decode errors, last was: received RTP packet with unknown payload type: 50
2026/09/29 08:28:34 WAR [path cam_3059f25c] [RTSP source] 5 decode errors, last was: received RTP packet with unknown payload type: 50
2026/09/29 08:28:35 WAR [path cam_5064cd2c] [RTSP source] 5 decode errors, last was: received RTP packet with unknown payload type: 50
2026/09/29 08:28:35 WAR [path cam_3059f25c] [RTSP source] 5 decode errors, last was: received RTP packet with unknown payload type: 50
2026/09/29 08:28:36 WAR [path cam_5064cd2c] [RTSP source] 5 decode errors, last was: received RTP packet with unknown payload type: 50
2026/09/29 08:28:36 WAR [path cam_3059f25c] [RTSP source] 5 decode errors, last was: received RTP packet with unknown payload type: 50
2026/09/29 08:28:37 WAR [path cam_3059f25c] [RTSP source] 5 decode errors, last was: received RTP packet with unknown payload type: 50
2026/09/29 08:28:37 WAR [path cam_5064cd2c] [RTSP source] 5 decode errors, last was: received RTP packet with unknown payload type: 50
2026/09/29 08:28:38 WAR [path cam_5064cd2c] [RTSP source] 5 decode errors, last was: received RTP packet with unknown payload type: 50
2026/09/29 08:28:38 WAR [path cam_3059f25c] [RTSP source] 5 decode errors, last was: received RTP packet with unknown payload type: 50
2026/09/29 08:28:39 WAR [path cam_3059f25c] [RTSP source] 5 decode errors, last was: received RTP packet with unknown payload type: 50
2026/09/29 08:28:39 WAR [path cam_5064cd2c] [RTSP source] 5 decode errors, last was: received RTP packet with unknown payload type: 50
2026/09/29 08:28:40 WAR [path cam_3059f25c] [RTSP source] 5 decode errors, last was: received RTP packet with unknown payload type: 50
2026/09/29 08:28:40 WAR [path cam_5064cd2c] [RTSP source] 5 decode errors, last was: received RTP packet with unknown payload type: 50
2026/09/29 08:28:41 WAR [path cam_3059f25c] [RTSP source] 5 decode errors, last was: received RTP packet with unknown payload type: 50
2026/09/29 08:28:41 WAR [path cam_5064cd2c] [RTSP source] 5 decode errors, last was: received RTP packet with unknown payload type: 50
2026/09/29 08:28:42 WAR [path cam_5064cd2c] [RTSP source] 5 decode errors, last was: received RTP packet with unknown payload type: 50
2026/09/29 08:28:42 WAR [path cam_3059f25c] [RTSP source] 5 decode errors, last was: received RTP packet with unknown payload type: 50
2026/09/29 08:28:43 WAR [path cam_3059f25c] [RTSP source] 5 decode errors, last was: received RTP packet with unknown payload type: 50
2026/09/29 08:28:43 WAR [path cam_5064cd2c] [RTSP source] 5 decode errors, last was: received RTP packet with unknown payload type: 50
2026/09/29 08:28:44 WAR [path cam_5064cd2c] [RTSP source] 5 decode errors, last was: received RTP packet with unknown payload type: 50
2026/09/29 08:28:44 WAR [path cam_3059f25c] [RTSP source] 5 decode errors, last was: received RTP packet with unknown payload type: 50
2026/09/29 08:28:45 WAR [path cam_5064cd2c] [RTSP source] 5 decode errors, last was: received RTP packet with unknown payload type: 50
2026/09/29 08:28:45 WAR [path cam_3059f25c] [RTSP source] 5 decode errors, last was: received RTP packet with unknown payload type: 50
2026/09/29 08:28:46 WAR [path cam_5064cd2c] [RTSP source] 5 decode errors, last was: received RTP packet with unknown payload type: 50
2026/09/29 08:28:46 WAR [path cam_3059f25c] [RTSP source] 5 decode errors, last was: received RTP packet with unknown payload type: 50
2026/09/29 08:28:47 WAR [path cam_5064cd2c] [RTSP source] 5 decode errors, last was: received RTP packet with unknown payload type: 50
2026/09/29 08:28:47 WAR [path cam_3059f25c] [RTSP source] 5 decode errors, last was: received RTP packet with unknown payload type: 50
2026/09/29 08:28:48 WAR [path cam_3059f25c] [RTSP source] 5 decode errors, last was: received RTP packet with unknown payload type: 50
2026/09/29 08:28:48 WAR [path cam_5064cd2c] [RTSP source] 5 decode errors, last was: received RTP packet with unknown payload type: 50
2026/09/29 08:28:49 WAR [path cam_3059f25c] [RTSP source] 5 decode errors, last was: received RTP packet with unknown payload type: 50
2026/09/29 08:28:49 WAR [path cam_5064cd2c] [RTSP source] 5 decode errors, last was: received RTP packet with unknown payload type: 50
2026/09/29 08:28:50 WAR [path cam_3059f25c] [RTSP source] 5 decode errors, last was: received RTP packet with unknown payload type: 50
2026/09/29 08:28:50 WAR [path cam_5064cd2c] [RTSP source] 5 decode errors, last was: received RTP packet with unknown payload type: 50
2026/09/29 08:28:51 WAR [path cam_3059f25c] [RTSP source] 5 decode errors, last was: received RTP packet with unknown payload type: 50
2026/09/29 08:28:51 WAR [path cam_5064cd2c] [RTSP source] 5 decode errors, last was: received RTP packet with unknown payload type: 50
2026/09/29 08:28:52 WAR [path cam_5064cd2c] [RTSP source] 5 decode errors, last was: received RTP packet with unknown payload type: 50
2026/09/29 08:28:52 WAR [path cam_3059f25c] [RTSP source] 5 decode errors, last was: received RTP packet with unknown payload type: 50
2026/09/29 08:28:53 WAR [path cam_5064cd2c] [RTSP source] 5 decode errors, last was: received RTP packet with unknown payload type: 50
2026/09/29 08:28:53 WAR [path cam_3059f25c] [RTSP source] 5 decode errors, last was: received RTP packet with unknown payload type: 50
2026/09/29 08:28:54 WAR [path cam_3059f25c] [RTSP source] 5 decode errors, last was: received RTP packet with unknown payload type: 50
2026/09/29 08:28:54 WAR [path cam_5064cd2c] [RTSP source] 5 decode errors, last was: received RTP packet with unknown payload type: 50
2026/09/29 08:28:55 WAR [path cam_5064cd2c] [RTSP source] 5 decode errors, last was: received RTP packet with unknown payload type: 50
2026/09/29 08:28:55 WAR [path cam_3059f25c] [RTSP source] 5 decode errors, last was: received RTP packet with unknown payload type: 50
2026/09/29 08:28:56 WAR [path cam_5064cd2c] [RTSP source] 5 decode errors, last was: received RTP packet with unknown payload type: 50
2026/09/29 08:28:56 WAR [path cam_3059f25c] [RTSP source] 5 decode errors, last was: received RTP packet with unknown payload type: 50
2026/09/29 08:28:57 WAR [path cam_3059f25c] [RTSP source] 5 decode errors, last was: received RTP packet with unknown payload type: 50
2026/09/29 08:28:57 WAR [path cam_5064cd2c] [RTSP source] 5 decode errors, last was: received RTP packet with unknown payload type: 50
2026/09/29 08:28:58 WAR [path cam_3059f25c] [RTSP source] 5 decode errors, last was: received RTP packet with unknown payload type: 50
2026/09/29 08:28:58 WAR [path cam_5064cd2c] [RTSP source] 5 decode errors, last was: received RTP packet with unknown payload type: 50
2026/09/29 08:28:59 WAR [path cam_3059f25c] [RTSP source] 5 decode errors, last was: received RTP packet with unknown payload type: 50
2026/09/29 08:28:59 WAR [path cam_5064cd2c] [RTSP source] 5 decode errors, last was: received RTP packet with unknown payload type: 50
2026/09/29 08:29:00 WAR [path cam_3059f25c] [RTSP source] 5 decode errors, last was: received RTP packet with unknown payload type: 50
2026/09/29 08:29:00 WAR [path cam_5064cd2c] [RTSP source] 5 decode errors, last was: received RTP packet with unknown payload type: 50
2026/09/29 08:29:01 WAR [path cam_3059f25c] [RTSP source] 5 decode errors, last was: received RTP packet with unknown payload type: 50
2026/09/29 08:29:01 WAR [path cam_5064cd2c] [RTSP source] 5 decode errors, last was: received RTP packet with unknown payload type: 50
2026/09/29 08:29:02 WAR [path cam_3059f25c] [RTSP source] 5 decode errors, last was: received RTP packet with unknown payload type: 50
2026/09/29 08:29:02 WAR [path cam_5064cd2c] [RTSP source] 5 decode errors, last was: received RTP packet with unknown payload type: 50
2026/09/29 08:29:03 WAR [path cam_5064cd2c] [RTSP source] 5 decode errors, last was: received RTP packet with unknown payload type: 50
2026/09/29 08:29:03 WAR [path cam_3059f25c] [RTSP source] 5 decode errors, last was: received RTP packet with unknown payload type: 50
2026/09/29 08:29:04 WAR [path cam_3059f25c] [RTSP source] 5 decode errors, last was: received RTP packet with unknown payload type: 50
2026/09/29 08:29:04 WAR [path cam_5064cd2c] [RTSP source] 5 decode errors, last was: received RTP packet with unknown payload type: 50
2026/09/29 08:29:05 WAR [path cam_3059f25c] [RTSP source] 5 decode errors, last was: received RTP packet with unknown payload type: 50
2026/09/29 08:29:05 WAR [path cam_5064cd2c] [RTSP source] 5 decode errors, last was: received RTP packet with unknown payload type: 50
2026/09/29 08:29:06 WAR [path cam_3059f25c] [RTSP source] 5 decode errors, last was: received RTP packet with unknown payload type: 50
2026/09/29 08:29:06 WAR [path cam_5064cd2c] [RTSP source] 5 decode errors, last was: received RTP packet with unknown payload type: 50
2026/09/29 08:29:07 WAR [path cam_3059f25c] [RTSP source] 5 decode errors, last was: received RTP packet with unknown payload type: 50
2026/09/29 08:29:07 WAR [path cam_5064cd2c] [RTSP source] 5 decode errors, last was: received RTP packet with unknown payload type: 50
2026/09/29 08:29:08 WAR [path cam_3059f25c] [RTSP source] 5 decode errors, last was: received RTP packet with unknown payload type: 50
2026/09/29 08:29:08 WAR [path cam_5064cd2c] [RTSP source] 5 decode errors, last was: received RTP packet with unknown payload type: 50
2026/09/29 08:29:09 WAR [path cam_5064cd2c] [RTSP source] 5 decode errors, last was: received RTP packet with unknown payload type: 50
2026/09/29 08:29:09 WAR [path cam_3059f25c] [RTSP source] 5 decode errors, last was: received RTP packet with unknown payload type: 50
2026/09/29 08:29:10 WAR [path cam_3059f25c] [RTSP source] 5 decode errors, last was: received RTP packet with unknown payload type: 50
2026/09/29 08:29:10 WAR [path cam_5064cd2c] [RTSP source] 5 decode errors, last was: received RTP packet with unknown payload type: 50
2026/09/29 08:29:11 WAR [path cam_5064cd2c] [RTSP source] 5 decode errors, last was: received RTP packet with unknown payload type: 50
2026/09/29 08:29:11 WAR [path cam_3059f25c] [RTSP source] 5 decode errors, last was: received RTP packet with unknown payload type: 50
2026/09/29 08:29:12 WAR [path cam_3059f25c] [RTSP source] 5 decode errors, last was: received RTP packet with unknown payload type: 50
2026/09/29 08:29:12 WAR [path cam_5064cd2c] [RTSP source] 5 decode errors, last was: received RTP packet with unknown payload type: 50
2026/09/29 08:29:13 WAR [path cam_3059f25c] [RTSP source] 5 decode errors, last was: received RTP packet with unknown payload type: 50
2026/09/29 08:29:13 WAR [path cam_5064cd2c] [RTSP source] 5 decode errors, last was: received RTP packet with unknown payload type: 50
2026/09/29 08:29:14 WAR [path cam_5064cd2c] [RTSP source] 5 decode errors, last was: received RTP packet with unknown payload type: 50
2026/09/29 08:29:14 WAR [path cam_3059f25c] [RTSP source] 5 decode errors, last was: received RTP packet with unknown payload type: 50
2026/09/29 08:29:15 WAR [path cam_5064cd2c] [RTSP source] 5 decode errors, last was: received RTP packet with unknown payload type: 50
2026/09/29 08:29:15 WAR [path cam_3059f25c] [RTSP source] 5 decode errors, last was: received RTP packet with unknown payload type: 50
2026/09/29 08:29:16 WAR [path cam_5064cd2c] [RTSP source] 5 decode errors, last was: received RTP packet with unknown payload type: 50
2026/09/29 08:29:16 WAR [path cam_3059f25c] [RTSP source] 5 decode errors, last was: received RTP packet with unknown payload type: 50
2026/09/29 08:29:17 WAR [path cam_5064cd2c] [RTSP source] 5 decode errors, last was: received RTP packet with unknown payload type: 50
2026/09/29 08:29:17 WAR [path cam_3059f25c] [RTSP source] 5 decode errors, last was: received RTP packet with unknown payload type: 50
2026/09/29 08:29:18 WAR [path cam_3059f25c] [RTSP source] 5 decode errors, last was: received RTP packet with unknown payload type: 50
2026/09/29 08:29:18 WAR [path cam_5064cd2c] [RTSP source] 5 decode errors, last was: received RTP packet with unknown payload type: 50
2026/09/29 08:29:19 WAR [path cam_3059f25c] [RTSP source] 5 decode errors, last was: received RTP packet with unknown payload type: 50
2026/09/29 08:29:19 WAR [path cam_5064cd2c] [RTSP source] 5 decode errors, last was: received RTP packet with unknown payload type: 50
2026/09/29 08:29:20 WAR [path cam_3059f25c] [RTSP source] 5 decode errors, last was: received RTP packet with unknown payload type: 50
2026/09/29 08:29:20 WAR [path cam_5064cd2c] [RTSP source] 5 decode errors, last was: received RTP packet with unknown payload type: 50
2026/09/29 08:29:21 WAR [path cam_5064cd2c] [RTSP source] 5 decode errors, last was: received RTP packet with unknown payload type: 50
2026/09/29 08:29:21 WAR [path cam_3059f25c] [RTSP source] 5 decode errors, last was: received RTP packet with unknown payload type: 50
2026/09/29 08:29:22 WAR [path cam_5064cd2c] [RTSP source] 5 decode errors, last was: received RTP packet with unknown payload type: 50
2026/09/29 08:29:22 WAR [path cam_3059f25c] [RTSP source] 5 decode errors, last was: received RTP packet with unknown payload type: 50
2026/09/29 08:29:23 WAR [path cam_3059f25c] [RTSP source] 5 decode errors, last was: received RTP packet with unknown payload type: 50
2026/09/29 08:29:23 WAR [path cam_5064cd2c] [RTSP source] 5 decode errors, last was: received RTP packet with unknown payload type: 50
2026/09/29 08:29:24 WAR [path cam_3059f25c] [RTSP source] 5 decode errors, last was: received RTP packet with unknown payload type: 50
2026/09/29 08:29:24 WAR [path cam_5064cd2c] [RTSP source] 5 decode errors, last was: received RTP packet with unknown payload type: 50
2026/09/29 08:29:25 WAR [path cam_5064cd2c] [RTSP source] 5 decode errors, last was: received RTP packet with unknown payload type: 50
2026/09/29 08:29:25 WAR [path cam_3059f25c] [RTSP source] 5 decode errors, last was: received RTP packet with unknown payload type: 50
2026/09/29 08:29:26 WAR [path cam_3059f25c] [RTSP source] 5 decode errors, last was: received RTP packet with unknown payload type: 50
2026/09/29 08:29:26 WAR [path cam_5064cd2c] [RTSP source] 5 decode errors, last was: received RTP packet with unknown payload type: 50
2026/09/29 08:29:27 WAR [path cam_3059f25c] [RTSP source] 5 decode errors, last was: received RTP packet with unknown payload type: 50
2026/09/29 08:29:27 WAR [path cam_5064cd2c] [RTSP source] 5 decode errors, last was: received RTP packet with unknown payload type: 50
2026/09/29 08:29:28 WAR [path cam_3059f25c] [RTSP source] 5 decode errors, last was: received RTP packet with unknown payload type: 50
2026/09/29 08:29:28 WAR [path cam_5064cd2c] [RTSP source] 5 decode errors, last was: received RTP packet with unknown payload type: 50
2026/09/29 08:29:29 WAR [path cam_5064cd2c] [RTSP source] 5 decode errors, last was: received RTP packet with unknown payload type: 50
2026/09/29 08:29:29 WAR [path cam_3059f25c] [RTSP source] 5 decode errors, last was: received RTP packet with unknown payload type: 50
2026/09/29 08:29:30 WAR [path cam_5064cd2c] [RTSP source] 5 decode errors, last was: received RTP packet with unknown payload type: 50
2026/09/29 08:29:30 WAR [path cam_3059f25c] [RTSP source] 5 decode errors, last was: received RTP packet with unknown payload type: 50
2026/09/29 08:29:31 WAR [path cam_5064cd2c] [RTSP source] 5 decode errors, last was: received RTP packet with unknown payload type: 50
2026/09/29 08:29:31 WAR [path cam_3059f25c] [RTSP source] 5 decode errors, last was: received RTP packet with unknown payload type: 50
2026/09/29 08:29:32 WAR [path cam_5064cd2c] [RTSP source] 5 decode errors, last was: received RTP packet with unknown payload type: 50
2026/09/29 08:29:32 WAR [path cam_3059f25c] [RTSP source] 5 decode errors, last was: received RTP packet with unknown payload type: 50
2026/09/29 08:29:33 WAR [path cam_5064cd2c] [RTSP source] 5 decode errors, last was: received RTP packet with unknown payload type: 50
2026/09/29 08:29:33 WAR [path cam_3059f25c] [RTSP source] 5 decode errors, last was: received RTP packet with unknown payload type: 50
2026/09/29 08:29:34 WAR [path cam_5064cd2c] [RTSP source] 5 decode errors, last was: received RTP packet with unknown payload type: 50
2026/09/29 08:29:34 WAR [path cam_3059f25c] [RTSP source] 5 decode errors, last was: received RTP packet with unknown payload type: 50
2026/09/29 08:29:35 WAR [path cam_5064cd2c] [RTSP source] 5 decode errors, last was: received RTP packet with unknown payload type: 50
2026/09/29 08:29:35 WAR [path cam_3059f25c] [RTSP source] 5 decode errors, last was: received RTP packet with unknown payload type: 50
2026/09/29 08:29:36 WAR [path cam_3059f25c] [RTSP source] 5 decode errors, last was: received RTP packet with unknown payload type: 50
2026/09/29 08:29:36 WAR [path cam_5064cd2c] [RTSP source] 5 decode errors, last was: received RTP packet with unknown payload type: 50
2026/09/29 08:29:37 WAR [path cam_3059f25c] [RTSP source] 5 decode errors, last was: received RTP packet with unknown payload type: 50
2026/09/29 08:29:37 WAR [path cam_5064cd2c] [RTSP source] 5 decode errors, last was: received RTP packet with unknown payload type: 50
2026/09/29 08:29:38 WAR [path cam_3059f25c] [RTSP source] 5 decode errors, last was: received RTP packet with unknown payload type: 50
2026/09/29 08:29:38 WAR [path cam_5064cd2c] [RTSP source] 5 decode errors, last was: received RTP packet with unknown payload type: 50
2026/09/29 08:29:39 WAR [path cam_5064cd2c] [RTSP source] 5 decode errors, last was: received RTP packet with unknown payload type: 50
2026/09/29 08:29:39 WAR [path cam_3059f25c] [RTSP source] 5 decode errors, last was: received RTP packet with unknown payload type: 50
2026/09/29 08:29:40 WAR [path cam_3059f25c] [RTSP source] 5 decode errors, last was: received RTP packet with unknown payload type: 50
2026/09/29 08:29:40 WAR [path cam_5064cd2c] [RTSP source] 5 decode errors, last was: received RTP packet with unknown payload type: 50
2026/09/29 08:29:41 WAR [path cam_3059f25c] [RTSP source] 5 decode errors, last was: received RTP packet with unknown payload type: 50
2026/09/29 08:29:41 WAR [path cam_5064cd2c] [RTSP source] 5 decode errors, last was: received RTP packet with unknown payload type: 50
2026/09/29 08:29:42 WAR [path cam_5064cd2c] [RTSP source] 5 decode errors, last was: received RTP packet with unknown payload type: 50
2026/09/29 08:29:42 WAR [path cam_3059f25c] [RTSP source] 5 decode errors, last was: received RTP packet with unknown payload type: 50
2026/09/29 08:29:43 WAR [path cam_5064cd2c] [RTSP source] 5 decode errors, last was: received RTP packet with unknown payload type: 50
2026/09/29 08:29:43 WAR [path cam_3059f25c] [RTSP source] 5 decode errors, last was: received RTP packet with unknown payload type: 50
2026/09/29 08:29:44 WAR [path cam_5064cd2c] [RTSP source] 5 decode errors, last was: received RTP packet with unknown payload type: 50
2026/09/29 08:29:44 WAR [path cam_3059f25c] [RTSP source] 5 decode errors, last was: received RTP packet with unknown payload type: 50
2026/09/29 08:29:45 WAR [path cam_5064cd2c] [RTSP source] 5 decode errors, last was: received RTP packet with unknown payload type: 50
2026/09/29 08:29:45 WAR [path cam_3059f25c] [RTSP source] 5 decode errors, last was: received RTP packet with unknown payload type: 50
2026/09/29 08:29:46 WAR [path cam_5064cd2c] [RTSP source] 5 decode errors, last was: received RTP packet with unknown payload type: 50
2026/09/29 08:29:46 WAR [path cam_3059f25c] [RTSP source] 5 decode errors, last was: received RTP packet with unknown payload type: 50
2026/09/29 08:29:47 WAR [path cam_3059f25c] [RTSP source] 5 decode errors, last was: received RTP packet with unknown payload type: 50
2026/09/29 08:29:47 WAR [path cam_5064cd2c] [RTSP source] 5 decode errors, last was: received RTP packet with unknown payload type: 50
2026/09/29 08:29:48 WAR [path cam_3059f25c] [RTSP source] 5 decode errors, last was: received RTP packet with unknown payload type: 50
2026/09/29 08:29:48 WAR [path cam_5064cd2c] [RTSP source] 5 decode errors, last was: received RTP packet with unknown payload type: 50
2026/09/29 08:29:49 WAR [path cam_3059f25c] [RTSP source] 5 decode errors, last was: received RTP packet with unknown payload type: 50
2026/09/29 08:29:49 WAR [path cam_5064cd2c] [RTSP source] 5 decode errors, last was: received RTP packet with unknown payload type: 50
2026/09/29 08:29:50 WAR [path cam_3059f25c] [RTSP source] 5 decode errors, last was: received RTP packet with unknown payload type: 50
2026/09/29 08:29:50 WAR [path cam_5064cd2c] [RTSP source] 5 decode errors, last was: received RTP packet with unknown payload type: 50
2026/09/29 08:29:51 WAR [path cam_3059f25c] [RTSP source] 5 decode errors, last was: received RTP packet with unknown payload type: 50
2026/09/29 08:29:51 WAR [path cam_5064cd2c] [RTSP source] 5 decode errors, last was: received RTP packet with unknown payload type: 50
2026/09/29 08:29:52 WAR [path cam_1e437edf] [RTSP source] 2 RTP packets lost
2026/09/29 08:29:52 WAR [path cam_3059f25c] [RTSP source] 5 decode errors, last was: received RTP packet with unknown payload type: 50
2026/09/29 08:29:52 WAR [path cam_5064cd2c] [RTSP source] 5 decode errors, last was: received RTP packet with unknown payload type: 50
2026/09/29 08:29:53 WAR [path cam_5064cd2c] [RTSP source] 5 decode errors, last was: received RTP packet with unknown payload type: 50
2026/09/29 08:29:53 WAR [path cam_3059f25c] [RTSP source] 5 decode errors, last was: received RTP packet with unknown payload type: 50
2026/09/29 08:29:54 WAR [path cam_3059f25c] [RTSP source] 5 decode errors, last was: received RTP packet with unknown payload type: 50
2026/09/29 08:29:54 WAR [path cam_5064cd2c] [RTSP source] 5 decode errors, last was: received RTP packet with unknown payload type: 50
2026/09/29 08:29:55 WAR [path cam_3059f25c] [RTSP source] 5 decode errors, last was: received RTP packet with unknown payload type: 50
2026/09/29 08:29:55 WAR [path cam_5064cd2c] [RTSP source] 5 decode errors, last was: received RTP packet with unknown payload type: 50
2026/09/29 08:29:56 WAR [path cam_5064cd2c] [RTSP source] 5 decode errors, last was: received RTP packet with unknown payload type: 50
2026/09/29 08:29:56 WAR [path cam_3059f25c] [RTSP source] 5 decode errors, last was: received RTP packet with unknown payload type: 50
2026/09/29 08:29:57 WAR [path cam_5064cd2c] [RTSP source] 5 decode errors, last was: received RTP packet with unknown payload type: 50
2026/09/29 08:29:57 WAR [path cam_3059f25c] [RTSP source] 5 decode errors, last was: received RTP packet with unknown payload type: 50
2026/09/29 08:29:58 WAR [path cam_3059f25c] [RTSP source] 5 decode errors, last was: received RTP packet with unknown payload type: 50
2026/09/29 08:29:58 WAR [path cam_5064cd2c] [RTSP source] 5 decode errors, last was: received RTP packet with unknown payload type: 50
2026/09/29 08:29:59 WAR [path cam_3059f25c] [RTSP source] 5 decode errors, last was: received RTP packet with unknown payload type: 50
2026/09/29 08:29:59 WAR [path cam_5064cd2c] [RTSP source] 5 decode errors, last was: received RTP packet with unknown payload type: 50
2026/09/29 08:30:00 WAR [path cam_3059f25c] [RTSP source] 5 decode errors, last was: received RTP packet with unknown payload type: 50
2026/09/29 08:30:00 WAR [path cam_5064cd2c] [RTSP source] 5 decode errors, last was: received RTP packet with unknown payload type: 50
2026/09/29 08:30:01 WAR [path cam_3059f25c] [RTSP source] 5 decode errors, last was: received RTP packet with unknown payload type: 50
2026/09/29 08:30:01 WAR [path cam_5064cd2c] [RTSP source] 5 decode errors, last was: received RTP packet with unknown payload type: 50
2026/09/29 08:30:02 WAR [path cam_5064cd2c] [RTSP source] 5 decode errors, last was: received RTP packet with unknown payload type: 50
2026/09/29 08:30:02 WAR [path cam_3059f25c] [RTSP source] 5 decode errors, last was: received RTP packet with unknown payload type: 50
2026/09/29 08:30:03 WAR [path cam_3059f25c] [RTSP source] 5 decode errors, last was: received RTP packet with unknown payload type: 50
2026/09/29 08:30:03 WAR [path cam_5064cd2c] [RTSP source] 5 decode errors, last was: received RTP packet with unknown payload type: 50
2026/09/29 08:30:04 WAR [path cam_5064cd2c] [RTSP source] 5 decode errors, last was: received RTP packet with unknown payload type: 50
2026/09/29 08:30:04 WAR [path cam_3059f25c] [RTSP source] 5 decode errors, last was: received RTP packet with unknown payload type: 50
2026/09/29 08:30:05 WAR [path cam_5064cd2c] [RTSP source] 5 decode errors, last was: received RTP packet with unknown payload type: 50
2026/09/29 08:30:05 WAR [path cam_3059f25c] [RTSP source] 5 decode errors, last was: received RTP packet with unknown payload type: 50
2026/09/29 08:30:06 WAR [path cam_3059f25c] [RTSP source] 5 decode errors, last was: received RTP packet with unknown payload type: 50
2026/09/29 08:30:06 WAR [path cam_5064cd2c] [RTSP source] 5 decode errors, last was: received RTP packet with unknown payload type: 50
2026/09/29 08:30:07 WAR [path cam_5064cd2c] [RTSP source] 5 decode errors, last was: received RTP packet with unknown payload type: 50
2026/09/29 08:30:07 WAR [path cam_3059f25c] [RTSP source] 5 decode errors, last was: received RTP packet with unknown payload type: 50
2026/09/29 08:30:08 WAR [path cam_5064cd2c] [RTSP source] 5 decode errors, last was: received RTP packet with unknown payload type: 50
2026/09/29 08:30:08 WAR [path cam_3059f25c] [RTSP source] 5 decode errors, last was: received RTP packet with unknown payload type: 50
2026/09/29 08:30:09 WAR [path cam_3059f25c] [RTSP source] 5 decode errors, last was: received RTP packet with unknown payload type: 50
2026/09/29 08:30:09 WAR [path cam_5064cd2c] [RTSP source] 5 decode errors, last was: received RTP packet with unknown payload type: 50
2026/09/29 08:30:10 WAR [path cam_5064cd2c] [RTSP source] 5 decode errors, last was: received RTP packet with unknown payload type: 50
2026/09/29 08:30:10 WAR [path cam_3059f25c] [RTSP source] 5 decode errors, last was: received RTP packet with unknown payload type: 50
2026/09/29 08:30:11 WAR [path cam_3059f25c] [RTSP source] 5 decode errors, last was: received RTP packet with unknown payload type: 50
2026/09/29 08:30:11 WAR [path cam_5064cd2c] [RTSP source] 5 decode errors, last was: received RTP packet with unknown payload type: 50
2026/09/29 08:30:12 WAR [path cam_5064cd2c] [RTSP source] 5 decode errors, last was: received RTP packet with unknown payload type: 50
2026/09/29 08:30:12 WAR [path cam_3059f25c] [RTSP source] 5 decode errors, last was: received RTP packet with unknown payload type: 50
2026/09/29 08:30:13 WAR [path cam_5064cd2c] [RTSP source] 5 decode errors, last was: received RTP packet with unknown payload type: 50
2026/09/29 08:30:13 WAR [path cam_3059f25c] [RTSP source] 5 decode errors, last was: received RTP packet with unknown payload type: 50
2026/09/29 08:30:14 WAR [path cam_3059f25c] [RTSP source] 5 decode errors, last was: received RTP packet with unknown payload type: 50
2026/09/29 08:30:14 WAR [path cam_5064cd2c] [RTSP source] 5 decode errors, last was: received RTP packet with unknown payload type: 50
2026/09/29 08:30:15 WAR [path cam_3059f25c] [RTSP source] 5 decode errors, last was: received RTP packet with unknown payload type: 50
2026/09/29 08:30:15 WAR [path cam_5064cd2c] [RTSP source] 5 decode errors, last was: received RTP packet with unknown payload type: 50
2026/09/29 08:30:16 WAR [path cam_3059f25c] [RTSP source] 5 decode errors, last was: received RTP packet with unknown payload type: 50
2026/09/29 08:30:16 WAR [path cam_5064cd2c] [RTSP source] 5 decode errors, last was: received RTP packet with unknown payload type: 50
2026/09/29 08:30:17 WAR [path cam_5064cd2c] [RTSP source] 5 decode errors, last was: received RTP packet with unknown payload type: 50
2026/09/29 08:30:17 WAR [path cam_3059f25c] [RTSP source] 5 decode errors, last was: received RTP packet with unknown payload type: 50
2026/09/29 08:30:18 WAR [path cam_5064cd2c] [RTSP source] 5 decode errors, last was: received RTP packet with unknown payload type: 50
2026/09/29 08:30:18 WAR [path cam_1e437edf] [RTSP source] 63 RTP packets lost
2026/09/29 08:30:18 WAR [path cam_3059f25c] [RTSP source] 5 decode errors, last was: received RTP packet with unknown payload type: 50
2026/09/29 08:30:19 WAR [path cam_5064cd2c] [RTSP source] 5 RTP packets lost
2026/09/29 08:30:19 WAR [path cam_5064cd2c] [RTSP source] 5 decode errors, last was: received RTP packet with unknown payload type: 50
2026/09/29 08:30:19 WAR [path cam_3059f25c] [RTSP source] 5 decode errors, last was: received RTP packet with unknown payload type: 50
2026/09/29 08:30:20 WAR [path cam_5064cd2c] [RTSP source] 5 decode errors, last was: received RTP packet with unknown payload type: 50
2026/09/29 08:30:20 WAR [path cam_3059f25c] [RTSP source] 5 decode errors, last was: received RTP packet with unknown payload type: 50
2026/09/29 08:30:21 WAR [path cam_5064cd2c] [RTSP source] 5 decode errors, last was: received RTP packet with unknown payload type: 50
2026/09/29 08:30:21 WAR [path cam_3059f25c] [RTSP source] 5 decode errors, last was: received RTP packet with unknown payload type: 50
2026/09/29 08:30:22 WAR [path cam_5064cd2c] [RTSP source] 5 decode errors, last was: received RTP packet with unknown payload type: 50
2026/09/29 08:30:22 WAR [path cam_3059f25c] [RTSP source] 5 decode errors, last was: received RTP packet with unknown payload type: 50
2026/09/29 08:30:23 WAR [path cam_3059f25c] [RTSP source] 5 decode errors, last was: received RTP packet with unknown payload type: 50
2026/09/29 08:30:23 WAR [path cam_5064cd2c] [RTSP source] 5 decode errors, last was: received RTP packet with unknown payload type: 50
2026/09/29 08:30:24 WAR [path cam_5064cd2c] [RTSP source] 5 decode errors, last was: received RTP packet with unknown payload type: 50
2026/09/29 08:30:24 WAR [path cam_1e437edf] [RTSP source] 20 RTP packets lost
2026/09/29 08:30:24 WAR [path cam_3059f25c] [RTSP source] 5 decode errors, last was: received RTP packet with unknown payload type: 50
2026/09/29 08:30:24 WAR [path cam_1e437edf] 29 processing errors, last was: invalid fragmentation unit (non-starting)
2026/09/29 08:30:25 WAR [path cam_5064cd2c] [RTSP source] 5 decode errors, last was: received RTP packet with unknown payload type: 50
2026/09/29 08:30:25 WAR [path cam_3059f25c] [RTSP source] 5 decode errors, last was: received RTP packet with unknown payload type: 50
2026/09/29 08:30:26 WAR [path cam_5064cd2c] [RTSP source] 1 RTP packet lost
2026/09/29 08:30:26 WAR [path cam_3059f25c] [RTSP source] 5 decode errors, last was: received RTP packet with unknown payload type: 50
2026/09/29 08:30:26 WAR [path cam_5064cd2c] [RTSP source] 5 decode errors, last was: received RTP packet with unknown payload type: 50
2026/09/29 08:30:27 WAR [path cam_5064cd2c] [RTSP source] 5 decode errors, last was: received RTP packet with unknown payload type: 50
2026/09/29 08:30:27 WAR [path cam_3059f25c] [RTSP source] 5 decode errors, last was: received RTP packet with unknown payload type: 50
2026/09/29 08:30:28 WAR [path cam_3059f25c] [RTSP source] 5 decode errors, last was: received RTP packet with unknown payload type: 50
2026/09/29 08:30:28 WAR [path cam_5064cd2c] [RTSP source] 5 decode errors, last was: received RTP packet with unknown payload type: 50
2026/09/29 08:30:29 WAR [path cam_5064cd2c] [RTSP source] 5 decode errors, last was: received RTP packet with unknown payload type: 50
2026/09/29 08:30:29 WAR [path cam_3059f25c] [RTSP source] 5 decode errors, last was: received RTP packet with unknown payload type: 50
2026/09/29 08:30:30 WAR [path cam_5064cd2c] [RTSP source] 5 decode errors, last was: received RTP packet with unknown payload type: 50
2026/09/29 08:30:30 WAR [path cam_3059f25c] [RTSP source] 5 decode errors, last was: received RTP packet with unknown payload type: 50
2026/09/29 08:30:31 WAR [path cam_3059f25c] [RTSP source] 5 decode errors, last was: received RTP packet with unknown payload type: 50
2026/09/29 08:30:31 WAR [path cam_5064cd2c] [RTSP source] 5 decode errors, last was: received RTP packet with unknown payload type: 50
2026/09/29 08:30:32 WAR [path cam_3059f25c] [RTSP source] 5 decode errors, last was: received RTP packet with unknown payload type: 50
2026/09/29 08:30:32 WAR [path cam_5064cd2c] [RTSP source] 5 decode errors, last was: received RTP packet with unknown payload type: 50
2026/09/29 08:30:33 WAR [path cam_3059f25c] [RTSP source] 5 decode errors, last was: received RTP packet with unknown payload type: 50
2026/09/29 08:30:33 WAR [path cam_5064cd2c] [RTSP source] 5 decode errors, last was: received RTP packet with unknown payload type: 50
2026/09/29 08:30:34 WAR [path cam_3059f25c] [RTSP source] 5 decode errors, last was: received RTP packet with unknown payload type: 50
2026/09/29 08:30:34 WAR [path cam_5064cd2c] [RTSP source] 5 decode errors, last was: received RTP packet with unknown payload type: 50
2026/09/29 08:30:35 WAR [path cam_3059f25c] [RTSP source] 5 decode errors, last was: received RTP packet with unknown payload type: 50
2026/09/29 08:30:35 WAR [path cam_5064cd2c] [RTSP source] 5 decode errors, last was: received RTP packet with unknown payload type: 50
2026/09/29 08:30:36 WAR [path cam_3059f25c] [RTSP source] 5 decode errors, last was: received RTP packet with unknown payload type: 50
2026/09/29 08:30:36 WAR [path cam_5064cd2c] [RTSP source] 5 decode errors, last was: received RTP packet with unknown payload type: 50
2026/09/29 08:30:37 WAR [path cam_5064cd2c] [RTSP source] 5 decode errors, last was: received RTP packet with unknown payload type: 50
2026/09/29 08:30:37 WAR [path cam_3059f25c] [RTSP source] 5 decode errors, last was: received RTP packet with unknown payload type: 50
2026/09/29 08:30:38 WAR [path cam_3059f25c] [RTSP source] 5 decode errors, last was: received RTP packet with unknown payload type: 50
2026/09/29 08:30:38 WAR [path cam_5064cd2c] [RTSP source] 5 decode errors, last was: received RTP packet with unknown payload type: 50
2026/09/29 08:30:39 WAR [path cam_3059f25c] [RTSP source] 5 decode errors, last was: received RTP packet with unknown payload type: 50
2026/09/29 08:30:39 WAR [path cam_5064cd2c] [RTSP source] 5 decode errors, last was: received RTP packet with unknown payload type: 50
2026/09/29 08:30:40 WAR [path cam_5064cd2c] [RTSP source] 5 decode errors, last was: received RTP packet with unknown payload type: 50
2026/09/29 08:30:40 WAR [path cam_3059f25c] [RTSP source] 5 decode errors, last was: received RTP packet with unknown payload type: 50
2026/09/29 08:30:41 WAR [path cam_3059f25c] [RTSP source] 5 decode errors, last was: received RTP packet with unknown payload type: 50
2026/09/29 08:30:41 WAR [path cam_5064cd2c] [RTSP source] 5 decode errors, last was: received RTP packet with unknown payload type: 50
2026/09/29 08:30:42 WAR [path cam_5064cd2c] [RTSP source] 5 decode errors, last was: received RTP packet with unknown payload type: 50
2026/09/29 08:30:42 WAR [path cam_3059f25c] [RTSP source] 5 decode errors, last was: received RTP packet with unknown payload type: 50
2026/09/29 08:30:43 WAR [path cam_5064cd2c] [RTSP source] 5 decode errors, last was: received RTP packet with unknown payload type: 50
2026/09/29 08:30:43 WAR [path cam_3059f25c] [RTSP source] 5 decode errors, last was: received RTP packet with unknown payload type: 50
2026/09/29 08:30:44 WAR [path cam_5064cd2c] [RTSP source] 5 decode errors, last was: received RTP packet with unknown payload type: 50
2026/09/29 08:30:44 WAR [path cam_3059f25c] [RTSP source] 5 decode errors, last was: received RTP packet with unknown payload type: 50
2026/09/29 08:30:45 WAR [path cam_3059f25c] [RTSP source] 5 decode errors, last was: received RTP packet with unknown payload type: 50
2026/09/29 08:30:45 WAR [path cam_5064cd2c] [RTSP source] 5 decode errors, last was: received RTP packet with unknown payload type: 50
2026/09/29 08:30:46 WAR [path cam_3059f25c] [RTSP source] 5 decode errors, last was: received RTP packet with unknown payload type: 50
2026/09/29 08:30:46 WAR [path cam_5064cd2c] [RTSP source] 5 decode errors, last was: received RTP packet with unknown payload type: 50
2026/09/29 08:30:47 WAR [path cam_3059f25c] [RTSP source] 5 decode errors, last was: received RTP packet with unknown payload type: 50
2026/09/29 08:30:47 WAR [path cam_5064cd2c] [RTSP source] 5 decode errors, last was: received RTP packet with unknown payload type: 50
2026/09/29 08:30:48 WAR [path cam_5064cd2c] [RTSP source] 5 decode errors, last was: received RTP packet with unknown payload type: 50
2026/09/29 08:30:48 WAR [path cam_3059f25c] [RTSP source] 5 decode errors, last was: received RTP packet with unknown payload type: 50
2026/09/29 08:30:49 WAR [path cam_5064cd2c] [RTSP source] 5 decode errors, last was: received RTP packet with unknown payload type: 50
2026/09/29 08:30:49 WAR [path cam_3059f25c] [RTSP source] 5 decode errors, last was: received RTP packet with unknown payload type: 50
2026/09/29 08:30:50 WAR [path cam_1e437edf] [RTSP source] 3 RTP packets lost
2026/09/29 08:30:50 WAR [path cam_5064cd2c] [RTSP source] 5 decode errors, last was: received RTP packet with unknown payload type: 50
2026/09/29 08:30:50 WAR [path cam_3059f25c] [RTSP source] 5 decode errors, last was: received RTP packet with unknown payload type: 50
2026/09/29 08:30:50 WAR [path cam_1e437edf] 62 processing errors, last was: invalid fragmentation unit (non-starting)
2026/09/29 08:30:51 WAR [path cam_3059f25c] [RTSP source] 5 decode errors, last was: received RTP packet with unknown payload type: 50
2026/09/29 08:30:51 WAR [path cam_5064cd2c] [RTSP source] 5 decode errors, last was: received RTP packet with unknown payload type: 50
2026/09/29 08:30:52 WAR [path cam_3059f25c] [RTSP source] 5 decode errors, last was: received RTP packet with unknown payload type: 50
2026/09/29 08:30:52 WAR [path cam_5064cd2c] [RTSP source] 5 decode errors, last was: received RTP packet with unknown payload type: 50
2026/09/29 08:30:53 WAR [path cam_5064cd2c] [RTSP source] 5 decode errors, last was: received RTP packet with unknown payload type: 50
2026/09/29 08:30:53 WAR [path cam_3059f25c] [RTSP source] 5 decode errors, last was: received RTP packet with unknown payload type: 50
2026/09/29 08:30:54 WAR [path cam_3059f25c] [RTSP source] 5 decode errors, last was: received RTP packet with unknown payload type: 50
2026/09/29 08:30:54 WAR [path cam_5064cd2c] [RTSP source] 5 decode errors, last was: received RTP packet with unknown payload type: 50
2026/09/29 08:30:54 WAR [path cam_1e437edf] [RTSP source] 13 RTP packets lost
2026/09/29 08:30:54 WAR [path cam_1e437edf] 67 processing errors, last was: invalid fragmentation unit (non-starting)
2026/09/29 08:30:55 WAR [path cam_5064cd2c] [RTSP source] 5 decode errors, last was: received RTP packet with unknown payload type: 50
2026/09/29 08:30:55 WAR [path cam_3059f25c] [RTSP source] 5 decode errors, last was: received RTP packet with unknown payload type: 50
2026/09/29 08:30:56 WAR [path cam_3059f25c] [RTSP source] 5 decode errors, last was: received RTP packet with unknown payload type: 50
2026/09/29 08:30:56 WAR [path cam_5064cd2c] [RTSP source] 5 decode errors, last was: received RTP packet with unknown payload type: 50
2026/09/29 08:30:57 WAR [path cam_3059f25c] [RTSP source] 5 decode errors, last was: received RTP packet with unknown payload type: 50
2026/09/29 08:30:57 WAR [path cam_5064cd2c] [RTSP source] 5 decode errors, last was: received RTP packet with unknown payload type: 50
2026/09/29 08:30:58 WAR [path cam_3059f25c] [RTSP source] 5 decode errors, last was: received RTP packet with unknown payload type: 50
2026/09/29 08:30:58 WAR [path cam_5064cd2c] [RTSP source] 5 decode errors, last was: received RTP packet with unknown payload type: 50
2026/09/29 08:30:59 WAR [path cam_5064cd2c] [RTSP source] 5 decode errors, last was: received RTP packet with unknown payload type: 50
2026/09/29 08:30:59 WAR [path cam_3059f25c] [RTSP source] 5 decode errors, last was: received RTP packet with unknown payload type: 50
2026/09/29 08:31:00 WAR [path cam_3059f25c] [RTSP source] 5 decode errors, last was: received RTP packet with unknown payload type: 50
2026/09/29 08:31:00 WAR [path cam_5064cd2c] [RTSP source] 5 decode errors, last was: received RTP packet with unknown payload type: 50
2026/09/29 08:31:01 WAR [path cam_3059f25c] [RTSP source] 5 decode errors, last was: received RTP packet with unknown payload type: 50
2026/09/29 08:31:01 WAR [path cam_5064cd2c] [RTSP source] 5 decode errors, last was: received RTP packet with unknown payload type: 50
2026/09/29 08:31:02 WAR [path cam_3059f25c] [RTSP source] 5 decode errors, last was: received RTP packet with unknown payload type: 50
2026/09/29 08:31:02 WAR [path cam_5064cd2c] [RTSP source] 5 decode errors, last was: received RTP packet with unknown payload type: 50
2026/09/29 08:31:03 WAR [path cam_5064cd2c] [RTSP source] 5 decode errors, last was: received RTP packet with unknown payload type: 50
2026/09/29 08:31:03 WAR [path cam_3059f25c] [RTSP source] 5 decode errors, last was: received RTP packet with unknown payload type: 50
2026/09/29 08:31:04 WAR [path cam_3059f25c] [RTSP source] 5 decode errors, last was: received RTP packet with unknown payload type: 50
2026/09/29 08:31:04 WAR [path cam_5064cd2c] [RTSP source] 5 decode errors, last was: received RTP packet with unknown payload type: 50
2026/09/29 08:31:05 WAR [path cam_5064cd2c] [RTSP source] 5 decode errors, last was: received RTP packet with unknown payload type: 50
2026/09/29 08:31:05 WAR [path cam_3059f25c] [RTSP source] 5 decode errors, last was: received RTP packet with unknown payload type: 50
2026/09/29 08:31:06 WAR [path cam_5064cd2c] [RTSP source] 5 decode errors, last was: received RTP packet with unknown payload type: 50
2026/09/29 08:31:06 WAR [path cam_3059f25c] [RTSP source] 5 decode errors, last was: received RTP packet with unknown payload type: 50
2026/09/29 08:31:07 WAR [path cam_3059f25c] [RTSP source] 5 decode errors, last was: received RTP packet with unknown payload type: 50
2026/09/29 08:31:07 WAR [path cam_5064cd2c] [RTSP source] 5 decode errors, last was: received RTP packet with unknown payload type: 50
2026/09/29 08:31:08 WAR [path cam_3059f25c] [RTSP source] 5 decode errors, last was: received RTP packet with unknown payload type: 50
2026/09/29 08:31:08 WAR [path cam_5064cd2c] [RTSP source] 5 decode errors, last was: received RTP packet with unknown payload type: 50
2026/09/29 08:31:09 WAR [path cam_3059f25c] [RTSP source] 5 decode errors, last was: received RTP packet with unknown payload type: 50
2026/09/29 08:31:09 WAR [path cam_5064cd2c] [RTSP source] 5 decode errors, last was: received RTP packet with unknown payload type: 50
2026/09/29 08:31:10 WAR [path cam_5064cd2c] [RTSP source] 5 decode errors, last was: received RTP packet with unknown payload type: 50
2026/09/29 08:31:10 WAR [path cam_3059f25c] [RTSP source] 5 decode errors, last was: received RTP packet with unknown payload type: 50
2026/09/29 08:31:11 WAR [path cam_3059f25c] [RTSP source] 5 decode errors, last was: received RTP packet with unknown payload type: 50
2026/09/29 08:31:11 WAR [path cam_5064cd2c] [RTSP source] 5 decode errors, last was: received RTP packet with unknown payload type: 50
2026/09/29 08:31:12 WAR [path cam_5064cd2c] [RTSP source] 5 decode errors, last was: received RTP packet with unknown payload type: 50
2026/09/29 08:31:12 WAR [path cam_3059f25c] [RTSP source] 5 decode errors, last was: received RTP packet with unknown payload type: 50
2026/09/29 08:31:13 WAR [path cam_3059f25c] [RTSP source] 5 decode errors, last was: received RTP packet with unknown payload type: 50
2026/09/29 08:31:13 WAR [path cam_5064cd2c] [RTSP source] 5 decode errors, last was: received RTP packet with unknown payload type: 50
2026/09/29 08:31:14 WAR [path cam_5064cd2c] [RTSP source] 5 decode errors, last was: received RTP packet with unknown payload type: 50
2026/09/29 08:31:14 WAR [path cam_3059f25c] [RTSP source] 5 decode errors, last was: received RTP packet with unknown payload type: 50
2026/09/29 08:31:15 WAR [path cam_5064cd2c] [RTSP source] 5 decode errors, last was: received RTP packet with unknown payload type: 50
2026/09/29 08:31:15 WAR [path cam_3059f25c] [RTSP source] 5 decode errors, last was: received RTP packet with unknown payload type: 50
2026/09/29 08:31:16 WAR [path cam_3059f25c] [RTSP source] 5 decode errors, last was: received RTP packet with unknown payload type: 50
2026/09/29 08:31:16 WAR [path cam_5064cd2c] [RTSP source] 5 decode errors, last was: received RTP packet with unknown payload type: 50
2026/09/29 08:31:17 WAR [path cam_5064cd2c] [RTSP source] 5 decode errors, last was: received RTP packet with unknown payload type: 50
2026/09/29 08:31:17 WAR [path cam_3059f25c] [RTSP source] 5 decode errors, last was: received RTP packet with unknown payload type: 50
2026/09/29 08:31:18 WAR [path cam_5064cd2c] [RTSP source] 5 decode errors, last was: received RTP packet with unknown payload type: 50
2026/09/29 08:31:18 WAR [path cam_3059f25c] [RTSP source] 5 decode errors, last was: received RTP packet with unknown payload type: 50
2026/09/29 08:31:19 WAR [path cam_3059f25c] [RTSP source] 5 decode errors, last was: received RTP packet with unknown payload type: 50
2026/09/29 08:31:19 WAR [path cam_5064cd2c] [RTSP source] 5 decode errors, last was: received RTP packet with unknown payload type: 50
2026/09/29 08:31:20 WAR [path cam_3059f25c] [RTSP source] 5 decode errors, last was: received RTP packet with unknown payload type: 50
2026/09/29 08:31:20 WAR [path cam_5064cd2c] [RTSP source] 5 decode errors, last was: received RTP packet with unknown payload type: 50
2026/09/29 08:31:21 WAR [path cam_5064cd2c] [RTSP source] 5 decode errors, last was: received RTP packet with unknown payload type: 50
2026/09/29 08:31:21 WAR [path cam_3059f25c] [RTSP source] 5 decode errors, last was: received RTP packet with unknown payload type: 50
2026/09/29 08:31:22 WAR [path cam_5064cd2c] [RTSP source] 5 decode errors, last was: received RTP packet with unknown payload type: 50
2026/09/29 08:31:22 WAR [path cam_3059f25c] [RTSP source] 5 decode errors, last was: received RTP packet with unknown payload type: 50
2026/09/29 08:31:23 WAR [path cam_5064cd2c] [RTSP source] 5 decode errors, last was: received RTP packet with unknown payload type: 50
2026/09/29 08:31:23 WAR [path cam_3059f25c] [RTSP source] 5 decode errors, last was: received RTP packet with unknown payload type: 50
2026/09/29 08:31:24 WAR [path cam_5064cd2c] [RTSP source] 5 decode errors, last was: received RTP packet with unknown payload type: 50
2026/09/29 08:31:24 WAR [path cam_3059f25c] [RTSP source] 5 decode errors, last was: received RTP packet with unknown payload type: 50
2026/09/29 08:31:25 WAR [path cam_5064cd2c] [RTSP source] 5 decode errors, last was: received RTP packet with unknown payload type: 50
2026/09/29 08:31:25 WAR [path cam_3059f25c] [RTSP source] 5 decode errors, last was: received RTP packet with unknown payload type: 50
2026/09/29 08:31:26 WAR [path cam_5064cd2c] [RTSP source] 5 decode errors, last was: received RTP packet with unknown payload type: 50
2026/09/29 08:31:26 WAR [path cam_3059f25c] [RTSP source] 5 decode errors, last was: received RTP packet with unknown payload type: 50
2026/09/29 08:31:27 WAR [path cam_3059f25c] [RTSP source] 5 decode errors, last was: received RTP packet with unknown payload type: 50
2026/09/29 08:31:27 WAR [path cam_5064cd2c] [RTSP source] 5 decode errors, last was: received RTP packet with unknown payload type: 50
2026/09/29 08:31:28 WAR [path cam_3059f25c] [RTSP source] 5 decode errors, last was: received RTP packet with unknown payload type: 50
2026/09/29 08:31:28 WAR [path cam_5064cd2c] [RTSP source] 5 decode errors, last was: received RTP packet with unknown payload type: 50
2026/09/29 08:31:29 WAR [path cam_5064cd2c] [RTSP source] 5 decode errors, last was: received RTP packet with unknown payload type: 50
2026/09/29 08:31:29 WAR [path cam_3059f25c] [RTSP source] 5 decode errors, last was: received RTP packet with unknown payload type: 50
2026/09/29 08:31:30 WAR [path cam_3059f25c] [RTSP source] 5 decode errors, last was: received RTP packet with unknown payload type: 50
2026/09/29 08:31:30 WAR [path cam_5064cd2c] [RTSP source] 5 decode errors, last was: received RTP packet with unknown payload type: 50
2026/09/29 08:31:31 WAR [path cam_5064cd2c] [RTSP source] 5 decode errors, last was: received RTP packet with unknown payload type: 50
2026/09/29 08:31:31 WAR [path cam_3059f25c] [RTSP source] 5 decode errors, last was: received RTP packet with unknown payload type: 50
2026/09/29 08:31:32 WAR [path cam_5064cd2c] [RTSP source] 5 decode errors, last was: received RTP packet with unknown payload type: 50
2026/09/29 08:31:32 WAR [path cam_3059f25c] [RTSP source] 5 decode errors, last was: received RTP packet with unknown payload type: 50
2026/09/29 08:31:33 WAR [path cam_5064cd2c] [RTSP source] 5 decode errors, last was: received RTP packet with unknown payload type: 50
2026/09/29 08:31:33 WAR [path cam_3059f25c] [RTSP source] 5 decode errors, last was: received RTP packet with unknown payload type: 50
2026/09/29 08:31:34 WAR [path cam_3059f25c] [RTSP source] 5 decode errors, last was: received RTP packet with unknown payload type: 50
2026/09/29 08:31:34 WAR [path cam_5064cd2c] [RTSP source] 5 decode errors, last was: received RTP packet with unknown payload type: 50
2026/09/29 08:31:35 WAR [path cam_3059f25c] [RTSP source] 5 decode errors, last was: received RTP packet with unknown payload type: 50
2026/09/29 08:31:35 WAR [path cam_5064cd2c] [RTSP source] 5 decode errors, last was: received RTP packet with unknown payload type: 50
2026/09/29 08:31:36 WAR [path cam_3059f25c] [RTSP source] 5 decode errors, last was: received RTP packet with unknown payload type: 50
2026/09/29 08:31:36 WAR [path cam_5064cd2c] [RTSP source] 5 decode errors, last was: received RTP packet with unknown payload type: 50
2026/09/29 08:31:37 WAR [path cam_3059f25c] [RTSP source] 5 decode errors, last was: received RTP packet with unknown payload type: 50
2026/09/29 08:31:37 WAR [path cam_5064cd2c] [RTSP source] 5 decode errors, last was: received RTP packet with unknown payload type: 50
2026/09/29 08:31:38 WAR [path cam_3059f25c] [RTSP source] 5 decode errors, last was: received RTP packet with unknown payload type: 50
2026/09/29 08:31:38 WAR [path cam_5064cd2c] [RTSP source] 5 decode errors, last was: received RTP packet with unknown payload type: 50
2026/09/29 08:31:39 WAR [path cam_5064cd2c] [RTSP source] 5 decode errors, last was: received RTP packet with unknown payload type: 50
2026/09/29 08:31:39 WAR [path cam_3059f25c] [RTSP source] 5 decode errors, last was: received RTP packet with unknown payload type: 50
2026/09/29 08:31:40 WAR [path cam_5064cd2c] [RTSP source] 5 decode errors, last was: received RTP packet with unknown payload type: 50
2026/09/29 08:31:40 WAR [path cam_3059f25c] [RTSP source] 5 decode errors, last was: received RTP packet with unknown payload type: 50
2026/09/29 08:31:41 WAR [path cam_5064cd2c] [RTSP source] 5 decode errors, last was: received RTP packet with unknown payload type: 50
2026/09/29 08:31:41 WAR [path cam_3059f25c] [RTSP source] 5 decode errors, last was: received RTP packet with unknown payload type: 50
2026/09/29 08:31:42 WAR [path cam_5064cd2c] [RTSP source] 5 decode errors, last was: received RTP packet with unknown payload type: 50
2026/09/29 08:31:42 WAR [path cam_3059f25c] [RTSP source] 5 decode errors, last was: received RTP packet with unknown payload type: 50
2026/09/29 08:31:43 WAR [path cam_5064cd2c] [RTSP source] 5 decode errors, last was: received RTP packet with unknown payload type: 50
2026/09/29 08:31:43 WAR [path cam_3059f25c] [RTSP source] 5 decode errors, last was: received RTP packet with unknown payload type: 50
2026/09/29 08:31:44 WAR [path cam_5064cd2c] [RTSP source] 5 decode errors, last was: received RTP packet with unknown payload type: 50
2026/09/29 08:31:44 WAR [path cam_3059f25c] [RTSP source] 5 decode errors, last was: received RTP packet with unknown payload type: 50
2026/09/29 08:31:45 WAR [path cam_3059f25c] [RTSP source] 5 decode errors, last was: received RTP packet with unknown payload type: 50
2026/09/29 08:31:45 WAR [path cam_5064cd2c] [RTSP source] 5 decode errors, last was: received RTP packet with unknown payload type: 50
2026/09/29 08:31:46 WAR [path cam_5064cd2c] [RTSP source] 5 decode errors, last was: received RTP packet with unknown payload type: 50
2026/09/29 08:31:46 WAR [path cam_3059f25c] [RTSP source] 5 decode errors, last was: received RTP packet with unknown payload type: 50
2026/09/29 08:31:47 WAR [path cam_3059f25c] [RTSP source] 5 decode errors, last was: received RTP packet with unknown payload type: 50
2026/09/29 08:31:47 WAR [path cam_5064cd2c] [RTSP source] 5 decode errors, last was: received RTP packet with unknown payload type: 50
2026/09/29 08:31:48 WAR [path cam_3059f25c] [RTSP source] 5 decode errors, last was: received RTP packet with unknown payload type: 50
2026/09/29 08:31:48 WAR [path cam_5064cd2c] [RTSP source] 5 decode errors, last was: received RTP packet with unknown payload type: 50
2026/09/29 08:31:49 WAR [path cam_5064cd2c] [RTSP source] 5 decode errors, last was: received RTP packet with unknown payload type: 50
2026/09/29 08:31:49 WAR [path cam_3059f25c] [RTSP source] 5 decode errors, last was: received RTP packet with unknown payload type: 50
2026/09/29 08:31:50 WAR [path cam_5064cd2c] [RTSP source] 5 decode errors, last was: received RTP packet with unknown payload type: 50
2026/09/29 08:31:50 WAR [path cam_3059f25c] [RTSP source] 5 decode errors, last was: received RTP packet with unknown payload type: 50
2026/09/29 08:31:51 WAR [path cam_5064cd2c] [RTSP source] 5 decode errors, last was: received RTP packet with unknown payload type: 50
2026/09/29 08:31:51 WAR [path cam_3059f25c] [RTSP source] 5 decode errors, last was: received RTP packet with unknown payload type: 50
2026/09/29 08:31:52 WAR [path cam_3059f25c] [RTSP source] 5 decode errors, last was: received RTP packet with unknown payload type: 50
2026/09/29 08:31:52 WAR [path cam_5064cd2c] [RTSP source] 5 decode errors, last was: received RTP packet with unknown payload type: 50
2026/09/29 08:31:53 WAR [path cam_3059f25c] [RTSP source] 5 decode errors, last was: received RTP packet with unknown payload type: 50
2026/09/29 08:31:53 WAR [path cam_5064cd2c] [RTSP source] 5 decode errors, last was: received RTP packet with unknown payload type: 50
2026/09/29 08:31:54 WAR [path cam_5064cd2c] [RTSP source] 5 decode errors, last was: received RTP packet with unknown payload type: 50
2026/09/29 08:31:54 WAR [path cam_1e437edf] [RTSP source] 7 RTP packets lost
2026/09/29 08:31:54 WAR [path cam_3059f25c] [RTSP source] 5 decode errors, last was: received RTP packet with unknown payload type: 50
2026/09/29 08:31:54 WAR [path cam_1e437edf] 4 processing errors, last was: invalid fragmentation unit (non-starting)
2026/09/29 08:31:55 WAR [path cam_3059f25c] [RTSP source] 5 decode errors, last was: received RTP packet with unknown payload type: 50
2026/09/29 08:31:55 WAR [path cam_5064cd2c] [RTSP source] 5 decode errors, last was: received RTP packet with unknown payload type: 50
2026/09/29 08:31:56 WAR [path cam_5064cd2c] [RTSP source] 5 decode errors, last was: received RTP packet with unknown payload type: 50
2026/09/29 08:31:56 WAR [path cam_3059f25c] [RTSP source] 5 decode errors, last was: received RTP packet with unknown payload type: 50
2026/09/29 08:31:57 WAR [path cam_3059f25c] [RTSP source] 5 decode errors, last was: received RTP packet with unknown payload type: 50
2026/09/29 08:31:57 WAR [path cam_5064cd2c] [RTSP source] 5 decode errors, last was: received RTP packet with unknown payload type: 50
2026/09/29 08:31:58 WAR [path cam_5064cd2c] [RTSP source] 5 decode errors, last was: received RTP packet with unknown payload type: 50
2026/09/29 08:31:58 WAR [path cam_3059f25c] [RTSP source] 5 decode errors, last was: received RTP packet with unknown payload type: 50
2026/09/29 08:31:59 WAR [path cam_3059f25c] [RTSP source] 5 decode errors, last was: received RTP packet with unknown payload type: 50
2026/09/29 08:31:59 WAR [path cam_5064cd2c] [RTSP source] 5 decode errors, last was: received RTP packet with unknown payload type: 50
2026/09/29 08:32:00 WAR [path cam_3059f25c] [RTSP source] 5 decode errors, last was: received RTP packet with unknown payload type: 50
2026/09/29 08:32:00 WAR [path cam_5064cd2c] [RTSP source] 5 decode errors, last was: received RTP packet with unknown payload type: 50
2026/09/29 08:32:01 WAR [path cam_5064cd2c] [RTSP source] 5 decode errors, last was: received RTP packet with unknown payload type: 50
2026/09/29 08:32:01 WAR [path cam_3059f25c] [RTSP source] 5 decode errors, last was: received RTP packet with unknown payload type: 50
2026/09/29 08:32:02 WAR [path cam_5064cd2c] [RTSP source] 5 decode errors, last was: received RTP packet with unknown payload type: 50
2026/09/29 08:32:02 WAR [path cam_3059f25c] [RTSP source] 5 decode errors, last was: received RTP packet with unknown payload type: 50
2026/09/29 08:32:03 WAR [path cam_3059f25c] [RTSP source] 5 decode errors, last was: received RTP packet with unknown payload type: 50
2026/09/29 08:32:03 WAR [path cam_5064cd2c] [RTSP source] 5 decode errors, last was: received RTP packet with unknown payload type: 50
2026/09/29 08:32:04 WAR [path cam_1e437edf_sub] [RTSP source] 3 RTP packets lost
2026/09/29 08:32:04 WAR [path cam_3059f25c] [RTSP source] 5 decode errors, last was: received RTP packet with unknown payload type: 50
2026/09/29 08:32:04 WAR [path cam_5064cd2c] [RTSP source] 5 decode errors, last was: received RTP packet with unknown payload type: 50
2026/09/29 08:32:05 WAR [path cam_5064cd2c] [RTSP source] 5 decode errors, last was: received RTP packet with unknown payload type: 50
2026/09/29 08:32:05 WAR [path cam_3059f25c] [RTSP source] 5 decode errors, last was: received RTP packet with unknown payload type: 50
2026/09/29 08:32:06 WAR [path cam_5064cd2c] [RTSP source] 5 decode errors, last was: received RTP packet with unknown payload type: 50
2026/09/29 08:32:06 WAR [path cam_3059f25c] [RTSP source] 5 decode errors, last was: received RTP packet with unknown payload type: 50
2026/09/29 08:32:07 WAR [path cam_5064cd2c] [RTSP source] 5 decode errors, last was: received RTP packet with unknown payload type: 50
2026/09/29 08:32:07 WAR [path cam_3059f25c] [RTSP source] 5 decode errors, last was: received RTP packet with unknown payload type: 50
2026/09/29 08:32:08 WAR [path cam_5064cd2c] [RTSP source] 5 decode errors, last was: received RTP packet with unknown payload type: 50
2026/09/29 08:32:08 WAR [path cam_3059f25c] [RTSP source] 5 decode errors, last was: received RTP packet with unknown payload type: 50
2026/09/29 08:32:09 WAR [path cam_5064cd2c] [RTSP source] 5 decode errors, last was: received RTP packet with unknown payload type: 50
2026/09/29 08:32:09 WAR [path cam_3059f25c] [RTSP source] 5 decode errors, last was: received RTP packet with unknown payload type: 50
2026/09/29 08:32:10 WAR [path cam_3059f25c] [RTSP source] 5 decode errors, last was: received RTP packet with unknown payload type: 50
2026/09/29 08:32:10 WAR [path cam_5064cd2c] [RTSP source] 5 decode errors, last was: received RTP packet with unknown payload type: 50
2026/09/29 08:32:11 WAR [path cam_5064cd2c] [RTSP source] 5 decode errors, last was: received RTP packet with unknown payload type: 50
2026/09/29 08:32:11 WAR [path cam_3059f25c] [RTSP source] 5 decode errors, last was: received RTP packet with unknown payload type: 50
2026/09/29 08:32:12 WAR [path cam_3059f25c] [RTSP source] 5 decode errors, last was: received RTP packet with unknown payload type: 50
2026/09/29 08:32:12 WAR [path cam_5064cd2c] [RTSP source] 5 decode errors, last was: received RTP packet with unknown payload type: 50
2026/09/29 08:32:13 WAR [path cam_3059f25c] [RTSP source] 5 decode errors, last was: received RTP packet with unknown payload type: 50
2026/09/29 08:32:13 WAR [path cam_5064cd2c] [RTSP source] 5 decode errors, last was: received RTP packet with unknown payload type: 50
2026/09/29 08:32:14 WAR [path cam_3059f25c] [RTSP source] 5 decode errors, last was: received RTP packet with unknown payload type: 50
2026/09/29 08:32:14 WAR [path cam_5064cd2c] [RTSP source] 5 decode errors, last was: received RTP packet with unknown payload type: 50
2026/09/29 08:32:15 WAR [path cam_5064cd2c] [RTSP source] 5 decode errors, last was: received RTP packet with unknown payload type: 50
2026/09/29 08:32:15 WAR [path cam_3059f25c] [RTSP source] 5 decode errors, last was: received RTP packet with unknown payload type: 50
2026/09/29 08:32:16 WAR [path cam_3059f25c] [RTSP source] 5 decode errors, last was: received RTP packet with unknown payload type: 50
2026/09/29 08:32:16 WAR [path cam_5064cd2c] [RTSP source] 5 decode errors, last was: received RTP packet with unknown payload type: 50
2026/09/29 08:32:17 WAR [path cam_3059f25c] [RTSP source] 5 decode errors, last was: received RTP packet with unknown payload type: 50
2026/09/29 08:32:17 WAR [path cam_5064cd2c] [RTSP source] 5 decode errors, last was: received RTP packet with unknown payload type: 50
2026/09/29 08:32:18 WAR [path cam_3059f25c] [RTSP source] 5 decode errors, last was: received RTP packet with unknown payload type: 50
2026/09/29 08:32:18 WAR [path cam_5064cd2c] [RTSP source] 5 decode errors, last was: received RTP packet with unknown payload type: 50
2026/09/29 08:32:19 WAR [path cam_3059f25c] [RTSP source] 5 decode errors, last was: received RTP packet with unknown payload type: 50
2026/09/29 08:32:19 WAR [path cam_5064cd2c] [RTSP source] 5 decode errors, last was: received RTP packet with unknown payload type: 50
2026/09/29 08:32:20 WAR [path cam_5064cd2c] [RTSP source] 5 decode errors, last was: received RTP packet with unknown payload type: 50
2026/09/29 08:32:20 WAR [path cam_3059f25c] [RTSP source] 5 decode errors, last was: received RTP packet with unknown payload type: 50
2026/09/29 08:32:21 WAR [path cam_5064cd2c] [RTSP source] 5 decode errors, last was: received RTP packet with unknown payload type: 50
2026/09/29 08:32:21 WAR [path cam_3059f25c] [RTSP source] 5 decode errors, last was: received RTP packet with unknown payload type: 50
2026/09/29 08:32:22 WAR [path cam_3059f25c] [RTSP source] 5 decode errors, last was: received RTP packet with unknown payload type: 50
2026/09/29 08:32:22 WAR [path cam_5064cd2c] [RTSP source] 5 decode errors, last was: received RTP packet with unknown payload type: 50
2026/09/29 08:32:23 WAR [path cam_3059f25c] [RTSP source] 5 decode errors, last was: received RTP packet with unknown payload type: 50
2026/09/29 08:32:23 WAR [path cam_5064cd2c] [RTSP source] 5 decode errors, last was: received RTP packet with unknown payload type: 50
2026/09/29 08:32:24 WAR [path cam_3059f25c] [RTSP source] 5 decode errors, last was: received RTP packet with unknown payload type: 50
2026/09/29 08:32:24 WAR [path cam_5064cd2c] [RTSP source] 5 decode errors, last was: received RTP packet with unknown payload type: 50
2026/09/29 08:32:24 WAR [path cam_1e437edf_sub] [RTSP source] 2 RTP packets lost
2026/09/29 08:32:24 WAR [path cam_1e437edf_sub] 2 processing errors, last was: invalid FU-A packet (non-starting)
2026/09/29 08:32:25 WAR [path cam_5064cd2c] [RTSP source] 5 decode errors, last was: received RTP packet with unknown payload type: 50
2026/09/29 08:32:25 WAR [path cam_3059f25c] [RTSP source] 5 decode errors, last was: received RTP packet with unknown payload type: 50
2026/09/29 08:32:26 WAR [path cam_5064cd2c] [RTSP source] 5 decode errors, last was: received RTP packet with unknown payload type: 50
2026/09/29 08:32:26 WAR [path cam_3059f25c] [RTSP source] 5 decode errors, last was: received RTP packet with unknown payload type: 50
2026/09/29 08:32:27 WAR [path cam_3059f25c] [RTSP source] 5 decode errors, last was: received RTP packet with unknown payload type: 50
2026/09/29 08:32:27 WAR [path cam_5064cd2c] [RTSP source] 5 decode errors, last was: received RTP packet with unknown payload type: 50
2026/09/29 08:32:28 WAR [path cam_3059f25c] [RTSP source] 5 decode errors, last was: received RTP packet with unknown payload type: 50
2026/09/29 08:32:28 WAR [path cam_5064cd2c] [RTSP source] 5 decode errors, last was: received RTP packet with unknown payload type: 50
2026/09/29 08:32:29 WAR [path cam_3059f25c] [RTSP source] 5 decode errors, last was: received RTP packet with unknown payload type: 50
2026/09/29 08:32:29 WAR [path cam_5064cd2c] [RTSP source] 5 decode errors, last was: received RTP packet with unknown payload type: 50
2026/09/29 08:32:30 WAR [path cam_3059f25c] [RTSP source] 5 decode errors, last was: received RTP packet with unknown payload type: 50
2026/09/29 08:32:30 WAR [path cam_5064cd2c] [RTSP source] 5 decode errors, last was: received RTP packet with unknown payload type: 50
2026/09/29 08:32:31 WAR [path cam_5064cd2c] [RTSP source] 5 decode errors, last was: received RTP packet with unknown payload type: 50
2026/09/29 08:32:31 WAR [path cam_3059f25c] [RTSP source] 5 decode errors, last was: received RTP packet with unknown payload type: 50
2026/09/29 08:32:32 WAR [path cam_5064cd2c] [RTSP source] 5 decode errors, last was: received RTP packet with unknown payload type: 50
2026/09/29 08:32:32 WAR [path cam_3059f25c] [RTSP source] 5 decode errors, last was: received RTP packet with unknown payload type: 50
2026/09/29 08:32:33 WAR [path cam_5064cd2c] [RTSP source] 5 decode errors, last was: received RTP packet with unknown payload type: 50
2026/09/29 08:32:33 WAR [path cam_3059f25c] [RTSP source] 5 decode errors, last was: received RTP packet with unknown payload type: 50
2026/09/29 08:32:34 WAR [path cam_5064cd2c] [RTSP source] 5 decode errors, last was: received RTP packet with unknown payload type: 50
2026/09/29 08:32:34 WAR [path cam_3059f25c] [RTSP source] 5 decode errors, last was: received RTP packet with unknown payload type: 50
2026/09/29 08:32:35 WAR [path cam_3059f25c] [RTSP source] 5 decode errors, last was: received RTP packet with unknown payload type: 50
2026/09/29 08:32:35 WAR [path cam_5064cd2c] [RTSP source] 5 decode errors, last was: received RTP packet with unknown payload type: 50
2026/09/29 08:32:36 WAR [path cam_5064cd2c] [RTSP source] 5 decode errors, last was: received RTP packet with unknown payload type: 50
2026/09/29 08:32:36 WAR [path cam_3059f25c] [RTSP source] 5 decode errors, last was: received RTP packet with unknown payload type: 50
2026/09/29 08:32:37 WAR [path cam_5064cd2c] [RTSP source] 5 decode errors, last was: received RTP packet with unknown payload type: 50
2026/09/29 08:32:37 WAR [path cam_3059f25c] [RTSP source] 5 decode errors, last was: received RTP packet with unknown payload type: 50
2026/09/29 08:32:38 WAR [path cam_5064cd2c] [RTSP source] 5 decode errors, last was: received RTP packet with unknown payload type: 50
2026/09/29 08:32:38 WAR [path cam_3059f25c] [RTSP source] 5 decode errors, last was: received RTP packet with unknown payload type: 50
2026/09/29 08:32:39 WAR [path cam_5064cd2c] [RTSP source] 5 decode errors, last was: received RTP packet with unknown payload type: 50
2026/09/29 08:32:39 WAR [path cam_3059f25c] [RTSP source] 5 decode errors, last was: received RTP packet with unknown payload type: 50
2026/09/29 08:32:39 WAR [path cam_1e437edf] 71 processing errors, last was: invalid fragmentation unit (non-starting)
2026/09/29 08:32:40 WAR [path cam_3059f25c] [RTSP source] 5 decode errors, last was: received RTP packet with unknown payload type: 50
2026/09/29 08:32:40 WAR [path cam_1e437edf] [RTSP source] 9 RTP packets lost
2026/09/29 08:32:40 WAR [path cam_5064cd2c] [RTSP source] 5 decode errors, last was: received RTP packet with unknown payload type: 50
2026/09/29 08:32:41 WAR [path cam_5064cd2c] [RTSP source] 5 decode errors, last was: received RTP packet with unknown payload type: 50
2026/09/29 08:32:41 WAR [path cam_3059f25c] [RTSP source] 5 decode errors, last was: received RTP packet with unknown payload type: 50
2026/09/29 08:32:42 WAR [path cam_3059f25c] [RTSP source] 5 decode errors, last was: received RTP packet with unknown payload type: 50
2026/09/29 08:32:42 WAR [path cam_5064cd2c] [RTSP source] 5 decode errors, last was: received RTP packet with unknown payload type: 50
2026/09/29 08:32:43 WAR [path cam_5064cd2c] [RTSP source] 5 decode errors, last was: received RTP packet with unknown payload type: 50
2026/09/29 08:32:43 WAR [path cam_3059f25c] [RTSP source] 5 decode errors, last was: received RTP packet with unknown payload type: 50
2026/09/29 08:32:44 WAR [path cam_3059f25c] [RTSP source] 5 decode errors, last was: received RTP packet with unknown payload type: 50
2026/09/29 08:32:44 WAR [path cam_5064cd2c] [RTSP source] 5 decode errors, last was: received RTP packet with unknown payload type: 50
2026/09/29 08:32:45 WAR [path cam_3059f25c] [RTSP source] 5 decode errors, last was: received RTP packet with unknown payload type: 50
2026/09/29 08:32:45 WAR [path cam_5064cd2c] [RTSP source] 5 decode errors, last was: received RTP packet with unknown payload type: 50
2026/09/29 08:32:46 WAR [path cam_5064cd2c] [RTSP source] 5 decode errors, last was: received RTP packet with unknown payload type: 50
2026/09/29 08:32:46 WAR [path cam_3059f25c] [RTSP source] 5 decode errors, last was: received RTP packet with unknown payload type: 50
2026/09/29 08:32:47 WAR [path cam_3059f25c] [RTSP source] 5 decode errors, last was: received RTP packet with unknown payload type: 50
2026/09/29 08:32:47 WAR [path cam_5064cd2c] [RTSP source] 5 decode errors, last was: received RTP packet with unknown payload type: 50
2026/09/29 08:32:48 WAR [path cam_5064cd2c] [RTSP source] 5 decode errors, last was: received RTP packet with unknown payload type: 50
2026/09/29 08:32:48 WAR [path cam_3059f25c] [RTSP source] 5 decode errors, last was: received RTP packet with unknown payload type: 50
2026/09/29 08:32:49 WAR [path cam_3059f25c] [RTSP source] 5 decode errors, last was: received RTP packet with unknown payload type: 50
2026/09/29 08:32:49 WAR [path cam_5064cd2c] [RTSP source] 5 decode errors, last was: received RTP packet with unknown payload type: 50
2026/09/29 08:32:50 WAR [path cam_5064cd2c] [RTSP source] 5 decode errors, last was: received RTP packet with unknown payload type: 50
2026/09/29 08:32:50 WAR [path cam_3059f25c] [RTSP source] 5 decode errors, last was: received RTP packet with unknown payload type: 50
2026/09/29 08:32:51 WAR [path cam_5064cd2c] [RTSP source] 5 decode errors, last was: received RTP packet with unknown payload type: 50
2026/09/29 08:32:51 WAR [path cam_3059f25c] [RTSP source] 5 decode errors, last was: received RTP packet with unknown payload type: 50
2026/09/29 08:32:52 WAR [path cam_3059f25c] [RTSP source] 5 decode errors, last was: received RTP packet with unknown payload type: 50
2026/09/29 08:32:52 WAR [path cam_5064cd2c] [RTSP source] 5 decode errors, last was: received RTP packet with unknown payload type: 50
2026/09/29 08:32:53 WAR [path cam_3059f25c] [RTSP source] 5 decode errors, last was: received RTP packet with unknown payload type: 50
2026/09/29 08:32:53 WAR [path cam_5064cd2c] [RTSP source] 5 decode errors, last was: received RTP packet with unknown payload type: 50
2026/09/29 08:32:54 WAR [path cam_3059f25c] [RTSP source] 5 decode errors, last was: received RTP packet with unknown payload type: 50
2026/09/29 08:32:54 WAR [path cam_5064cd2c] [RTSP source] 5 decode errors, last was: received RTP packet with unknown payload type: 50
2026/09/29 08:32:55 WAR [path cam_3059f25c] [RTSP source] 5 decode errors, last was: received RTP packet with unknown payload type: 50
2026/09/29 08:32:55 WAR [path cam_5064cd2c] [RTSP source] 5 decode errors, last was: received RTP packet with unknown payload type: 50
2026/09/29 08:32:56 WAR [path cam_3059f25c] [RTSP source] 5 decode errors, last was: received RTP packet with unknown payload type: 50
2026/09/29 08:32:56 WAR [path cam_5064cd2c] [RTSP source] 5 decode errors, last was: received RTP packet with unknown payload type: 50
2026/09/29 08:32:57 WAR [path cam_3059f25c] [RTSP source] 5 decode errors, last was: received RTP packet with unknown payload type: 50
2026/09/29 08:32:57 WAR [path cam_5064cd2c] [RTSP source] 5 decode errors, last was: received RTP packet with unknown payload type: 50
2026/09/29 08:32:58 WAR [path cam_5064cd2c] [RTSP source] 5 decode errors, last was: received RTP packet with unknown payload type: 50
2026/09/29 08:32:58 WAR [path cam_3059f25c] [RTSP source] 5 decode errors, last was: received RTP packet with unknown payload type: 50
2026/09/29 08:32:59 WAR [path cam_3059f25c] [RTSP source] 5 decode errors, last was: received RTP packet with unknown payload type: 50
2026/09/29 08:32:59 WAR [path cam_5064cd2c] [RTSP source] 5 decode errors, last was: received RTP packet with unknown payload type: 50
2026/09/29 08:33:00 WAR [path cam_3059f25c] [RTSP source] 5 decode errors, last was: received RTP packet with unknown payload type: 50
2026/09/29 08:33:00 WAR [path cam_5064cd2c] [RTSP source] 5 decode errors, last was: received RTP packet with unknown payload type: 50
2026/09/29 08:33:01 WAR [path cam_5064cd2c] [RTSP source] 5 decode errors, last was: received RTP packet with unknown payload type: 50
2026/09/29 08:33:01 WAR [path cam_3059f25c] [RTSP source] 5 decode errors, last was: received RTP packet with unknown payload type: 50
2026/09/29 08:33:02 WAR [path cam_1e437edf_sub] [RTSP source] 2 RTP packets lost
2026/09/29 08:33:02 WAR [path cam_3059f25c] [RTSP source] 5 decode errors, last was: received RTP packet with unknown payload type: 50
2026/09/29 08:33:02 WAR [path cam_5064cd2c] [RTSP source] 5 decode errors, last was: received RTP packet with unknown payload type: 50
2026/09/29 08:33:02 WAR [path cam_1e437edf_sub] 8 processing errors, last was: invalid FU-A packet (non-starting)
2026/09/29 08:33:03 WAR [path cam_5064cd2c] [RTSP source] 5 decode errors, last was: received RTP packet with unknown payload type: 50
2026/09/29 08:33:03 WAR [path cam_3059f25c] [RTSP source] 5 decode errors, last was: received RTP packet with unknown payload type: 50
2026/09/29 08:33:04 WAR [path cam_5064cd2c] [RTSP source] 5 decode errors, last was: received RTP packet with unknown payload type: 50
2026/09/29 08:33:04 WAR [path cam_3059f25c] [RTSP source] 5 decode errors, last was: received RTP packet with unknown payload type: 50
2026/09/29 08:33:05 WAR [path cam_5064cd2c] [RTSP source] 5 decode errors, last was: received RTP packet with unknown payload type: 50
2026/09/29 08:33:05 WAR [path cam_3059f25c] [RTSP source] 5 decode errors, last was: received RTP packet with unknown payload type: 50
2026/09/29 08:33:05 WAR [path cam_1e437edf] 44 processing errors, last was: invalid fragmentation unit (non-starting)
2026/09/29 08:33:06 WAR [path cam_3059f25c] [RTSP source] 5 decode errors, last was: received RTP packet with unknown payload type: 50
2026/09/29 08:33:06 WAR [path cam_1e437edf] [RTSP source] 1 RTP packet lost
2026/09/29 08:33:06 WAR [path cam_5064cd2c] [RTSP source] 5 decode errors, last was: received RTP packet with unknown payload type: 50
2026/09/29 08:33:07 WAR [path cam_3059f25c] [RTSP source] 5 decode errors, last was: received RTP packet with unknown payload type: 50
2026/09/29 08:33:07 WAR [path cam_5064cd2c] [RTSP source] 5 decode errors, last was: received RTP packet with unknown payload type: 50
2026/09/29 08:33:08 WAR [path cam_3059f25c] [RTSP source] 5 decode errors, last was: received RTP packet with unknown payload type: 50
2026/09/29 08:33:08 WAR [path cam_5064cd2c] [RTSP source] 5 decode errors, last was: received RTP packet with unknown payload type: 50
2026/09/29 08:33:09 WAR [path cam_3059f25c] [RTSP source] 5 decode errors, last was: received RTP packet with unknown payload type: 50
2026/09/29 08:33:09 WAR [path cam_5064cd2c] [RTSP source] 5 decode errors, last was: received RTP packet with unknown payload type: 50
2026/09/29 08:33:10 WAR [path cam_5064cd2c] [RTSP source] 5 decode errors, last was: received RTP packet with unknown payload type: 50
2026/09/29 08:33:10 WAR [path cam_3059f25c] [RTSP source] 5 decode errors, last was: received RTP packet with unknown payload type: 50
2026/09/29 08:33:11 WAR [path cam_3059f25c] [RTSP source] 5 decode errors, last was: received RTP packet with unknown payload type: 50
2026/09/29 08:33:11 WAR [path cam_5064cd2c] [RTSP source] 5 decode errors, last was: received RTP packet with unknown payload type: 50
2026/09/29 08:33:12 WAR [path cam_5064cd2c] [RTSP source] 5 decode errors, last was: received RTP packet with unknown payload type: 50
2026/09/29 08:33:12 WAR [path cam_3059f25c] [RTSP source] 5 decode errors, last was: received RTP packet with unknown payload type: 50
2026/09/29 08:33:13 WAR [path cam_5064cd2c] [RTSP source] 5 decode errors, last was: received RTP packet with unknown payload type: 50
2026/09/29 08:33:13 WAR [path cam_3059f25c] [RTSP source] 5 decode errors, last was: received RTP packet with unknown payload type: 50
2026/09/29 08:33:14 WAR [path cam_3059f25c] [RTSP source] 5 decode errors, last was: received RTP packet with unknown payload type: 50
2026/09/29 08:33:14 WAR [path cam_5064cd2c] [RTSP source] 5 decode errors, last was: received RTP packet with unknown payload type: 50
2026/09/29 08:33:15 WAR [path cam_5064cd2c] [RTSP source] 5 decode errors, last was: received RTP packet with unknown payload type: 50
2026/09/29 08:33:15 WAR [path cam_3059f25c] [RTSP source] 5 decode errors, last was: received RTP packet with unknown payload type: 50
2026/09/29 08:33:16 WAR [path cam_5064cd2c] [RTSP source] 5 decode errors, last was: received RTP packet with unknown payload type: 50
2026/09/29 08:33:16 WAR [path cam_3059f25c] [RTSP source] 5 decode errors, last was: received RTP packet with unknown payload type: 50
2026/09/29 08:33:17 WAR [path cam_5064cd2c] [RTSP source] 5 decode errors, last was: received RTP packet with unknown payload type: 50
2026/09/29 08:33:17 WAR [path cam_3059f25c] [RTSP source] 5 decode errors, last was: received RTP packet with unknown payload type: 50
2026/09/29 08:33:18 WAR [path cam_3059f25c] [RTSP source] 5 decode errors, last was: received RTP packet with unknown payload type: 50
2026/09/29 08:33:18 WAR [path cam_5064cd2c] [RTSP source] 5 decode errors, last was: received RTP packet with unknown payload type: 50
2026/09/29 08:33:19 WAR [path cam_5064cd2c] [RTSP source] 5 decode errors, last was: received RTP packet with unknown payload type: 50
2026/09/29 08:33:19 WAR [path cam_3059f25c] [RTSP source] 5 decode errors, last was: received RTP packet with unknown payload type: 50
2026/09/29 08:33:20 WAR [path cam_5064cd2c] [RTSP source] 5 decode errors, last was: received RTP packet with unknown payload type: 50
2026/09/29 08:33:20 WAR [path cam_3059f25c] [RTSP source] 5 decode errors, last was: received RTP packet with unknown payload type: 50
2026/09/29 08:33:21 WAR [path cam_3059f25c] [RTSP source] 5 decode errors, last was: received RTP packet with unknown payload type: 50
2026/09/29 08:33:21 WAR [path cam_5064cd2c] [RTSP source] 5 decode errors, last was: received RTP packet with unknown payload type: 50
2026/09/29 08:33:22 WAR [path cam_3059f25c] [RTSP source] 5 decode errors, last was: received RTP packet with unknown payload type: 50
2026/09/29 08:33:22 WAR [path cam_5064cd2c] [RTSP source] 5 decode errors, last was: received RTP packet with unknown payload type: 50
2026/09/29 08:33:23 WAR [path cam_3059f25c] [RTSP source] 5 decode errors, last was: received RTP packet with unknown payload type: 50
2026/09/29 08:33:23 WAR [path cam_5064cd2c] [RTSP source] 5 decode errors, last was: received RTP packet with unknown payload type: 50
2026/09/29 08:33:24 WAR [path cam_5064cd2c] [RTSP source] 5 decode errors, last was: received RTP packet with unknown payload type: 50
2026/09/29 08:33:24 WAR [path cam_3059f25c] [RTSP source] 5 decode errors, last was: received RTP packet with unknown payload type: 50
2026/09/29 08:33:25 WAR [path cam_3059f25c] [RTSP source] 5 decode errors, last was: received RTP packet with unknown payload type: 50
2026/09/29 08:33:25 WAR [path cam_5064cd2c] [RTSP source] 5 decode errors, last was: received RTP packet with unknown payload type: 50
2026/09/29 08:33:26 WAR [path cam_5064cd2c] [RTSP source] 5 decode errors, last was: received RTP packet with unknown payload type: 50
2026/09/29 08:33:26 WAR [path cam_3059f25c] [RTSP source] 5 decode errors, last was: received RTP packet with unknown payload type: 50
2026/09/29 08:33:27 WAR [path cam_5064cd2c] [RTSP source] 5 decode errors, last was: received RTP packet with unknown payload type: 50
2026/09/29 08:33:27 WAR [path cam_3059f25c] [RTSP source] 5 decode errors, last was: received RTP packet with unknown payload type: 50
2026/09/29 08:33:28 WAR [path cam_3059f25c] [RTSP source] 5 decode errors, last was: received RTP packet with unknown payload type: 50
2026/09/29 08:33:28 WAR [path cam_5064cd2c] [RTSP source] 5 decode errors, last was: received RTP packet with unknown payload type: 50
2026/09/29 08:33:29 WAR [path cam_3059f25c] [RTSP source] 5 decode errors, last was: received RTP packet with unknown payload type: 50
2026/09/29 08:33:29 WAR [path cam_5064cd2c] [RTSP source] 5 decode errors, last was: received RTP packet with unknown payload type: 50
2026/09/29 08:33:30 WAR [path cam_3059f25c] [RTSP source] 5 decode errors, last was: received RTP packet with unknown payload type: 50
2026/09/29 08:33:30 WAR [path cam_5064cd2c] [RTSP source] 5 decode errors, last was: received RTP packet with unknown payload type: 50
2026/09/29 08:33:31 WAR [path cam_5064cd2c] [RTSP source] 5 decode errors, last was: received RTP packet with unknown payload type: 50
2026/09/29 08:33:31 WAR [path cam_3059f25c] [RTSP source] 5 decode errors, last was: received RTP packet with unknown payload type: 50
2026/09/29 08:33:32 WAR [path cam_5064cd2c] [RTSP source] 5 decode errors, last was: received RTP packet with unknown payload type: 50
2026/09/29 08:33:32 WAR [path cam_3059f25c] [RTSP source] 5 decode errors, last was: received RTP packet with unknown payload type: 50
2026/09/29 08:33:33 WAR [path cam_5064cd2c] [RTSP source] 5 decode errors, last was: received RTP packet with unknown payload type: 50
2026/09/29 08:33:33 WAR [path cam_3059f25c] [RTSP source] 5 decode errors, last was: received RTP packet with unknown payload type: 50
2026/09/29 08:33:34 WAR [path cam_3059f25c] [RTSP source] 5 decode errors, last was: received RTP packet with unknown payload type: 50
2026/09/29 08:33:34 WAR [path cam_5064cd2c] [RTSP source] 5 decode errors, last was: received RTP packet with unknown payload type: 50
2026/09/29 08:33:35 WAR [path cam_3059f25c] [RTSP source] 5 decode errors, last was: received RTP packet with unknown payload type: 50
2026/09/29 08:33:35 WAR [path cam_5064cd2c] [RTSP source] 5 decode errors, last was: received RTP packet with unknown payload type: 50
2026/09/29 08:33:36 WAR [path cam_5064cd2c] [RTSP source] 5 decode errors, last was: received RTP packet with unknown payload type: 50
2026/09/29 08:33:36 WAR [path cam_3059f25c] [RTSP source] 5 decode errors, last was: received RTP packet with unknown payload type: 50
2026/09/29 08:33:37 WAR [path cam_3059f25c] [RTSP source] 5 decode errors, last was: received RTP packet with unknown payload type: 50
2026/09/29 08:33:37 WAR [path cam_5064cd2c] [RTSP source] 5 decode errors, last was: received RTP packet with unknown payload type: 50
2026/09/29 08:33:38 WAR [path cam_3059f25c] [RTSP source] 5 decode errors, last was: received RTP packet with unknown payload type: 50
2026/09/29 08:33:38 WAR [path cam_5064cd2c] [RTSP source] 5 decode errors, last was: received RTP packet with unknown payload type: 50
2026/09/29 08:33:39 WAR [path cam_3059f25c] [RTSP source] 5 decode errors, last was: received RTP packet with unknown payload type: 50
2026/09/29 08:33:39 WAR [path cam_5064cd2c] [RTSP source] 5 decode errors, last was: received RTP packet with unknown payload type: 50
2026/09/29 08:33:40 WAR [path cam_5064cd2c] [RTSP source] 5 decode errors, last was: received RTP packet with unknown payload type: 50
2026/09/29 08:33:40 WAR [path cam_3059f25c] [RTSP source] 5 decode errors, last was: received RTP packet with unknown payload type: 50
2026/09/29 08:33:41 WAR [path cam_3059f25c] [RTSP source] 5 decode errors, last was: received RTP packet with unknown payload type: 50
2026/09/29 08:33:41 WAR [path cam_5064cd2c] [RTSP source] 5 decode errors, last was: received RTP packet with unknown payload type: 50
2026/09/29 08:33:42 WAR [path cam_3059f25c] [RTSP source] 5 decode errors, last was: received RTP packet with unknown payload type: 50
2026/09/29 08:33:42 WAR [path cam_5064cd2c] [RTSP source] 5 decode errors, last was: received RTP packet with unknown payload type: 50
2026/09/29 08:33:43 WAR [path cam_3059f25c] [RTSP source] 5 decode errors, last was: received RTP packet with unknown payload type: 50
2026/09/29 08:33:43 WAR [path cam_5064cd2c] [RTSP source] 5 decode errors, last was: received RTP packet with unknown payload type: 50
2026/09/29 08:33:44 WAR [path cam_3059f25c] [RTSP source] 5 decode errors, last was: received RTP packet with unknown payload type: 50
2026/09/29 08:33:44 WAR [path cam_5064cd2c] [RTSP source] 5 decode errors, last was: received RTP packet with unknown payload type: 50
2026/09/29 08:33:45 WAR [path cam_5064cd2c] [RTSP source] 5 decode errors, last was: received RTP packet with unknown payload type: 50
2026/09/29 08:33:45 WAR [path cam_3059f25c] [RTSP source] 5 decode errors, last was: received RTP packet with unknown payload type: 50
2026/09/29 08:33:46 WAR [path cam_3059f25c] [RTSP source] 5 decode errors, last was: received RTP packet with unknown payload type: 50
2026/09/29 08:33:46 WAR [path cam_5064cd2c] [RTSP source] 5 decode errors, last was: received RTP packet with unknown payload type: 50
2026/09/29 08:33:47 WAR [path cam_5064cd2c] [RTSP source] 5 decode errors, last was: received RTP packet with unknown payload type: 50
2026/09/29 08:33:47 WAR [path cam_3059f25c] [RTSP source] 5 decode errors, last was: received RTP packet with unknown payload type: 50
2026/09/29 08:33:48 WAR [path cam_5064cd2c] [RTSP source] 5 decode errors, last was: received RTP packet with unknown payload type: 50
2026/09/29 08:33:48 WAR [path cam_3059f25c] [RTSP source] 5 decode errors, last was: received RTP packet with unknown payload type: 50
2026/09/29 08:33:49 WAR [path cam_3059f25c] [RTSP source] 5 decode errors, last was: received RTP packet with unknown payload type: 50
2026/09/29 08:33:49 WAR [path cam_1e437edf] [RTSP source] 1 RTP packet lost
2026/09/29 08:33:49 WAR [path cam_5064cd2c] [RTSP source] 5 decode errors, last was: received RTP packet with unknown payload type: 50
2026/09/29 08:33:49 WAR [path cam_1e437edf] 78 processing errors, last was: invalid fragmentation unit (non-starting)
2026/09/29 08:33:50 WAR [path cam_5064cd2c] [RTSP source] 5 decode errors, last was: received RTP packet with unknown payload type: 50
2026/09/29 08:33:50 WAR [path cam_3059f25c] [RTSP source] 5 decode errors, last was: received RTP packet with unknown payload type: 50
2026/09/29 08:33:51 WAR [path cam_3059f25c] [RTSP source] 5 decode errors, last was: received RTP packet with unknown payload type: 50
2026/09/29 08:33:51 WAR [path cam_5064cd2c] [RTSP source] 5 decode errors, last was: received RTP packet with unknown payload type: 50
2026/09/29 08:33:52 WAR [path cam_3059f25c] [RTSP source] 5 decode errors, last was: received RTP packet with unknown payload type: 50
2026/09/29 08:33:52 WAR [path cam_5064cd2c] [RTSP source] 5 decode errors, last was: received RTP packet with unknown payload type: 50
2026/09/29 08:33:53 WAR [path cam_3059f25c] [RTSP source] 5 decode errors, last was: received RTP packet with unknown payload type: 50
2026/09/29 08:33:53 WAR [path cam_5064cd2c] [RTSP source] 5 decode errors, last was: received RTP packet with unknown payload type: 50
2026/09/29 08:33:54 WAR [path cam_5064cd2c] [RTSP source] 5 decode errors, last was: received RTP packet with unknown payload type: 50
2026/09/29 08:33:54 WAR [path cam_3059f25c] [RTSP source] 5 decode errors, last was: received RTP packet with unknown payload type: 50
2026/09/29 08:33:55 WAR [path cam_5064cd2c] [RTSP source] 5 decode errors, last was: received RTP packet with unknown payload type: 50
2026/09/29 08:33:55 WAR [path cam_3059f25c] [RTSP source] 5 decode errors, last was: received RTP packet with unknown payload type: 50
2026/09/29 08:33:56 WAR [path cam_5064cd2c] [RTSP source] 5 decode errors, last was: received RTP packet with unknown payload type: 50
2026/09/29 08:33:56 WAR [path cam_3059f25c] [RTSP source] 5 decode errors, last was: received RTP packet with unknown payload type: 50
2026/09/29 08:33:57 WAR [path cam_3059f25c] [RTSP source] 5 decode errors, last was: received RTP packet with unknown payload type: 50
2026/09/29 08:33:57 WAR [path cam_5064cd2c] [RTSP source] 5 decode errors, last was: received RTP packet with unknown payload type: 50
2026/09/29 08:33:58 WAR [path cam_3059f25c] [RTSP source] 5 decode errors, last was: received RTP packet with unknown payload type: 50
2026/09/29 08:33:58 WAR [path cam_5064cd2c] [RTSP source] 5 decode errors, last was: received RTP packet with unknown payload type: 50
2026/09/29 08:33:59 WAR [path cam_3059f25c] [RTSP source] 5 decode errors, last was: received RTP packet with unknown payload type: 50
2026/09/29 08:33:59 WAR [path cam_5064cd2c] [RTSP source] 5 decode errors, last was: received RTP packet with unknown payload type: 50
2026/09/29 08:33:59 WAR [path cam_1e437edf] processing error: discarding frame since a RTP packet is missing
2026/09/29 08:34:00 WAR [path cam_1e437edf] [RTSP source] 16 RTP packets lost
2026/09/29 08:34:00 WAR [path cam_5064cd2c] [RTSP source] 5 decode errors, last was: received RTP packet with unknown payload type: 50
2026/09/29 08:34:00 WAR [path cam_3059f25c] [RTSP source] 5 decode errors, last was: received RTP packet with unknown payload type: 50
2026/09/29 08:34:01 WAR [path cam_5064cd2c] [RTSP source] 5 decode errors, last was: received RTP packet with unknown payload type: 50
2026/09/29 08:34:01 WAR [path cam_3059f25c] [RTSP source] 5 decode errors, last was: received RTP packet with unknown payload type: 50
2026/09/29 08:34:02 WAR [path cam_3059f25c] [RTSP source] 5 decode errors, last was: received RTP packet with unknown payload type: 50
2026/09/29 08:34:02 WAR [path cam_5064cd2c] [RTSP source] 5 decode errors, last was: received RTP packet with unknown payload type: 50
2026/09/29 08:34:03 WAR [path cam_3059f25c] [RTSP source] 5 decode errors, last was: received RTP packet with unknown payload type: 50
2026/09/29 08:34:03 WAR [path cam_5064cd2c] [RTSP source] 5 decode errors, last was: received RTP packet with unknown payload type: 50
2026/09/29 08:34:04 WAR [path cam_3059f25c] [RTSP source] 5 decode errors, last was: received RTP packet with unknown payload type: 50
2026/09/29 08:34:04 WAR [path cam_5064cd2c] [RTSP source] 5 decode errors, last was: received RTP packet with unknown payload type: 50
2026/09/29 08:34:05 WAR [path cam_3059f25c] [RTSP source] 5 decode errors, last was: received RTP packet with unknown payload type: 50
2026/09/29 08:34:05 WAR [path cam_5064cd2c] [RTSP source] 5 decode errors, last was: received RTP packet with unknown payload type: 50
2026/09/29 08:34:06 WAR [path cam_3059f25c] [RTSP source] 5 decode errors, last was: received RTP packet with unknown payload type: 50
2026/09/29 08:34:06 WAR [path cam_5064cd2c] [RTSP source] 5 decode errors, last was: received RTP packet with unknown payload type: 50
2026/09/29 08:34:07 WAR [path cam_5064cd2c] [RTSP source] 5 decode errors, last was: received RTP packet with unknown payload type: 50
2026/09/29 08:34:07 WAR [path cam_3059f25c] [RTSP source] 5 decode errors, last was: received RTP packet with unknown payload type: 50
2026/09/29 08:34:08 WAR [path cam_3059f25c] [RTSP source] 5 decode errors, last was: received RTP packet with unknown payload type: 50
2026/09/29 08:34:08 WAR [path cam_5064cd2c] [RTSP source] 5 decode errors, last was: received RTP packet with unknown payload type: 50
2026/09/29 08:34:09 WAR [path cam_3059f25c] [RTSP source] 5 decode errors, last was: received RTP packet with unknown payload type: 50
2026/09/29 08:34:09 WAR [path cam_5064cd2c] [RTSP source] 5 decode errors, last was: received RTP packet with unknown payload type: 50
2026/09/29 08:34:10 WAR [path cam_5064cd2c] [RTSP source] 5 decode errors, last was: received RTP packet with unknown payload type: 50
2026/09/29 08:34:10 WAR [path cam_3059f25c] [RTSP source] 5 decode errors, last was: received RTP packet with unknown payload type: 50
2026/09/29 08:34:11 WAR [path cam_5064cd2c] [RTSP source] 5 decode errors, last was: received RTP packet with unknown payload type: 50
2026/09/29 08:34:11 WAR [path cam_3059f25c] [RTSP source] 5 decode errors, last was: received RTP packet with unknown payload type: 50
2026/09/29 08:34:12 WAR [path cam_5064cd2c] [RTSP source] 5 decode errors, last was: received RTP packet with unknown payload type: 50
2026/09/29 08:34:12 WAR [path cam_1e437edf] [RTSP source] 18 RTP packets lost
2026/09/29 08:34:12 WAR [path cam_3059f25c] [RTSP source] 5 decode errors, last was: received RTP packet with unknown payload type: 50
2026/09/29 08:34:13 WAR [path cam_3059f25c] [RTSP source] 5 decode errors, last was: received RTP packet with unknown payload type: 50
2026/09/29 08:34:13 WAR [path cam_5064cd2c] [RTSP source] 5 decode errors, last was: received RTP packet with unknown payload type: 50
2026/09/29 08:34:14 WAR [path cam_5064cd2c] [RTSP source] 5 decode errors, last was: received RTP packet with unknown payload type: 50
2026/09/29 08:34:14 WAR [path cam_3059f25c] [RTSP source] 5 decode errors, last was: received RTP packet with unknown payload type: 50
2026/09/29 08:34:15 WAR [path cam_3059f25c] [RTSP source] 5 decode errors, last was: received RTP packet with unknown payload type: 50
2026/09/29 08:34:15 WAR [path cam_5064cd2c] [RTSP source] 5 decode errors, last was: received RTP packet with unknown payload type: 50
2026/09/29 08:34:16 WAR [path cam_5064cd2c] [RTSP source] 5 decode errors, last was: received RTP packet with unknown payload type: 50
2026/09/29 08:34:16 WAR [path cam_3059f25c] [RTSP source] 5 decode errors, last was: received RTP packet with unknown payload type: 50
2026/09/29 08:34:17 WAR [path cam_5064cd2c] [RTSP source] 5 decode errors, last was: received RTP packet with unknown payload type: 50
2026/09/29 08:34:17 WAR [path cam_3059f25c] [RTSP source] 5 decode errors, last was: received RTP packet with unknown payload type: 50
2026/09/29 08:34:18 WAR [path cam_5064cd2c] [RTSP source] 5 decode errors, last was: received RTP packet with unknown payload type: 50
2026/09/29 08:34:18 WAR [path cam_3059f25c] [RTSP source] 5 decode errors, last was: received RTP packet with unknown payload type: 50
2026/09/29 08:34:19 WAR [path cam_3059f25c] [RTSP source] 5 decode errors, last was: received RTP packet with unknown payload type: 50
2026/09/29 08:34:19 WAR [path cam_5064cd2c] [RTSP source] 5 decode errors, last was: received RTP packet with unknown payload type: 50
2026/09/29 08:34:20 WAR [path cam_5064cd2c] [RTSP source] 5 decode errors, last was: received RTP packet with unknown payload type: 50
2026/09/29 08:34:20 WAR [path cam_3059f25c] [RTSP source] 5 decode errors, last was: received RTP packet with unknown payload type: 50
2026/09/29 08:34:21 WAR [path cam_5064cd2c] [RTSP source] 5 decode errors, last was: received RTP packet with unknown payload type: 50
2026/09/29 08:34:21 WAR [path cam_3059f25c] [RTSP source] 5 decode errors, last was: received RTP packet with unknown payload type: 50
2026/09/29 08:34:22 WAR [path cam_3059f25c] [RTSP source] 5 decode errors, last was: received RTP packet with unknown payload type: 50
2026/09/29 08:34:22 WAR [path cam_5064cd2c] [RTSP source] 5 decode errors, last was: received RTP packet with unknown payload type: 50
2026/09/29 08:34:23 WAR [path cam_3059f25c] [RTSP source] 5 decode errors, last was: received RTP packet with unknown payload type: 50
2026/09/29 08:34:23 WAR [path cam_5064cd2c] [RTSP source] 5 decode errors, last was: received RTP packet with unknown payload type: 50
2026/09/29 08:34:24 WAR [path cam_5064cd2c] [RTSP source] 5 decode errors, last was: received RTP packet with unknown payload type: 50
2026/09/29 08:34:24 WAR [path cam_3059f25c] [RTSP source] 5 decode errors, last was: received RTP packet with unknown payload type: 50
2026/09/29 08:34:25 WAR [path cam_5064cd2c] [RTSP source] 5 decode errors, last was: received RTP packet with unknown payload type: 50
2026/09/29 08:34:25 WAR [path cam_3059f25c] [RTSP source] 5 decode errors, last was: received RTP packet with unknown payload type: 50
2026/09/29 08:34:26 WAR [path cam_5064cd2c] [RTSP source] 5 decode errors, last was: received RTP packet with unknown payload type: 50
2026/09/29 08:34:26 WAR [path cam_3059f25c] [RTSP source] 5 decode errors, last was: received RTP packet with unknown payload type: 50
2026/09/29 08:34:27 WAR [path cam_5064cd2c] [RTSP source] 5 decode errors, last was: received RTP packet with unknown payload type: 50
2026/09/29 08:34:27 WAR [path cam_3059f25c] [RTSP source] 5 decode errors, last was: received RTP packet with unknown payload type: 50
2026/09/29 08:34:28 WAR [path cam_5064cd2c] [RTSP source] 5 decode errors, last was: received RTP packet with unknown payload type: 50
2026/09/29 08:34:28 WAR [path cam_3059f25c] [RTSP source] 5 decode errors, last was: received RTP packet with unknown payload type: 50
2026/09/29 08:34:29 WAR [path cam_5064cd2c] [RTSP source] 5 decode errors, last was: received RTP packet with unknown payload type: 50
2026/09/29 08:34:29 WAR [path cam_3059f25c] [RTSP source] 5 decode errors, last was: received RTP packet with unknown payload type: 50
2026/09/29 08:34:30 WAR [path cam_3059f25c] [RTSP source] 5 decode errors, last was: received RTP packet with unknown payload type: 50
2026/09/29 08:34:30 WAR [path cam_5064cd2c] [RTSP source] 5 decode errors, last was: received RTP packet with unknown payload type: 50
2026/09/29 08:34:31 WAR [path cam_3059f25c] [RTSP source] 5 decode errors, last was: received RTP packet with unknown payload type: 50
2026/09/29 08:34:31 WAR [path cam_5064cd2c] [RTSP source] 5 decode errors, last was: received RTP packet with unknown payload type: 50
2026/09/29 08:34:32 WAR [path cam_5064cd2c] [RTSP source] 5 decode errors, last was: received RTP packet with unknown payload type: 50
2026/09/29 08:34:32 WAR [path cam_3059f25c] [RTSP source] 5 decode errors, last was: received RTP packet with unknown payload type: 50
2026/09/29 08:34:33 WAR [path cam_5064cd2c] [RTSP source] 5 decode errors, last was: received RTP packet with unknown payload type: 50
2026/09/29 08:34:33 WAR [path cam_3059f25c] [RTSP source] 5 decode errors, last was: received RTP packet with unknown payload type: 50
2026/09/29 08:34:34 WAR [path cam_3059f25c] [RTSP source] 5 decode errors, last was: received RTP packet with unknown payload type: 50
2026/09/29 08:34:34 WAR [path cam_5064cd2c] [RTSP source] 5 decode errors, last was: received RTP packet with unknown payload type: 50
2026/09/29 08:34:35 WAR [path cam_3059f25c] [RTSP source] 5 decode errors, last was: received RTP packet with unknown payload type: 50
2026/09/29 08:34:35 WAR [path cam_5064cd2c] [RTSP source] 5 decode errors, last was: received RTP packet with unknown payload type: 50
2026/09/29 08:34:36 WAR [path cam_5064cd2c] [RTSP source] 5 decode errors, last was: received RTP packet with unknown payload type: 50
2026/09/29 08:34:36 WAR [path cam_3059f25c] [RTSP source] 5 decode errors, last was: received RTP packet with unknown payload type: 50
2026/09/29 08:34:37 WAR [path cam_5064cd2c] [RTSP source] 5 decode errors, last was: received RTP packet with unknown payload type: 50
2026/09/29 08:34:37 WAR [path cam_3059f25c] [RTSP source] 5 decode errors, last was: received RTP packet with unknown payload type: 50
2026/09/29 08:34:38 WAR [path cam_3059f25c] [RTSP source] 5 decode errors, last was: received RTP packet with unknown payload type: 50
2026/09/29 08:34:38 WAR [path cam_5064cd2c] [RTSP source] 5 decode errors, last was: received RTP packet with unknown payload type: 50
2026/09/29 08:34:39 WAR [path cam_3059f25c] [RTSP source] 5 decode errors, last was: received RTP packet with unknown payload type: 50
2026/09/29 08:34:39 WAR [path cam_5064cd2c] [RTSP source] 5 decode errors, last was: received RTP packet with unknown payload type: 50
2026/09/29 08:34:40 WAR [path cam_5064cd2c] [RTSP source] 5 decode errors, last was: received RTP packet with unknown payload type: 50
2026/09/29 08:34:40 WAR [path cam_3059f25c] [RTSP source] 5 decode errors, last was: received RTP packet with unknown payload type: 50
2026/09/29 08:34:41 WAR [path cam_5064cd2c] [RTSP source] 5 decode errors, last was: received RTP packet with unknown payload type: 50
2026/09/29 08:34:41 WAR [path cam_3059f25c] [RTSP source] 5 decode errors, last was: received RTP packet with unknown payload type: 50
2026/09/29 08:34:42 WAR [path cam_3059f25c] [RTSP source] 5 decode errors, last was: received RTP packet with unknown payload type: 50
2026/09/29 08:34:42 WAR [path cam_5064cd2c] [RTSP source] 5 decode errors, last was: received RTP packet with unknown payload type: 50
2026/09/29 08:34:43 WAR [path cam_5064cd2c] [RTSP source] 5 decode errors, last was: received RTP packet with unknown payload type: 50
2026/09/29 08:34:43 WAR [path cam_3059f25c] [RTSP source] 5 decode errors, last was: received RTP packet with unknown payload type: 50
2026/09/29 08:34:44 WAR [path cam_5064cd2c] [RTSP source] 5 decode errors, last was: received RTP packet with unknown payload type: 50
2026/09/29 08:34:44 WAR [path cam_3059f25c] [RTSP source] 5 decode errors, last was: received RTP packet with unknown payload type: 50
2026/09/29 08:34:45 WAR [path cam_5064cd2c] [RTSP source] 5 decode errors, last was: received RTP packet with unknown payload type: 50
2026/09/29 08:34:45 WAR [path cam_3059f25c] [RTSP source] 5 decode errors, last was: received RTP packet with unknown payload type: 50
2026/09/29 08:34:46 WAR [path cam_3059f25c] [RTSP source] 5 decode errors, last was: received RTP packet with unknown payload type: 50
2026/09/29 08:34:46 WAR [path cam_5064cd2c] [RTSP source] 5 decode errors, last was: received RTP packet with unknown payload type: 50
2026/09/29 08:34:47 WAR [path cam_3059f25c] [RTSP source] 5 decode errors, last was: received RTP packet with unknown payload type: 50
2026/09/29 08:34:47 WAR [path cam_5064cd2c] [RTSP source] 5 decode errors, last was: received RTP packet with unknown payload type: 50
2026/09/29 08:34:48 WAR [path cam_3059f25c] [RTSP source] 5 decode errors, last was: received RTP packet with unknown payload type: 50
2026/09/29 08:34:48 WAR [path cam_5064cd2c] [RTSP source] 5 decode errors, last was: received RTP packet with unknown payload type: 50
2026/09/29 08:34:49 WAR [path cam_5064cd2c] [RTSP source] 5 decode errors, last was: received RTP packet with unknown payload type: 50
2026/09/29 08:34:49 WAR [path cam_3059f25c] [RTSP source] 5 decode errors, last was: received RTP packet with unknown payload type: 50
2026/09/29 08:34:50 WAR [path cam_3059f25c] [RTSP source] 5 decode errors, last was: received RTP packet with unknown payload type: 50
2026/09/29 08:34:50 WAR [path cam_5064cd2c] [RTSP source] 5 decode errors, last was: received RTP packet with unknown payload type: 50
2026/09/29 08:34:51 WAR [path cam_3059f25c] [RTSP source] 5 decode errors, last was: received RTP packet with unknown payload type: 50
2026/09/29 08:34:51 WAR [path cam_5064cd2c] [RTSP source] 5 decode errors, last was: received RTP packet with unknown payload type: 50
2026/09/29 08:34:52 WAR [path cam_5064cd2c] [RTSP source] 5 decode errors, last was: received RTP packet with unknown payload type: 50
2026/09/29 08:34:52 WAR [path cam_3059f25c] [RTSP source] 5 decode errors, last was: received RTP packet with unknown payload type: 50
2026/09/29 08:34:53 WAR [path cam_5064cd2c] [RTSP source] 5 decode errors, last was: received RTP packet with unknown payload type: 50
2026/09/29 08:34:53 WAR [path cam_3059f25c] [RTSP source] 5 decode errors, last was: received RTP packet with unknown payload type: 50
2026/09/29 08:34:54 WAR [path cam_3059f25c] [RTSP source] 5 decode errors, last was: received RTP packet with unknown payload type: 50
2026/09/29 08:34:54 WAR [path cam_5064cd2c] [RTSP source] 5 decode errors, last was: received RTP packet with unknown payload type: 50
2026/09/29 08:34:55 WAR [path cam_5064cd2c] [RTSP source] 5 decode errors, last was: received RTP packet with unknown payload type: 50
2026/09/29 08:34:55 WAR [path cam_3059f25c] [RTSP source] 5 decode errors, last was: received RTP packet with unknown payload type: 50
2026/09/29 08:34:56 WAR [path cam_5064cd2c] [RTSP source] 5 decode errors, last was: received RTP packet with unknown payload type: 50
2026/09/29 08:34:56 WAR [path cam_3059f25c] [RTSP source] 5 decode errors, last was: received RTP packet with unknown payload type: 50
2026/09/29 08:34:57 WAR [path cam_5064cd2c] [RTSP source] 5 decode errors, last was: received RTP packet with unknown payload type: 50
2026/09/29 08:34:57 WAR [path cam_3059f25c] [RTSP source] 5 decode errors, last was: received RTP packet with unknown payload type: 50
2026/09/29 08:34:58 WAR [path cam_5064cd2c] [RTSP source] 5 decode errors, last was: received RTP packet with unknown payload type: 50
2026/09/29 08:34:58 WAR [path cam_3059f25c] [RTSP source] 5 decode errors, last was: received RTP packet with unknown payload type: 50
2026/09/29 08:34:59 WAR [path cam_3059f25c] [RTSP source] 5 decode errors, last was: received RTP packet with unknown payload type: 50
2026/09/29 08:34:59 WAR [path cam_5064cd2c] [RTSP source] 5 decode errors, last was: received RTP packet with unknown payload type: 50
2026/09/29 08:35:00 WAR [path cam_3059f25c] [RTSP source] 5 decode errors, last was: received RTP packet with unknown payload type: 50
2026/09/29 08:35:00 WAR [path cam_5064cd2c] [RTSP source] 5 decode errors, last was: received RTP packet with unknown payload type: 50
2026/09/29 08:35:01 WAR [path cam_5064cd2c] [RTSP source] 5 decode errors, last was: received RTP packet with unknown payload type: 50
2026/09/29 08:35:01 WAR [path cam_3059f25c] [RTSP source] 5 decode errors, last was: received RTP packet with unknown payload type: 50
2026/09/29 08:35:02 WAR [path cam_5064cd2c] [RTSP source] 5 decode errors, last was: received RTP packet with unknown payload type: 50
2026/09/29 08:35:02 WAR [path cam_3059f25c] [RTSP source] 5 decode errors, last was: received RTP packet with unknown payload type: 50
2026/09/29 08:35:03 WAR [path cam_3059f25c] [RTSP source] 5 decode errors, last was: received RTP packet with unknown payload type: 50
2026/09/29 08:35:03 WAR [path cam_5064cd2c] [RTSP source] 5 decode errors, last was: received RTP packet with unknown payload type: 50
2026/09/29 08:35:04 WAR [path cam_5064cd2c] [RTSP source] 5 decode errors, last was: received RTP packet with unknown payload type: 50
2026/09/29 08:35:04 WAR [path cam_3059f25c] [RTSP source] 5 decode errors, last was: received RTP packet with unknown payload type: 50
2026/09/29 08:35:05 WAR [path cam_5064cd2c] [RTSP source] 5 decode errors, last was: received RTP packet with unknown payload type: 50
2026/09/29 08:35:05 WAR [path cam_3059f25c] [RTSP source] 5 decode errors, last was: received RTP packet with unknown payload type: 50
2026/09/29 08:35:06 WAR [path cam_5064cd2c] [RTSP source] 5 decode errors, last was: received RTP packet with unknown payload type: 50
2026/09/29 08:35:06 WAR [path cam_3059f25c] [RTSP source] 5 decode errors, last was: received RTP packet with unknown payload type: 50
2026/09/29 08:35:07 WAR [path cam_3059f25c] [RTSP source] 5 decode errors, last was: received RTP packet with unknown payload type: 50
2026/09/29 08:35:07 WAR [path cam_5064cd2c] [RTSP source] 5 decode errors, last was: received RTP packet with unknown payload type: 50
2026/09/29 08:35:08 WAR [path cam_5064cd2c] [RTSP source] 5 decode errors, last was: received RTP packet with unknown payload type: 50
2026/09/29 08:35:08 WAR [path cam_3059f25c] [RTSP source] 5 decode errors, last was: received RTP packet with unknown payload type: 50
2026/09/29 08:35:09 WAR [path cam_3059f25c] [RTSP source] 5 decode errors, last was: received RTP packet with unknown payload type: 50
2026/09/29 08:35:09 WAR [path cam_5064cd2c] [RTSP source] 5 decode errors, last was: received RTP packet with unknown payload type: 50
2026/09/29 08:35:10 WAR [path cam_3059f25c] [RTSP source] 5 decode errors, last was: received RTP packet with unknown payload type: 50
2026/09/29 08:35:10 WAR [path cam_5064cd2c] [RTSP source] 5 decode errors, last was: received RTP packet with unknown payload type: 50
2026/09/29 08:35:11 WAR [path cam_3059f25c] [RTSP source] 5 decode errors, last was: received RTP packet with unknown payload type: 50
2026/09/29 08:35:11 WAR [path cam_5064cd2c] [RTSP source] 5 decode errors, last was: received RTP packet with unknown payload type: 50
2026/09/29 08:35:12 WAR [path cam_5064cd2c] [RTSP source] 5 decode errors, last was: received RTP packet with unknown payload type: 50
2026/09/29 08:35:12 WAR [path cam_3059f25c] [RTSP source] 5 decode errors, last was: received RTP packet with unknown payload type: 50
2026/09/29 08:35:13 WAR [path cam_3059f25c] [RTSP source] 5 decode errors, last was: received RTP packet with unknown payload type: 50
2026/09/29 08:35:13 WAR [path cam_5064cd2c] [RTSP source] 5 decode errors, last was: received RTP packet with unknown payload type: 50
2026/09/29 08:35:14 WAR [path cam_5064cd2c] [RTSP source] 5 decode errors, last was: received RTP packet with unknown payload type: 50
2026/09/29 08:35:14 WAR [path cam_3059f25c] [RTSP source] 5 decode errors, last was: received RTP packet with unknown payload type: 50
2026/09/29 08:35:15 WAR [path cam_3059f25c] [RTSP source] 5 decode errors, last was: received RTP packet with unknown payload type: 50
2026/09/29 08:35:15 WAR [path cam_5064cd2c] [RTSP source] 5 decode errors, last was: received RTP packet with unknown payload type: 50
2026/09/29 08:35:16 WAR [path cam_3059f25c] [RTSP source] 5 decode errors, last was: received RTP packet with unknown payload type: 50
2026/09/29 08:35:16 WAR [path cam_5064cd2c] [RTSP source] 5 decode errors, last was: received RTP packet with unknown payload type: 50
2026/09/29 08:35:17 WAR [path cam_5064cd2c] [RTSP source] 5 decode errors, last was: received RTP packet with unknown payload type: 50
2026/09/29 08:35:17 WAR [path cam_3059f25c] [RTSP source] 5 decode errors, last was: received RTP packet with unknown payload type: 50
2026/09/29 08:35:18 WAR [path cam_3059f25c] [RTSP source] 5 decode errors, last was: received RTP packet with unknown payload type: 50
2026/09/29 08:35:18 WAR [path cam_5064cd2c] [RTSP source] 5 decode errors, last was: received RTP packet with unknown payload type: 50
2026/09/29 08:35:19 WAR [path cam_5064cd2c] [RTSP source] 5 decode errors, last was: received RTP packet with unknown payload type: 50
2026/09/29 08:35:19 WAR [path cam_3059f25c] [RTSP source] 5 decode errors, last was: received RTP packet with unknown payload type: 50
2026/09/29 08:35:20 WAR [path cam_3059f25c] [RTSP source] 5 decode errors, last was: received RTP packet with unknown payload type: 50
2026/09/29 08:35:20 WAR [path cam_5064cd2c] [RTSP source] 5 decode errors, last was: received RTP packet with unknown payload type: 50
2026/09/29 08:35:21 WAR [path cam_5064cd2c] [RTSP source] 5 decode errors, last was: received RTP packet with unknown payload type: 50
2026/09/29 08:35:21 WAR [path cam_3059f25c] [RTSP source] 5 decode errors, last was: received RTP packet with unknown payload type: 50
2026/09/29 08:35:22 WAR [path cam_3059f25c] [RTSP source] 5 decode errors, last was: received RTP packet with unknown payload type: 50
2026/09/29 08:35:22 WAR [path cam_5064cd2c] [RTSP source] 5 decode errors, last was: received RTP packet with unknown payload type: 50
2026/09/29 08:35:23 WAR [path cam_5064cd2c] [RTSP source] 5 decode errors, last was: received RTP packet with unknown payload type: 50
2026/09/29 08:35:23 WAR [path cam_3059f25c] [RTSP source] 5 decode errors, last was: received RTP packet with unknown payload type: 50
2026/09/29 08:35:24 WAR [path cam_3059f25c] [RTSP source] 5 decode errors, last was: received RTP packet with unknown payload type: 50
2026/09/29 08:35:24 WAR [path cam_5064cd2c] [RTSP source] 5 decode errors, last was: received RTP packet with unknown payload type: 50
2026/09/29 08:35:25 WAR [path cam_3059f25c] [RTSP source] 5 decode errors, last was: received RTP packet with unknown payload type: 50
2026/09/29 08:35:25 WAR [path cam_5064cd2c] [RTSP source] 5 decode errors, last was: received RTP packet with unknown payload type: 50
2026/09/29 08:35:26 WAR [path cam_3059f25c] [RTSP source] 5 decode errors, last was: received RTP packet with unknown payload type: 50
2026/09/29 08:35:26 WAR [path cam_5064cd2c] [RTSP source] 5 decode errors, last was: received RTP packet with unknown payload type: 50
2026/09/29 08:35:27 WAR [path cam_3059f25c] [RTSP source] 5 decode errors, last was: received RTP packet with unknown payload type: 50
2026/09/29 08:35:27 WAR [path cam_5064cd2c] [RTSP source] 5 decode errors, last was: received RTP packet with unknown payload type: 50
2026/09/29 08:35:28 WAR [path cam_1e437edf] [RTSP source] 4 RTP packets lost
2026/09/29 08:35:28 WAR [path cam_5064cd2c] [RTSP source] 5 decode errors, last was: received RTP packet with unknown payload type: 50
2026/09/29 08:35:28 WAR [path cam_3059f25c] [RTSP source] 5 decode errors, last was: received RTP packet with unknown payload type: 50
2026/09/29 08:35:28 WAR [path cam_1e437edf] 13 processing errors, last was: invalid fragmentation unit (non-starting)
2026/09/29 08:35:29 WAR [path cam_3059f25c] [RTSP source] 5 decode errors, last was: received RTP packet with unknown payload type: 50
2026/09/29 08:35:29 WAR [path cam_5064cd2c] [RTSP source] 5 decode errors, last was: received RTP packet with unknown payload type: 50
2026/09/29 08:35:30 WAR [path cam_3059f25c] [RTSP source] 5 decode errors, last was: received RTP packet with unknown payload type: 50
2026/09/29 08:35:30 WAR [path cam_5064cd2c] [RTSP source] 5 decode errors, last was: received RTP packet with unknown payload type: 50
2026/09/29 08:35:31 WAR [path cam_3059f25c] [RTSP source] 5 decode errors, last was: received RTP packet with unknown payload type: 50
2026/09/29 08:35:31 WAR [path cam_5064cd2c] [RTSP source] 5 decode errors, last was: received RTP packet with unknown payload type: 50
2026/09/29 08:35:32 WAR [path cam_5064cd2c] [RTSP source] 5 decode errors, last was: received RTP packet with unknown payload type: 50
2026/09/29 08:35:32 WAR [path cam_3059f25c] [RTSP source] 5 decode errors, last was: received RTP packet with unknown payload type: 50
2026/09/29 08:35:33 WAR [path cam_3059f25c] [RTSP source] 5 decode errors, last was: received RTP packet with unknown payload type: 50
2026/09/29 08:35:33 WAR [path cam_5064cd2c] [RTSP source] 5 decode errors, last was: received RTP packet with unknown payload type: 50
2026/09/29 08:35:34 WAR [path cam_5064cd2c] [RTSP source] 5 decode errors, last was: received RTP packet with unknown payload type: 50
2026/09/29 08:35:34 WAR [path cam_3059f25c] [RTSP source] 5 decode errors, last was: received RTP packet with unknown payload type: 50
2026/09/29 08:35:35 WAR [path cam_5064cd2c] [RTSP source] 5 decode errors, last was: received RTP packet with unknown payload type: 50
2026/09/29 08:35:35 WAR [path cam_3059f25c] [RTSP source] 5 decode errors, last was: received RTP packet with unknown payload type: 50
2026/09/29 08:35:36 WAR [path cam_3059f25c] [RTSP source] 5 decode errors, last was: received RTP packet with unknown payload type: 50
2026/09/29 08:35:36 WAR [path cam_5064cd2c] [RTSP source] 5 decode errors, last was: received RTP packet with unknown payload type: 50
2026/09/29 08:35:37 WAR [path cam_5064cd2c] [RTSP source] 5 decode errors, last was: received RTP packet with unknown payload type: 50
2026/09/29 08:35:37 WAR [path cam_3059f25c] [RTSP source] 5 decode errors, last was: received RTP packet with unknown payload type: 50
2026/09/29 08:35:38 WAR [path cam_3059f25c] [RTSP source] 5 decode errors, last was: received RTP packet with unknown payload type: 50
2026/09/29 08:35:38 WAR [path cam_5064cd2c] [RTSP source] 5 decode errors, last was: received RTP packet with unknown payload type: 50
2026/09/29 08:35:39 WAR [path cam_5064cd2c] [RTSP source] 5 decode errors, last was: received RTP packet with unknown payload type: 50
2026/09/29 08:35:39 WAR [path cam_3059f25c] [RTSP source] 5 decode errors, last was: received RTP packet with unknown payload type: 50
2026/09/29 08:35:40 WAR [path cam_5064cd2c] [RTSP source] 5 decode errors, last was: received RTP packet with unknown payload type: 50
2026/09/29 08:35:40 WAR [path cam_3059f25c] [RTSP source] 5 decode errors, last was: received RTP packet with unknown payload type: 50
2026/09/29 08:35:41 WAR [path cam_3059f25c] [RTSP source] 5 decode errors, last was: received RTP packet with unknown payload type: 50
2026/09/29 08:35:41 WAR [path cam_5064cd2c] [RTSP source] 5 decode errors, last was: received RTP packet with unknown payload type: 50
2026/09/29 08:35:42 WAR [path cam_5064cd2c] [RTSP source] 5 decode errors, last was: received RTP packet with unknown payload type: 50
2026/09/29 08:35:42 WAR [path cam_3059f25c] [RTSP source] 5 decode errors, last was: received RTP packet with unknown payload type: 50
2026/09/29 08:35:43 WAR [path cam_3059f25c] [RTSP source] 5 decode errors, last was: received RTP packet with unknown payload type: 50
2026/09/29 08:35:43 WAR [path cam_5064cd2c] [RTSP source] 5 decode errors, last was: received RTP packet with unknown payload type: 50
2026/09/29 08:35:44 WAR [path cam_5064cd2c] [RTSP source] 5 decode errors, last was: received RTP packet with unknown payload type: 50
2026/09/29 08:35:44 WAR [path cam_3059f25c] [RTSP source] 5 decode errors, last was: received RTP packet with unknown payload type: 50
2026/09/29 08:35:45 WAR [path cam_3059f25c] [RTSP source] 5 decode errors, last was: received RTP packet with unknown payload type: 50
2026/09/29 08:35:45 WAR [path cam_5064cd2c] [RTSP source] 5 decode errors, last was: received RTP packet with unknown payload type: 50
2026/09/29 08:35:46 WAR [path cam_5064cd2c] [RTSP source] 5 decode errors, last was: received RTP packet with unknown payload type: 50
2026/09/29 08:35:46 WAR [path cam_3059f25c] [RTSP source] 5 decode errors, last was: received RTP packet with unknown payload type: 50
2026/09/29 08:35:47 WAR [path cam_3059f25c] [RTSP source] 5 decode errors, last was: received RTP packet with unknown payload type: 50
2026/09/29 08:35:47 WAR [path cam_5064cd2c] [RTSP source] 5 decode errors, last was: received RTP packet with unknown payload type: 50
2026/09/29 08:35:48 WAR [path cam_5064cd2c] [RTSP source] 5 decode errors, last was: received RTP packet with unknown payload type: 50
2026/09/29 08:35:48 WAR [path cam_3059f25c] [RTSP source] 5 decode errors, last was: received RTP packet with unknown payload type: 50
2026/09/29 08:35:49 WAR [path cam_5064cd2c] [RTSP source] 5 decode errors, last was: received RTP packet with unknown payload type: 50
2026/09/29 08:35:49 WAR [path cam_3059f25c] [RTSP source] 5 decode errors, last was: received RTP packet with unknown payload type: 50
2026/09/29 08:35:50 WAR [path cam_3059f25c] [RTSP source] 5 decode errors, last was: received RTP packet with unknown payload type: 50
2026/09/29 08:35:50 WAR [path cam_5064cd2c] [RTSP source] 5 decode errors, last was: received RTP packet with unknown payload type: 50
2026/09/29 08:35:51 WAR [path cam_5064cd2c] [RTSP source] 5 decode errors, last was: received RTP packet with unknown payload type: 50
2026/09/29 08:35:51 WAR [path cam_3059f25c] [RTSP source] 5 decode errors, last was: received RTP packet with unknown payload type: 50
2026/09/29 08:35:52 WAR [path cam_5064cd2c] [RTSP source] 5 decode errors, last was: received RTP packet with unknown payload type: 50
2026/09/29 08:35:52 WAR [path cam_3059f25c] [RTSP source] 5 decode errors, last was: received RTP packet with unknown payload type: 50
2026/09/29 08:35:53 WAR [path cam_3059f25c] [RTSP source] 5 decode errors, last was: received RTP packet with unknown payload type: 50
2026/09/29 08:35:53 WAR [path cam_5064cd2c] [RTSP source] 5 decode errors, last was: received RTP packet with unknown payload type: 50
2026/09/29 08:35:54 WAR [path cam_3059f25c] [RTSP source] 5 decode errors, last was: received RTP packet with unknown payload type: 50
2026/09/29 08:35:54 WAR [path cam_5064cd2c] [RTSP source] 5 decode errors, last was: received RTP packet with unknown payload type: 50
2026/09/29 08:35:55 WAR [path cam_5064cd2c] [RTSP source] 5 decode errors, last was: received RTP packet with unknown payload type: 50
2026/09/29 08:35:55 WAR [path cam_3059f25c] [RTSP source] 5 decode errors, last was: received RTP packet with unknown payload type: 50
2026/09/29 08:35:56 WAR [path cam_3059f25c] [RTSP source] 5 decode errors, last was: received RTP packet with unknown payload type: 50
2026/09/29 08:35:56 WAR [path cam_5064cd2c] [RTSP source] 5 decode errors, last was: received RTP packet with unknown payload type: 50
2026/09/29 08:35:57 WAR [path cam_5064cd2c] [RTSP source] 5 decode errors, last was: received RTP packet with unknown payload type: 50
2026/09/29 08:35:57 WAR [path cam_3059f25c] [RTSP source] 5 decode errors, last was: received RTP packet with unknown payload type: 50
2026/09/29 08:35:58 WAR [path cam_3059f25c] [RTSP source] 5 decode errors, last was: received RTP packet with unknown payload type: 50
2026/09/29 08:35:58 WAR [path cam_5064cd2c] [RTSP source] 5 decode errors, last was: received RTP packet with unknown payload type: 50
2026/09/29 08:35:58 WAR [path cam_1e437edf_sub] 48 processing errors, last was: invalid FU-A packet (non-starting)
2026/09/29 08:35:59 WAR [path cam_1e437edf_sub] [RTSP source] 2 RTP packets lost
2026/09/29 08:35:59 WAR [path cam_3059f25c] [RTSP source] 5 decode errors, last was: received RTP packet with unknown payload type: 50
2026/09/29 08:35:59 WAR [path cam_5064cd2c] [RTSP source] 5 decode errors, last was: received RTP packet with unknown payload type: 50
2026/09/29 08:36:00 WAR [path cam_5064cd2c] [RTSP source] 5 decode errors, last was: received RTP packet with unknown payload type: 50
2026/09/29 08:36:00 WAR [path cam_3059f25c] [RTSP source] 5 decode errors, last was: received RTP packet with unknown payload type: 50
2026/09/29 08:36:01 WAR [path cam_3059f25c] [RTSP source] 5 decode errors, last was: received RTP packet with unknown payload type: 50
2026/09/29 08:36:01 WAR [path cam_5064cd2c] [RTSP source] 5 decode errors, last was: received RTP packet with unknown payload type: 50
2026/09/29 08:36:02 WAR [path cam_3059f25c] [RTSP source] 5 decode errors, last was: received RTP packet with unknown payload type: 50
2026/09/29 08:36:02 WAR [path cam_5064cd2c] [RTSP source] 5 decode errors, last was: received RTP packet with unknown payload type: 50
2026/09/29 08:36:03 WAR [path cam_5064cd2c] [RTSP source] 5 decode errors, last was: received RTP packet with unknown payload type: 50
2026/09/29 08:36:03 WAR [path cam_3059f25c] [RTSP source] 5 decode errors, last was: received RTP packet with unknown payload type: 50
2026/09/29 08:36:04 WAR [path cam_3059f25c] [RTSP source] 5 decode errors, last was: received RTP packet with unknown payload type: 50
2026/09/29 08:36:04 WAR [path cam_5064cd2c] [RTSP source] 5 decode errors, last was: received RTP packet with unknown payload type: 50
2026/09/29 08:36:05 WAR [path cam_3059f25c] [RTSP source] 5 decode errors, last was: received RTP packet with unknown payload type: 50
2026/09/29 08:36:05 WAR [path cam_5064cd2c] [RTSP source] 5 decode errors, last was: received RTP packet with unknown payload type: 50
2026/09/29 08:36:06 WAR [path cam_5064cd2c] [RTSP source] 5 decode errors, last was: received RTP packet with unknown payload type: 50
2026/09/29 08:36:06 WAR [path cam_3059f25c] [RTSP source] 5 decode errors, last was: received RTP packet with unknown payload type: 50
2026/09/29 08:36:07 WAR [path cam_5064cd2c] [RTSP source] 5 decode errors, last was: received RTP packet with unknown payload type: 50
2026/09/29 08:36:07 WAR [path cam_3059f25c] [RTSP source] 5 decode errors, last was: received RTP packet with unknown payload type: 50
2026/09/29 08:36:08 WAR [path cam_5064cd2c] [RTSP source] 5 decode errors, last was: received RTP packet with unknown payload type: 50
2026/09/29 08:36:08 WAR [path cam_3059f25c] [RTSP source] 5 decode errors, last was: received RTP packet with unknown payload type: 50
2026/09/29 08:36:09 WAR [path cam_3059f25c] [RTSP source] 5 decode errors, last was: received RTP packet with unknown payload type: 50
2026/09/29 08:36:09 WAR [path cam_5064cd2c] [RTSP source] 5 decode errors, last was: received RTP packet with unknown payload type: 50
2026/09/29 08:36:10 WAR [path cam_5064cd2c] [RTSP source] 5 decode errors, last was: received RTP packet with unknown payload type: 50
2026/09/29 08:36:10 WAR [path cam_3059f25c] [RTSP source] 5 decode errors, last was: received RTP packet with unknown payload type: 50
2026/09/29 08:36:11 WAR [path cam_5064cd2c] [RTSP source] 5 decode errors, last was: received RTP packet with unknown payload type: 50
2026/09/29 08:36:11 WAR [path cam_3059f25c] [RTSP source] 5 decode errors, last was: received RTP packet with unknown payload type: 50
2026/09/29 08:36:12 WAR [path cam_3059f25c] [RTSP source] 5 decode errors, last was: received RTP packet with unknown payload type: 50
2026/09/29 08:36:12 WAR [path cam_5064cd2c] [RTSP source] 5 decode errors, last was: received RTP packet with unknown payload type: 50
2026/09/29 08:36:13 WAR [path cam_5064cd2c] [RTSP source] 5 decode errors, last was: received RTP packet with unknown payload type: 50
2026/09/29 08:36:13 WAR [path cam_3059f25c] [RTSP source] 5 decode errors, last was: received RTP packet with unknown payload type: 50
2026/09/29 08:36:14 WAR [path cam_5064cd2c] [RTSP source] 5 decode errors, last was: received RTP packet with unknown payload type: 50
2026/09/29 08:36:14 WAR [path cam_3059f25c] [RTSP source] 5 decode errors, last was: received RTP packet with unknown payload type: 50
2026/09/29 08:36:15 WAR [path cam_5064cd2c] [RTSP source] 5 decode errors, last was: received RTP packet with unknown payload type: 50
2026/09/29 08:36:15 WAR [path cam_3059f25c] [RTSP source] 5 decode errors, last was: received RTP packet with unknown payload type: 50
2026/09/29 08:36:16 WAR [path cam_3059f25c] [RTSP source] 5 decode errors, last was: received RTP packet with unknown payload type: 50
2026/09/29 08:36:16 WAR [path cam_5064cd2c] [RTSP source] 5 decode errors, last was: received RTP packet with unknown payload type: 50
2026/09/29 08:36:17 WAR [path cam_5064cd2c] [RTSP source] 5 decode errors, last was: received RTP packet with unknown payload type: 50
2026/09/29 08:36:17 WAR [path cam_3059f25c] [RTSP source] 5 decode errors, last was: received RTP packet with unknown payload type: 50
2026/09/29 08:36:17 WAR [path cam_1e437edf] [RTSP source] 11 RTP packets lost
2026/09/29 08:36:17 WAR [path cam_1e437edf] 13 processing errors, last was: invalid fragmentation unit (non-starting)
2026/09/29 08:36:18 WAR [path cam_5064cd2c] [RTSP source] 5 decode errors, last was: received RTP packet with unknown payload type: 50
2026/09/29 08:36:18 WAR [path cam_3059f25c] [RTSP source] 5 decode errors, last was: received RTP packet with unknown payload type: 50
2026/09/29 08:36:19 WAR [path cam_3059f25c] [RTSP source] 5 decode errors, last was: received RTP packet with unknown payload type: 50
2026/09/29 08:36:19 WAR [path cam_5064cd2c] [RTSP source] 5 decode errors, last was: received RTP packet with unknown payload type: 50
2026/09/29 08:36:20 WAR [path cam_3059f25c] [RTSP source] 5 decode errors, last was: received RTP packet with unknown payload type: 50
2026/09/29 08:36:20 WAR [path cam_5064cd2c] [RTSP source] 5 decode errors, last was: received RTP packet with unknown payload type: 50
2026/09/29 08:36:21 WAR [path cam_5064cd2c] [RTSP source] 5 decode errors, last was: received RTP packet with unknown payload type: 50
2026/09/29 08:36:21 WAR [path cam_3059f25c] [RTSP source] 5 decode errors, last was: received RTP packet with unknown payload type: 50
2026/09/29 08:36:22 WAR [path cam_5064cd2c] [RTSP source] 5 decode errors, last was: received RTP packet with unknown payload type: 50
2026/09/29 08:36:22 WAR [path cam_3059f25c] [RTSP source] 5 decode errors, last was: received RTP packet with unknown payload type: 50
2026/09/29 08:36:23 WAR [path cam_3059f25c] [RTSP source] 5 decode errors, last was: received RTP packet with unknown payload type: 50
2026/09/29 08:36:23 WAR [path cam_5064cd2c] [RTSP source] 5 decode errors, last was: received RTP packet with unknown payload type: 50
2026/09/29 08:36:24 WAR [path cam_5064cd2c] [RTSP source] 5 decode errors, last was: received RTP packet with unknown payload type: 50
2026/09/29 08:36:24 WAR [path cam_3059f25c] [RTSP source] 5 decode errors, last was: received RTP packet with unknown payload type: 50
2026/09/29 08:36:25 WAR [path cam_3059f25c] [RTSP source] 5 decode errors, last was: received RTP packet with unknown payload type: 50
2026/09/29 08:36:25 WAR [path cam_5064cd2c] [RTSP source] 5 decode errors, last was: received RTP packet with unknown payload type: 50
2026/09/29 08:36:26 WAR [path cam_5064cd2c] [RTSP source] 5 decode errors, last was: received RTP packet with unknown payload type: 50
2026/09/29 08:36:26 WAR [path cam_3059f25c] [RTSP source] 5 decode errors, last was: received RTP packet with unknown payload type: 50
2026/09/29 08:36:27 WAR [path cam_5064cd2c] [RTSP source] 5 decode errors, last was: received RTP packet with unknown payload type: 50
2026/09/29 08:36:27 WAR [path cam_3059f25c] [RTSP source] 5 decode errors, last was: received RTP packet with unknown payload type: 50
2026/09/29 08:36:28 WAR [path cam_3059f25c] [RTSP source] 5 decode errors, last was: received RTP packet with unknown payload type: 50
2026/09/29 08:36:28 WAR [path cam_5064cd2c] [RTSP source] 5 decode errors, last was: received RTP packet with unknown payload type: 50
2026/09/29 08:36:28 WAR [path cam_1e437edf] 73 processing errors, last was: invalid fragmentation unit (non-starting)
2026/09/29 08:36:29 WAR [path cam_5064cd2c] [RTSP source] 5 decode errors, last was: received RTP packet with unknown payload type: 50
2026/09/29 08:36:29 WAR [path cam_3059f25c] [RTSP source] 5 decode errors, last was: received RTP packet with unknown payload type: 50
2026/09/29 08:36:29 WAR [path cam_1e437edf] [RTSP source] 20 RTP packets lost
2026/09/29 08:36:30 WAR [path cam_3059f25c] [RTSP source] 5 decode errors, last was: received RTP packet with unknown payload type: 50
2026/09/29 08:36:30 WAR [path cam_5064cd2c] [RTSP source] 5 decode errors, last was: received RTP packet with unknown payload type: 50
2026/09/29 08:36:31 WAR [path cam_3059f25c] [RTSP source] 5 decode errors, last was: received RTP packet with unknown payload type: 50
2026/09/29 08:36:31 WAR [path cam_5064cd2c] [RTSP source] 5 decode errors, last was: received RTP packet with unknown payload type: 50
2026/09/29 08:36:32 WAR [path cam_5064cd2c] [RTSP source] 5 decode errors, last was: received RTP packet with unknown payload type: 50
2026/09/29 08:36:32 WAR [path cam_3059f25c] [RTSP source] 5 decode errors, last was: received RTP packet with unknown payload type: 50
2026/09/29 08:36:33 WAR [path cam_3059f25c] [RTSP source] 5 decode errors, last was: received RTP packet with unknown payload type: 50
2026/09/29 08:36:33 WAR [path cam_5064cd2c] [RTSP source] 5 decode errors, last was: received RTP packet with unknown payload type: 50
2026/09/29 08:36:34 WAR [path cam_3059f25c] [RTSP source] 5 decode errors, last was: received RTP packet with unknown payload type: 50
2026/09/29 08:36:34 WAR [path cam_5064cd2c] [RTSP source] 5 decode errors, last was: received RTP packet with unknown payload type: 50
2026/09/29 08:36:35 WAR [path cam_3059f25c] [RTSP source] 5 decode errors, last was: received RTP packet with unknown payload type: 50
2026/09/29 08:36:35 WAR [path cam_5064cd2c] [RTSP source] 5 decode errors, last was: received RTP packet with unknown payload type: 50
2026/09/29 08:36:36 WAR [path cam_5064cd2c] [RTSP source] 5 decode errors, last was: received RTP packet with unknown payload type: 50
2026/09/29 08:36:36 WAR [path cam_3059f25c] [RTSP source] 5 decode errors, last was: received RTP packet with unknown payload type: 50
2026/09/29 08:36:37 WAR [path cam_5064cd2c] [RTSP source] 5 decode errors, last was: received RTP packet with unknown payload type: 50
2026/09/29 08:36:37 WAR [path cam_3059f25c] [RTSP source] 5 decode errors, last was: received RTP packet with unknown payload type: 50
2026/09/29 08:36:38 WAR [path cam_5064cd2c] [RTSP source] 5 decode errors, last was: received RTP packet with unknown payload type: 50
2026/09/29 08:36:38 WAR [path cam_3059f25c] [RTSP source] 5 decode errors, last was: received RTP packet with unknown payload type: 50
2026/09/29 08:36:39 WAR [path cam_5064cd2c] [RTSP source] 5 decode errors, last was: received RTP packet with unknown payload type: 50
2026/09/29 08:36:39 WAR [path cam_3059f25c] [RTSP source] 5 decode errors, last was: received RTP packet with unknown payload type: 50
2026/09/29 08:36:40 WAR [path cam_3059f25c] [RTSP source] 5 decode errors, last was: received RTP packet with unknown payload type: 50
2026/09/29 08:36:40 WAR [path cam_5064cd2c] [RTSP source] 5 decode errors, last was: received RTP packet with unknown payload type: 50
2026/09/29 08:36:41 WAR [path cam_5064cd2c] [RTSP source] 5 decode errors, last was: received RTP packet with unknown payload type: 50
2026/09/29 08:36:41 WAR [path cam_3059f25c] [RTSP source] 5 decode errors, last was: received RTP packet with unknown payload type: 50
2026/09/29 08:36:42 WAR [path cam_5064cd2c] [RTSP source] 5 decode errors, last was: received RTP packet with unknown payload type: 50
2026/09/29 08:36:42 WAR [path cam_3059f25c] [RTSP source] 5 decode errors, last was: received RTP packet with unknown payload type: 50
2026/09/29 08:36:43 WAR [path cam_3059f25c] [RTSP source] 5 decode errors, last was: received RTP packet with unknown payload type: 50
2026/09/29 08:36:43 WAR [path cam_5064cd2c] [RTSP source] 5 decode errors, last was: received RTP packet with unknown payload type: 50
2026/09/29 08:36:44 WAR [path cam_5064cd2c] [RTSP source] 5 decode errors, last was: received RTP packet with unknown payload type: 50
2026/09/29 08:36:44 WAR [path cam_3059f25c] [RTSP source] 5 decode errors, last was: received RTP packet with unknown payload type: 50
2026/09/29 08:36:45 WAR [path cam_5064cd2c] [RTSP source] 5 decode errors, last was: received RTP packet with unknown payload type: 50
2026/09/29 08:36:45 WAR [path cam_3059f25c] [RTSP source] 5 decode errors, last was: received RTP packet with unknown payload type: 50
2026/09/29 08:36:46 WAR [path cam_3059f25c] [RTSP source] 5 decode errors, last was: received RTP packet with unknown payload type: 50
2026/09/29 08:36:46 WAR [path cam_5064cd2c] [RTSP source] 5 decode errors, last was: received RTP packet with unknown payload type: 50
2026/09/29 08:36:47 WAR [path cam_3059f25c] [RTSP source] 5 decode errors, last was: received RTP packet with unknown payload type: 50
2026/09/29 08:36:47 WAR [path cam_5064cd2c] [RTSP source] 5 decode errors, last was: received RTP packet with unknown payload type: 50
2026/09/29 08:36:48 WAR [path cam_5064cd2c] [RTSP source] 5 decode errors, last was: received RTP packet with unknown payload type: 50
2026/09/29 08:36:48 WAR [path cam_3059f25c] [RTSP source] 5 decode errors, last was: received RTP packet with unknown payload type: 50
2026/09/29 08:36:49 WAR [path cam_3059f25c] [RTSP source] 5 decode errors, last was: received RTP packet with unknown payload type: 50
2026/09/29 08:36:49 WAR [path cam_5064cd2c] [RTSP source] 5 decode errors, last was: received RTP packet with unknown payload type: 50
2026/09/29 08:36:50 WAR [path cam_5064cd2c] [RTSP source] 5 decode errors, last was: received RTP packet with unknown payload type: 50
2026/09/29 08:36:50 WAR [path cam_3059f25c] [RTSP source] 5 decode errors, last was: received RTP packet with unknown payload type: 50
2026/09/29 08:36:51 WAR [path cam_5064cd2c] [RTSP source] 5 decode errors, last was: received RTP packet with unknown payload type: 50
2026/09/29 08:36:51 WAR [path cam_3059f25c] [RTSP source] 5 decode errors, last was: received RTP packet with unknown payload type: 50
2026/09/29 08:36:52 WAR [path cam_3059f25c] [RTSP source] 5 decode errors, last was: received RTP packet with unknown payload type: 50
2026/09/29 08:36:52 WAR [path cam_5064cd2c] [RTSP source] 5 decode errors, last was: received RTP packet with unknown payload type: 50
2026/09/29 08:36:53 WAR [path cam_5064cd2c] [RTSP source] 5 decode errors, last was: received RTP packet with unknown payload type: 50
2026/09/29 08:36:53 WAR [path cam_3059f25c] [RTSP source] 5 decode errors, last was: received RTP packet with unknown payload type: 50
2026/09/29 08:36:54 WAR [path cam_3059f25c] [RTSP source] 5 decode errors, last was: received RTP packet with unknown payload type: 50
2026/09/29 08:36:54 WAR [path cam_5064cd2c] [RTSP source] 5 decode errors, last was: received RTP packet with unknown payload type: 50
2026/09/29 08:36:55 WAR [path cam_5064cd2c] [RTSP source] 5 decode errors, last was: received RTP packet with unknown payload type: 50
2026/09/29 08:36:55 WAR [path cam_3059f25c] [RTSP source] 5 decode errors, last was: received RTP packet with unknown payload type: 50
2026/09/29 08:36:56 WAR [path cam_5064cd2c] [RTSP source] 5 decode errors, last was: received RTP packet with unknown payload type: 50
2026/09/29 08:36:56 WAR [path cam_3059f25c] [RTSP source] 5 decode errors, last was: received RTP packet with unknown payload type: 50
2026/09/29 08:36:57 WAR [path cam_3059f25c] [RTSP source] 5 decode errors, last was: received RTP packet with unknown payload type: 50
2026/09/29 08:36:57 WAR [path cam_5064cd2c] [RTSP source] 5 decode errors, last was: received RTP packet with unknown payload type: 50
2026/09/29 08:36:58 WAR [path cam_5064cd2c] [RTSP source] 5 decode errors, last was: received RTP packet with unknown payload type: 50
2026/09/29 08:36:58 WAR [path cam_3059f25c] [RTSP source] 5 decode errors, last was: received RTP packet with unknown payload type: 50
2026/09/29 08:36:59 WAR [path cam_5064cd2c] [RTSP source] 5 decode errors, last was: received RTP packet with unknown payload type: 50
2026/09/29 08:36:59 WAR [path cam_3059f25c] [RTSP source] 5 decode errors, last was: received RTP packet with unknown payload type: 50
2026/09/29 08:37:00 WAR [path cam_3059f25c] [RTSP source] 5 decode errors, last was: received RTP packet with unknown payload type: 50
2026/09/29 08:37:00 WAR [path cam_5064cd2c] [RTSP source] 5 decode errors, last was: received RTP packet with unknown payload type: 50
2026/09/29 08:37:01 WAR [path cam_3059f25c] [RTSP source] 5 decode errors, last was: received RTP packet with unknown payload type: 50
2026/09/29 08:37:01 WAR [path cam_5064cd2c] [RTSP source] 5 decode errors, last was: received RTP packet with unknown payload type: 50
2026/09/29 08:37:02 WAR [path cam_3059f25c] [RTSP source] 5 decode errors, last was: received RTP packet with unknown payload type: 50
2026/09/29 08:37:02 WAR [path cam_5064cd2c] [RTSP source] 5 decode errors, last was: received RTP packet with unknown payload type: 50
2026/09/29 08:37:03 WAR [path cam_5064cd2c] [RTSP source] 5 decode errors, last was: received RTP packet with unknown payload type: 50
2026/09/29 08:37:03 WAR [path cam_3059f25c] [RTSP source] 5 decode errors, last was: received RTP packet with unknown payload type: 50
2026/09/29 08:37:04 WAR [path cam_5064cd2c] [RTSP source] 5 decode errors, last was: received RTP packet with unknown payload type: 50
2026/09/29 08:37:04 WAR [path cam_3059f25c] [RTSP source] 5 decode errors, last was: received RTP packet with unknown payload type: 50
2026/09/29 08:37:05 WAR [path cam_3059f25c] [RTSP source] 5 decode errors, last was: received RTP packet with unknown payload type: 50
2026/09/29 08:37:05 WAR [path cam_5064cd2c] [RTSP source] 5 decode errors, last was: received RTP packet with unknown payload type: 50
2026/09/29 08:37:06 WAR [path cam_3059f25c] [RTSP source] 5 decode errors, last was: received RTP packet with unknown payload type: 50
2026/09/29 08:37:06 WAR [path cam_5064cd2c] [RTSP source] 5 decode errors, last was: received RTP packet with unknown payload type: 50
2026/09/29 08:37:07 WAR [path cam_5064cd2c] [RTSP source] 5 decode errors, last was: received RTP packet with unknown payload type: 50
2026/09/29 08:37:07 WAR [path cam_3059f25c] [RTSP source] 5 decode errors, last was: received RTP packet with unknown payload type: 50
2026/09/29 08:37:08 WAR [path cam_3059f25c] [RTSP source] 5 decode errors, last was: received RTP packet with unknown payload type: 50
2026/09/29 08:37:08 WAR [path cam_5064cd2c] [RTSP source] 5 decode errors, last was: received RTP packet with unknown payload type: 50
2026/09/29 08:37:09 WAR [path cam_3059f25c] [RTSP source] 5 decode errors, last was: received RTP packet with unknown payload type: 50
2026/09/29 08:37:09 WAR [path cam_5064cd2c] [RTSP source] 5 decode errors, last was: received RTP packet with unknown payload type: 50
2026/09/29 08:37:10 WAR [path cam_3059f25c] [RTSP source] 5 decode errors, last was: received RTP packet with unknown payload type: 50
2026/09/29 08:37:10 WAR [path cam_5064cd2c] [RTSP source] 5 decode errors, last was: received RTP packet with unknown payload type: 50
2026/09/29 08:37:11 WAR [path cam_5064cd2c] [RTSP source] 5 decode errors, last was: received RTP packet with unknown payload type: 50
2026/09/29 08:37:11 WAR [path cam_3059f25c] [RTSP source] 5 decode errors, last was: received RTP packet with unknown payload type: 50
2026/09/29 08:37:12 WAR [path cam_5064cd2c] [RTSP source] 5 decode errors, last was: received RTP packet with unknown payload type: 50
2026/09/29 08:37:12 WAR [path cam_3059f25c] [RTSP source] 5 decode errors, last was: received RTP packet with unknown payload type: 50
2026/09/29 08:37:13 WAR [path cam_5064cd2c] [RTSP source] 5 decode errors, last was: received RTP packet with unknown payload type: 50
2026/09/29 08:37:13 WAR [path cam_3059f25c] [RTSP source] 5 decode errors, last was: received RTP packet with unknown payload type: 50
2026/09/29 08:37:14 WAR [path cam_3059f25c] [RTSP source] 5 decode errors, last was: received RTP packet with unknown payload type: 50
2026/09/29 08:37:14 WAR [path cam_5064cd2c] [RTSP source] 5 decode errors, last was: received RTP packet with unknown payload type: 50
2026/09/29 08:37:15 WAR [path cam_3059f25c] [RTSP source] 5 decode errors, last was: received RTP packet with unknown payload type: 50
2026/09/29 08:37:15 WAR [path cam_5064cd2c] [RTSP source] 5 decode errors, last was: received RTP packet with unknown payload type: 50
2026/09/29 08:37:16 WAR [path cam_5064cd2c] [RTSP source] 5 decode errors, last was: received RTP packet with unknown payload type: 50
2026/09/29 08:37:16 WAR [path cam_3059f25c] [RTSP source] 5 decode errors, last was: received RTP packet with unknown payload type: 50
2026/09/29 08:37:17 WAR [path cam_3059f25c] [RTSP source] 5 decode errors, last was: received RTP packet with unknown payload type: 50
2026/09/29 08:37:17 WAR [path cam_5064cd2c] [RTSP source] 5 decode errors, last was: received RTP packet with unknown payload type: 50
2026/09/29 08:37:18 WAR [path cam_3059f25c] [RTSP source] 5 decode errors, last was: received RTP packet with unknown payload type: 50
2026/09/29 08:37:18 WAR [path cam_5064cd2c] [RTSP source] 5 decode errors, last was: received RTP packet with unknown payload type: 50
2026/09/29 08:37:19 WAR [path cam_5064cd2c] [RTSP source] 5 decode errors, last was: received RTP packet with unknown payload type: 50
2026/09/29 08:37:19 WAR [path cam_3059f25c] [RTSP source] 5 decode errors, last was: received RTP packet with unknown payload type: 50
2026/09/29 08:37:20 WAR [path cam_3059f25c] [RTSP source] 5 decode errors, last was: received RTP packet with unknown payload type: 50
2026/09/29 08:37:20 WAR [path cam_5064cd2c] [RTSP source] 5 decode errors, last was: received RTP packet with unknown payload type: 50
2026/09/29 08:37:21 WAR [path cam_5064cd2c] [RTSP source] 5 decode errors, last was: received RTP packet with unknown payload type: 50
2026/09/29 08:37:21 WAR [path cam_3059f25c] [RTSP source] 5 decode errors, last was: received RTP packet with unknown payload type: 50
2026/09/29 08:37:22 WAR [path cam_3059f25c] [RTSP source] 5 decode errors, last was: received RTP packet with unknown payload type: 50
2026/09/29 08:37:22 WAR [path cam_5064cd2c] [RTSP source] 5 decode errors, last was: received RTP packet with unknown payload type: 50
2026/09/29 08:37:23 WAR [path cam_3059f25c] [RTSP source] 5 decode errors, last was: received RTP packet with unknown payload type: 50
2026/09/29 08:37:23 WAR [path cam_5064cd2c] [RTSP source] 5 decode errors, last was: received RTP packet with unknown payload type: 50
2026/09/29 08:37:24 WAR [path cam_5064cd2c] [RTSP source] 5 decode errors, last was: received RTP packet with unknown payload type: 50
2026/09/29 08:37:24 WAR [path cam_3059f25c] [RTSP source] 5 decode errors, last was: received RTP packet with unknown payload type: 50
2026/09/29 08:37:25 WAR [path cam_3059f25c] [RTSP source] 5 decode errors, last was: received RTP packet with unknown payload type: 50
2026/09/29 08:37:25 WAR [path cam_5064cd2c] [RTSP source] 5 decode errors, last was: received RTP packet with unknown payload type: 50
2026/09/29 08:37:26 WAR [path cam_5064cd2c] [RTSP source] 5 decode errors, last was: received RTP packet with unknown payload type: 50
2026/09/29 08:37:26 WAR [path cam_3059f25c] [RTSP source] 5 decode errors, last was: received RTP packet with unknown payload type: 50
2026/09/29 08:37:27 WAR [path cam_3059f25c] [RTSP source] 5 decode errors, last was: received RTP packet with unknown payload type: 50
2026/09/29 08:37:27 WAR [path cam_5064cd2c] [RTSP source] 5 decode errors, last was: received RTP packet with unknown payload type: 50
2026/09/29 08:37:28 WAR [path cam_3059f25c] [RTSP source] 5 decode errors, last was: received RTP packet with unknown payload type: 50
2026/09/29 08:37:28 WAR [path cam_5064cd2c] [RTSP source] 5 decode errors, last was: received RTP packet with unknown payload type: 50
2026/09/29 08:37:29 WAR [path cam_3059f25c] [RTSP source] 5 decode errors, last was: received RTP packet with unknown payload type: 50
2026/09/29 08:37:29 WAR [path cam_5064cd2c] [RTSP source] 5 decode errors, last was: received RTP packet with unknown payload type: 50
2026/09/29 08:37:30 WAR [path cam_3059f25c] [RTSP source] 5 decode errors, last was: received RTP packet with unknown payload type: 50
2026/09/29 08:37:30 WAR [path cam_5064cd2c] [RTSP source] 5 decode errors, last was: received RTP packet with unknown payload type: 50
2026/09/29 08:37:31 WAR [path cam_5064cd2c] [RTSP source] 5 decode errors, last was: received RTP packet with unknown payload type: 50
2026/09/29 08:37:31 WAR [path cam_3059f25c] [RTSP source] 5 decode errors, last was: received RTP packet with unknown payload type: 50
2026/09/29 08:37:32 WAR [path cam_5064cd2c] [RTSP source] 5 decode errors, last was: received RTP packet with unknown payload type: 50
2026/09/29 08:37:32 WAR [path cam_3059f25c] [RTSP source] 5 decode errors, last was: received RTP packet with unknown payload type: 50
2026/09/29 08:37:33 WAR [path cam_5064cd2c] [RTSP source] 5 decode errors, last was: received RTP packet with unknown payload type: 50
2026/09/29 08:37:33 WAR [path cam_3059f25c] [RTSP source] 5 decode errors, last was: received RTP packet with unknown payload type: 50
2026/09/29 08:37:34 WAR [path cam_3059f25c] [RTSP source] 5 decode errors, last was: received RTP packet with unknown payload type: 50
2026/09/29 08:37:34 WAR [path cam_5064cd2c] [RTSP source] 5 decode errors, last was: received RTP packet with unknown payload type: 50
2026/09/29 08:37:35 WAR [path cam_3059f25c] [RTSP source] 5 decode errors, last was: received RTP packet with unknown payload type: 50
2026/09/29 08:37:35 WAR [path cam_5064cd2c] [RTSP source] 5 decode errors, last was: received RTP packet with unknown payload type: 50
2026/09/29 08:37:36 WAR [path cam_5064cd2c] [RTSP source] 5 decode errors, last was: received RTP packet with unknown payload type: 50
2026/09/29 08:37:36 WAR [path cam_3059f25c] [RTSP source] 5 decode errors, last was: received RTP packet with unknown payload type: 50
2026/09/29 08:37:36 WAR [path cam_5064cd2c] [RTSP source] 13 RTP packets lost
2026/09/29 08:37:36 WAR [path cam_5064cd2c] 38 processing errors, last was: invalid fragmentation unit (non-starting)
2026/09/29 08:37:37 WAR [path cam_3059f25c] [RTSP source] 5 decode errors, last was: received RTP packet with unknown payload type: 50
2026/09/29 08:37:37 WAR [path cam_5064cd2c] [RTSP source] 5 decode errors, last was: received RTP packet with unknown payload type: 50
2026/09/29 08:37:37 WAR [path cam_1e437edf] [RTSP source] 24 RTP packets lost
2026/09/29 08:37:37 WAR [path cam_1e437edf_sub] [RTSP source] 9 RTP packets lost
2026/09/29 08:37:38 WAR [path cam_5064cd2c] [RTSP source] 5 decode errors, last was: received RTP packet with unknown payload type: 50
2026/09/29 08:37:38 WAR [path cam_1e437edf] [RTSP source] 14 RTP packets lost
2026/09/29 08:37:38 WAR [path cam_3059f25c] [RTSP source] 5 decode errors, last was: received RTP packet with unknown payload type: 50
2026/09/29 08:37:38 WAR [path cam_1e437edf] 75 processing errors, last was: invalid fragmentation unit (non-starting)
2026/09/29 08:37:39 WAR [path cam_5064cd2c] [RTSP source] 5 decode errors, last was: received RTP packet with unknown payload type: 50
2026/09/29 08:37:39 WAR [path cam_3059f25c] [RTSP source] 5 decode errors, last was: received RTP packet with unknown payload type: 50
2026/09/29 08:37:39 WAR [path cam_1e437edf] [RTSP source] 2 RTP packets lost
2026/09/29 08:37:40 WAR [path cam_3059f25c] [RTSP source] 5 decode errors, last was: received RTP packet with unknown payload type: 50
2026/09/29 08:37:40 WAR [path cam_5064cd2c] [RTSP source] 5 decode errors, last was: received RTP packet with unknown payload type: 50
2026/09/29 08:37:40 WAR [path cam_1e437edf] 27 processing errors, last was: invalid fragmentation unit (non-starting)
2026/09/29 08:37:41 WAR [path cam_1e437edf] [RTSP source] 12 RTP packets lost
2026/09/29 08:37:41 WAR [path cam_3059f25c] [RTSP source] 5 decode errors, last was: received RTP packet with unknown payload type: 50
2026/09/29 08:37:41 WAR [path cam_5064cd2c] [RTSP source] 5 decode errors, last was: received RTP packet with unknown payload type: 50
2026/09/29 08:37:42 WAR [path cam_1e437edf] [RTSP source] 13 RTP packets lost
2026/09/29 08:37:42 WAR [path cam_5064cd2c] [RTSP source] 5 decode errors, last was: received RTP packet with unknown payload type: 50
2026/09/29 08:37:42 WAR [path cam_3059f25c] [RTSP source] 5 decode errors, last was: received RTP packet with unknown payload type: 50
2026/09/29 08:37:42 WAR [path cam_1e437edf] 78 processing errors, last was: invalid fragmentation unit (non-starting)
2026/09/29 08:37:43 WAR [path cam_3059f25c] [RTSP source] 5 decode errors, last was: received RTP packet with unknown payload type: 50
2026/09/29 08:37:43 WAR [path cam_5064cd2c] [RTSP source] 5 decode errors, last was: received RTP packet with unknown payload type: 50
2026/09/29 08:37:44 WAR [path cam_5064cd2c] [RTSP source] 5 decode errors, last was: received RTP packet with unknown payload type: 50
2026/09/29 08:37:44 WAR [path cam_3059f25c] [RTSP source] 5 decode errors, last was: received RTP packet with unknown payload type: 50
2026/09/29 08:37:45 WAR [path cam_5064cd2c] [RTSP source] 5 decode errors, last was: received RTP packet with unknown payload type: 50
2026/09/29 08:37:45 WAR [path cam_3059f25c] [RTSP source] 5 decode errors, last was: received RTP packet with unknown payload type: 50
2026/09/29 08:37:46 WAR [path cam_3059f25c] [RTSP source] 5 decode errors, last was: received RTP packet with unknown payload type: 50
2026/09/29 08:37:46 WAR [path cam_5064cd2c] [RTSP source] 5 decode errors, last was: received RTP packet with unknown payload type: 50
2026/09/29 08:37:47 WAR [path cam_3059f25c] [RTSP source] 5 decode errors, last was: received RTP packet with unknown payload type: 50
2026/09/29 08:37:47 WAR [path cam_5064cd2c] [RTSP source] 5 decode errors, last was: received RTP packet with unknown payload type: 50
2026/09/29 08:37:48 WAR [path cam_5064cd2c] [RTSP source] 5 decode errors, last was: received RTP packet with unknown payload type: 50
2026/09/29 08:37:48 WAR [path cam_3059f25c] [RTSP source] 5 decode errors, last was: received RTP packet with unknown payload type: 50
2026/09/29 08:37:49 WAR [path cam_3059f25c] [RTSP source] 5 decode errors, last was: received RTP packet with unknown payload type: 50
2026/09/29 08:37:49 WAR [path cam_5064cd2c] [RTSP source] 5 decode errors, last was: received RTP packet with unknown payload type: 50
2026/09/29 08:37:50 WAR [path cam_5064cd2c] [RTSP source] 5 decode errors, last was: received RTP packet with unknown payload type: 50
2026/09/29 08:37:50 WAR [path cam_3059f25c] [RTSP source] 5 decode errors, last was: received RTP packet with unknown payload type: 50
2026/09/29 08:37:51 WAR [path cam_5064cd2c] [RTSP source] 5 decode errors, last was: received RTP packet with unknown payload type: 50
2026/09/29 08:37:51 WAR [path cam_3059f25c] [RTSP source] 5 decode errors, last was: received RTP packet with unknown payload type: 50
2026/09/29 08:37:52 WAR [path cam_5064cd2c] [RTSP source] 5 decode errors, last was: received RTP packet with unknown payload type: 50
2026/09/29 08:37:52 WAR [path cam_3059f25c] [RTSP source] 5 decode errors, last was: received RTP packet with unknown payload type: 50
2026/09/29 08:37:53 WAR [path cam_5064cd2c] [RTSP source] 5 decode errors, last was: received RTP packet with unknown payload type: 50
2026/09/29 08:37:53 WAR [path cam_3059f25c] [RTSP source] 5 decode errors, last was: received RTP packet with unknown payload type: 50
2026/09/29 08:37:54 WAR [path cam_3059f25c] [RTSP source] 5 decode errors, last was: received RTP packet with unknown payload type: 50
2026/09/29 08:37:54 WAR [path cam_5064cd2c] [RTSP source] 5 decode errors, last was: received RTP packet with unknown payload type: 50
2026/09/29 08:37:55 WAR [path cam_3059f25c] [RTSP source] 5 decode errors, last was: received RTP packet with unknown payload type: 50
2026/09/29 08:37:55 WAR [path cam_5064cd2c] [RTSP source] 5 decode errors, last was: received RTP packet with unknown payload type: 50
2026/09/29 08:37:56 WAR [path cam_5064cd2c] [RTSP source] 5 decode errors, last was: received RTP packet with unknown payload type: 50
2026/09/29 08:37:56 WAR [path cam_3059f25c] [RTSP source] 5 decode errors, last was: received RTP packet with unknown payload type: 50
2026/09/29 08:37:57 WAR [path cam_3059f25c] [RTSP source] 5 decode errors, last was: received RTP packet with unknown payload type: 50
2026/09/29 08:37:57 WAR [path cam_5064cd2c] [RTSP source] 5 decode errors, last was: received RTP packet with unknown payload type: 50
2026/09/29 08:37:58 WAR [path cam_3059f25c] [RTSP source] 5 decode errors, last was: received RTP packet with unknown payload type: 50
2026/09/29 08:37:58 WAR [path cam_5064cd2c] [RTSP source] 5 decode errors, last was: received RTP packet with unknown payload type: 50
2026/09/29 08:37:59 WAR [path cam_3059f25c] [RTSP source] 5 decode errors, last was: received RTP packet with unknown payload type: 50
2026/09/29 08:37:59 WAR [path cam_5064cd2c] [RTSP source] 5 decode errors, last was: received RTP packet with unknown payload type: 50
2026/09/29 08:38:00 WAR [path cam_3059f25c] [RTSP source] 5 decode errors, last was: received RTP packet with unknown payload type: 50
2026/09/29 08:38:00 WAR [path cam_5064cd2c] [RTSP source] 5 decode errors, last was: received RTP packet with unknown payload type: 50
2026/09/29 08:38:01 WAR [path cam_5064cd2c] [RTSP source] 5 decode errors, last was: received RTP packet with unknown payload type: 50
2026/09/29 08:38:01 WAR [path cam_3059f25c] [RTSP source] 5 decode errors, last was: received RTP packet with unknown payload type: 50
2026/09/29 08:38:02 WAR [path cam_5064cd2c] [RTSP source] 5 decode errors, last was: received RTP packet with unknown payload type: 50
2026/09/29 08:38:02 WAR [path cam_3059f25c] [RTSP source] 5 decode errors, last was: received RTP packet with unknown payload type: 50
2026/09/29 08:38:03 WAR [path cam_3059f25c] [RTSP source] 5 decode errors, last was: received RTP packet with unknown payload type: 50
2026/09/29 08:38:03 WAR [path cam_5064cd2c] [RTSP source] 5 decode errors, last was: received RTP packet with unknown payload type: 50
2026/09/29 08:38:04 WAR [path cam_3059f25c] [RTSP source] 5 decode errors, last was: received RTP packet with unknown payload type: 50
2026/09/29 08:38:04 WAR [path cam_5064cd2c] [RTSP source] 5 decode errors, last was: received RTP packet with unknown payload type: 50
2026/09/29 08:38:05 WAR [path cam_5064cd2c] [RTSP source] 5 decode errors, last was: received RTP packet with unknown payload type: 50
2026/09/29 08:38:05 WAR [path cam_3059f25c] [RTSP source] 5 decode errors, last was: received RTP packet with unknown payload type: 50
2026/09/29 08:38:06 WAR [path cam_3059f25c] [RTSP source] 5 decode errors, last was: received RTP packet with unknown payload type: 50
2026/09/29 08:38:06 WAR [path cam_5064cd2c] [RTSP source] 5 decode errors, last was: received RTP packet with unknown payload type: 50
2026/09/29 08:38:07 WAR [path cam_3059f25c] [RTSP source] 5 decode errors, last was: received RTP packet with unknown payload type: 50
2026/09/29 08:38:07 WAR [path cam_5064cd2c] [RTSP source] 5 decode errors, last was: received RTP packet with unknown payload type: 50
2026/09/29 08:38:08 WAR [path cam_5064cd2c] [RTSP source] 5 decode errors, last was: received RTP packet with unknown payload type: 50
2026/09/29 08:38:08 WAR [path cam_3059f25c] [RTSP source] 5 decode errors, last was: received RTP packet with unknown payload type: 50
2026/09/29 08:38:09 WAR [path cam_3059f25c] [RTSP source] 5 decode errors, last was: received RTP packet with unknown payload type: 50
2026/09/29 08:38:09 WAR [path cam_5064cd2c] [RTSP source] 5 decode errors, last was: received RTP packet with unknown payload type: 50
2026/09/29 08:38:10 WAR [path cam_5064cd2c] [RTSP source] 5 decode errors, last was: received RTP packet with unknown payload type: 50
2026/09/29 08:38:10 WAR [path cam_3059f25c] [RTSP source] 5 decode errors, last was: received RTP packet with unknown payload type: 50
2026/09/29 08:38:11 WAR [path cam_5064cd2c] [RTSP source] 5 decode errors, last was: received RTP packet with unknown payload type: 50
2026/09/29 08:38:11 WAR [path cam_3059f25c] [RTSP source] 5 decode errors, last was: received RTP packet with unknown payload type: 50
2026/09/29 08:38:12 WAR [path cam_3059f25c] [RTSP source] 5 decode errors, last was: received RTP packet with unknown payload type: 50
2026/09/29 08:38:12 WAR [path cam_5064cd2c] [RTSP source] 5 decode errors, last was: received RTP packet with unknown payload type: 50
2026/09/29 08:38:13 WAR [path cam_5064cd2c] [RTSP source] 5 decode errors, last was: received RTP packet with unknown payload type: 50
2026/09/29 08:38:13 WAR [path cam_3059f25c] [RTSP source] 5 decode errors, last was: received RTP packet with unknown payload type: 50
2026/09/29 08:38:14 WAR [path cam_5064cd2c] [RTSP source] 5 decode errors, last was: received RTP packet with unknown payload type: 50
2026/09/29 08:38:14 WAR [path cam_3059f25c] [RTSP source] 5 decode errors, last was: received RTP packet with unknown payload type: 50
2026/09/29 08:38:15 WAR [path cam_3059f25c] [RTSP source] 5 decode errors, last was: received RTP packet with unknown payload type: 50
2026/09/29 08:38:15 WAR [path cam_5064cd2c] [RTSP source] 5 decode errors, last was: received RTP packet with unknown payload type: 50
2026/09/29 08:38:16 WAR [path cam_3059f25c] [RTSP source] 5 decode errors, last was: received RTP packet with unknown payload type: 50
2026/09/29 08:38:16 WAR [path cam_5064cd2c] [RTSP source] 5 decode errors, last was: received RTP packet with unknown payload type: 50
2026/09/29 08:38:17 WAR [path cam_3059f25c] [RTSP source] 5 decode errors, last was: received RTP packet with unknown payload type: 50
2026/09/29 08:38:17 WAR [path cam_5064cd2c] [RTSP source] 5 decode errors, last was: received RTP packet with unknown payload type: 50
2026/09/29 08:38:18 WAR [path cam_3059f25c] [RTSP source] 5 decode errors, last was: received RTP packet with unknown payload type: 50
2026/09/29 08:38:18 WAR [path cam_5064cd2c] [RTSP source] 5 decode errors, last was: received RTP packet with unknown payload type: 50
2026/09/29 08:38:19 WAR [path cam_3059f25c] [RTSP source] 5 decode errors, last was: received RTP packet with unknown payload type: 50
2026/09/29 08:38:19 WAR [path cam_5064cd2c] [RTSP source] 5 decode errors, last was: received RTP packet with unknown payload type: 50
2026/09/29 08:38:20 WAR [path cam_3059f25c] [RTSP source] 5 decode errors, last was: received RTP packet with unknown payload type: 50
2026/09/29 08:38:20 WAR [path cam_5064cd2c] [RTSP source] 5 decode errors, last was: received RTP packet with unknown payload type: 50
2026/09/29 08:38:21 WAR [path cam_3059f25c] [RTSP source] 5 decode errors, last was: received RTP packet with unknown payload type: 50
2026/09/29 08:38:21 WAR [path cam_5064cd2c] [RTSP source] 5 decode errors, last was: received RTP packet with unknown payload type: 50
2026/09/29 08:38:22 WAR [path cam_5064cd2c] [RTSP source] 5 decode errors, last was: received RTP packet with unknown payload type: 50
2026/09/29 08:38:22 WAR [path cam_3059f25c] [RTSP source] 5 decode errors, last was: received RTP packet with unknown payload type: 50
2026/09/29 08:38:23 WAR [path cam_3059f25c] [RTSP source] 5 decode errors, last was: received RTP packet with unknown payload type: 50
2026/09/29 08:38:23 WAR [path cam_5064cd2c] [RTSP source] 5 decode errors, last was: received RTP packet with unknown payload type: 50
2026/09/29 08:38:24 WAR [path cam_3059f25c] [RTSP source] 5 decode errors, last was: received RTP packet with unknown payload type: 50
2026/09/29 08:38:24 WAR [path cam_5064cd2c] [RTSP source] 5 decode errors, last was: received RTP packet with unknown payload type: 50
2026/09/29 08:38:25 WAR [path cam_5064cd2c] [RTSP source] 5 decode errors, last was: received RTP packet with unknown payload type: 50
2026/09/29 08:38:25 WAR [path cam_3059f25c] [RTSP source] 5 decode errors, last was: received RTP packet with unknown payload type: 50
2026/09/29 08:38:26 WAR [path cam_5064cd2c] [RTSP source] 5 decode errors, last was: received RTP packet with unknown payload type: 50
2026/09/29 08:38:26 WAR [path cam_3059f25c] [RTSP source] 5 decode errors, last was: received RTP packet with unknown payload type: 50
2026/09/29 08:38:27 WAR [path cam_3059f25c] [RTSP source] 5 decode errors, last was: received RTP packet with unknown payload type: 50
2026/09/29 08:38:27 WAR [path cam_5064cd2c] [RTSP source] 5 decode errors, last was: received RTP packet with unknown payload type: 50
2026/09/29 08:38:28 WAR [path cam_5064cd2c] [RTSP source] 5 decode errors, last was: received RTP packet with unknown payload type: 50
2026/09/29 08:38:28 WAR [path cam_3059f25c] [RTSP source] 5 decode errors, last was: received RTP packet with unknown payload type: 50
2026/09/29 08:38:29 WAR [path cam_5064cd2c] [RTSP source] 5 decode errors, last was: received RTP packet with unknown payload type: 50
2026/09/29 08:38:29 WAR [path cam_3059f25c] [RTSP source] 5 decode errors, last was: received RTP packet with unknown payload type: 50
2026/09/29 08:38:30 WAR [path cam_3059f25c] [RTSP source] 5 decode errors, last was: received RTP packet with unknown payload type: 50
2026/09/29 08:38:30 WAR [path cam_5064cd2c] [RTSP source] 5 decode errors, last was: received RTP packet with unknown payload type: 50
2026/09/29 08:38:31 WAR [path cam_5064cd2c] [RTSP source] 5 decode errors, last was: received RTP packet with unknown payload type: 50
2026/09/29 08:38:31 WAR [path cam_3059f25c] [RTSP source] 5 decode errors, last was: received RTP packet with unknown payload type: 50
2026/09/29 08:38:32 WAR [path cam_5064cd2c] [RTSP source] 5 decode errors, last was: received RTP packet with unknown payload type: 50
2026/09/29 08:38:32 WAR [path cam_3059f25c] [RTSP source] 5 decode errors, last was: received RTP packet with unknown payload type: 50
2026/09/29 08:38:33 WAR [path cam_3059f25c] [RTSP source] 5 decode errors, last was: received RTP packet with unknown payload type: 50
2026/09/29 08:38:33 WAR [path cam_5064cd2c] [RTSP source] 5 decode errors, last was: received RTP packet with unknown payload type: 50
2026/09/29 08:38:34 WAR [path cam_5064cd2c] [RTSP source] 5 decode errors, last was: received RTP packet with unknown payload type: 50
2026/09/29 08:38:34 WAR [path cam_3059f25c] [RTSP source] 5 decode errors, last was: received RTP packet with unknown payload type: 50
2026/09/29 08:38:35 WAR [path cam_5064cd2c] [RTSP source] 5 decode errors, last was: received RTP packet with unknown payload type: 50
2026/09/29 08:38:35 WAR [path cam_3059f25c] [RTSP source] 5 decode errors, last was: received RTP packet with unknown payload type: 50
2026/09/29 08:38:36 WAR [path cam_3059f25c] [RTSP source] 5 decode errors, last was: received RTP packet with unknown payload type: 50
2026/09/29 08:38:36 WAR [path cam_5064cd2c] [RTSP source] 5 decode errors, last was: received RTP packet with unknown payload type: 50
2026/09/29 08:38:37 WAR [path cam_5064cd2c] [RTSP source] 5 decode errors, last was: received RTP packet with unknown payload type: 50
2026/09/29 08:38:37 WAR [path cam_3059f25c] [RTSP source] 5 decode errors, last was: received RTP packet with unknown payload type: 50
2026/09/29 08:38:38 WAR [path cam_5064cd2c] [RTSP source] 5 decode errors, last was: received RTP packet with unknown payload type: 50
2026/09/29 08:38:38 WAR [path cam_3059f25c] [RTSP source] 5 decode errors, last was: received RTP packet with unknown payload type: 50
2026/09/29 08:38:39 WAR [path cam_3059f25c] [RTSP source] 5 decode errors, last was: received RTP packet with unknown payload type: 50
2026/09/29 08:38:39 WAR [path cam_5064cd2c] [RTSP source] 5 decode errors, last was: received RTP packet with unknown payload type: 50
2026/09/29 08:38:40 WAR [path cam_5064cd2c] [RTSP source] 5 decode errors, last was: received RTP packet with unknown payload type: 50
2026/09/29 08:38:40 WAR [path cam_3059f25c] [RTSP source] 5 decode errors, last was: received RTP packet with unknown payload type: 50
2026/09/29 08:38:41 WAR [path cam_5064cd2c] [RTSP source] 5 decode errors, last was: received RTP packet with unknown payload type: 50
2026/09/29 08:38:41 WAR [path cam_3059f25c] [RTSP source] 5 decode errors, last was: received RTP packet with unknown payload type: 50
2026/09/29 08:38:42 WAR [path cam_5064cd2c] [RTSP source] 5 decode errors, last was: received RTP packet with unknown payload type: 50
2026/09/29 08:38:42 WAR [path cam_3059f25c] [RTSP source] 5 decode errors, last was: received RTP packet with unknown payload type: 50
2026/09/29 08:38:43 WAR [path cam_3059f25c] [RTSP source] 5 decode errors, last was: received RTP packet with unknown payload type: 50
2026/09/29 08:38:43 WAR [path cam_5064cd2c] [RTSP source] 5 decode errors, last was: received RTP packet with unknown payload type: 50
2026/09/29 08:38:44 WAR [path cam_3059f25c] [RTSP source] 5 decode errors, last was: received RTP packet with unknown payload type: 50
2026/09/29 08:38:44 WAR [path cam_5064cd2c] [RTSP source] 5 decode errors, last was: received RTP packet with unknown payload type: 50
2026/09/29 08:38:45 WAR [path cam_5064cd2c] [RTSP source] 5 decode errors, last was: received RTP packet with unknown payload type: 50
2026/09/29 08:38:45 WAR [path cam_3059f25c] [RTSP source] 5 decode errors, last was: received RTP packet with unknown payload type: 50
2026/09/29 08:38:46 WAR [path cam_3059f25c] [RTSP source] 5 decode errors, last was: received RTP packet with unknown payload type: 50
2026/09/29 08:38:46 WAR [path cam_5064cd2c] [RTSP source] 5 decode errors, last was: received RTP packet with unknown payload type: 50
2026/09/29 08:38:47 WAR [path cam_5064cd2c] [RTSP source] 5 decode errors, last was: received RTP packet with unknown payload type: 50
2026/09/29 08:38:47 WAR [path cam_3059f25c] [RTSP source] 5 decode errors, last was: received RTP packet with unknown payload type: 50
2026/09/29 08:38:48 WAR [path cam_3059f25c] [RTSP source] 5 decode errors, last was: received RTP packet with unknown payload type: 50
2026/09/29 08:38:48 WAR [path cam_5064cd2c] [RTSP source] 5 decode errors, last was: received RTP packet with unknown payload type: 50
2026/09/29 08:38:49 WAR [path cam_5064cd2c] [RTSP source] 5 decode errors, last was: received RTP packet with unknown payload type: 50
2026/09/29 08:38:49 WAR [path cam_3059f25c] [RTSP source] 5 decode errors, last was: received RTP packet with unknown payload type: 50
2026/09/29 08:38:50 WAR [path cam_5064cd2c] [RTSP source] 5 decode errors, last was: received RTP packet with unknown payload type: 50
2026/09/29 08:38:50 WAR [path cam_3059f25c] [RTSP source] 5 decode errors, last was: received RTP packet with unknown payload type: 50
2026/09/29 08:38:51 WAR [path cam_3059f25c] [RTSP source] 5 decode errors, last was: received RTP packet with unknown payload type: 50
2026/09/29 08:38:51 WAR [path cam_5064cd2c] [RTSP source] 5 decode errors, last was: received RTP packet with unknown payload type: 50
2026/09/29 08:38:52 WAR [path cam_3059f25c] [RTSP source] 5 decode errors, last was: received RTP packet with unknown payload type: 50
2026/09/29 08:38:52 WAR [path cam_5064cd2c] [RTSP source] 5 decode errors, last was: received RTP packet with unknown payload type: 50
2026/09/29 08:38:53 WAR [path cam_5064cd2c] [RTSP source] 5 decode errors, last was: received RTP packet with unknown payload type: 50
2026/09/29 08:38:53 WAR [path cam_3059f25c] [RTSP source] 5 decode errors, last was: received RTP packet with unknown payload type: 50
2026/09/29 08:38:54 WAR [path cam_3059f25c] [RTSP source] 5 decode errors, last was: received RTP packet with unknown payload type: 50
2026/09/29 08:38:54 WAR [path cam_5064cd2c] [RTSP source] 5 decode errors, last was: received RTP packet with unknown payload type: 50
2026/09/29 08:38:55 WAR [path cam_3059f25c] [RTSP source] 5 decode errors, last was: received RTP packet with unknown payload type: 50
2026/09/29 08:38:55 WAR [path cam_5064cd2c] [RTSP source] 5 decode errors, last was: received RTP packet with unknown payload type: 50
2026/09/29 08:38:56 WAR [path cam_5064cd2c] [RTSP source] 5 decode errors, last was: received RTP packet with unknown payload type: 50
2026/09/29 08:38:56 WAR [path cam_3059f25c] [RTSP source] 5 decode errors, last was: received RTP packet with unknown payload type: 50
2026/09/29 08:38:57 WAR [path cam_3059f25c] [RTSP source] 5 decode errors, last was: received RTP packet with unknown payload type: 50
2026/09/29 08:38:57 WAR [path cam_5064cd2c] [RTSP source] 5 decode errors, last was: received RTP packet with unknown payload type: 50
2026/09/29 08:38:58 WAR [path cam_5064cd2c] [RTSP source] 5 decode errors, last was: received RTP packet with unknown payload type: 50
2026/09/29 08:38:58 WAR [path cam_3059f25c] [RTSP source] 5 decode errors, last was: received RTP packet with unknown payload type: 50
2026/09/29 08:38:59 WAR [path cam_5064cd2c] [RTSP source] 5 decode errors, last was: received RTP packet with unknown payload type: 50
2026/09/29 08:38:59 WAR [path cam_3059f25c] [RTSP source] 5 decode errors, last was: received RTP packet with unknown payload type: 50
2026/09/29 08:39:00 WAR [path cam_5064cd2c] [RTSP source] 5 decode errors, last was: received RTP packet with unknown payload type: 50
2026/09/29 08:39:00 WAR [path cam_3059f25c] [RTSP source] 5 decode errors, last was: received RTP packet with unknown payload type: 50
2026/09/29 08:39:01 WAR [path cam_3059f25c] [RTSP source] 5 decode errors, last was: received RTP packet with unknown payload type: 50
2026/09/29 08:39:01 WAR [path cam_5064cd2c] [RTSP source] 5 decode errors, last was: received RTP packet with unknown payload type: 50
2026/09/29 08:39:02 WAR [path cam_5064cd2c] [RTSP source] 5 decode errors, last was: received RTP packet with unknown payload type: 50
2026/09/29 08:39:02 WAR [path cam_3059f25c] [RTSP source] 5 decode errors, last was: received RTP packet with unknown payload type: 50
2026/09/29 08:39:03 WAR [path cam_5064cd2c] [RTSP source] 5 decode errors, last was: received RTP packet with unknown payload type: 50
2026/09/29 08:39:03 WAR [path cam_3059f25c] [RTSP source] 5 decode errors, last was: received RTP packet with unknown payload type: 50
2026/09/29 08:39:04 WAR [path cam_3059f25c] [RTSP source] 5 decode errors, last was: received RTP packet with unknown payload type: 50
2026/09/29 08:39:04 WAR [path cam_5064cd2c] [RTSP source] 5 decode errors, last was: received RTP packet with unknown payload type: 50
2026/09/29 08:39:05 WAR [path cam_3059f25c] [RTSP source] 5 decode errors, last was: received RTP packet with unknown payload type: 50
2026/09/29 08:39:05 WAR [path cam_5064cd2c] [RTSP source] 5 decode errors, last was: received RTP packet with unknown payload type: 50
2026/09/29 08:39:06 WAR [path cam_5064cd2c] [RTSP source] 5 decode errors, last was: received RTP packet with unknown payload type: 50
2026/09/29 08:39:06 WAR [path cam_3059f25c] [RTSP source] 5 decode errors, last was: received RTP packet with unknown payload type: 50
2026/09/29 08:39:07 WAR [path cam_3059f25c] [RTSP source] 5 decode errors, last was: received RTP packet with unknown payload type: 50
2026/09/29 08:39:07 WAR [path cam_5064cd2c] [RTSP source] 5 decode errors, last was: received RTP packet with unknown payload type: 50
2026/09/29 08:39:08 WAR [path cam_3059f25c] [RTSP source] 5 decode errors, last was: received RTP packet with unknown payload type: 50
2026/09/29 08:39:08 WAR [path cam_5064cd2c] [RTSP source] 5 decode errors, last was: received RTP packet with unknown payload type: 50
2026/09/29 08:39:09 WAR [path cam_5064cd2c] [RTSP source] 5 decode errors, last was: received RTP packet with unknown payload type: 50
2026/09/29 08:39:09 WAR [path cam_3059f25c] [RTSP source] 5 decode errors, last was: received RTP packet with unknown payload type: 50
2026/09/29 08:39:10 WAR [path cam_5064cd2c] [RTSP source] 5 decode errors, last was: received RTP packet with unknown payload type: 50
2026/09/29 08:39:10 WAR [path cam_3059f25c] [RTSP source] 5 decode errors, last was: received RTP packet with unknown payload type: 50
2026/09/29 08:39:11 WAR [path cam_3059f25c] [RTSP source] 5 decode errors, last was: received RTP packet with unknown payload type: 50
2026/09/29 08:39:11 WAR [path cam_5064cd2c] [RTSP source] 5 decode errors, last was: received RTP packet with unknown payload type: 50
2026/09/29 08:39:12 WAR [path cam_3059f25c] [RTSP source] 5 decode errors, last was: received RTP packet with unknown payload type: 50
2026/09/29 08:39:12 WAR [path cam_5064cd2c] [RTSP source] 5 decode errors, last was: received RTP packet with unknown payload type: 50
2026/09/29 08:39:13 WAR [path cam_3059f25c] [RTSP source] 5 decode errors, last was: received RTP packet with unknown payload type: 50
2026/09/29 08:39:13 WAR [path cam_5064cd2c] [RTSP source] 5 decode errors, last was: received RTP packet with unknown payload type: 50
2026/09/29 08:39:14 WAR [path cam_3059f25c] [RTSP source] 5 decode errors, last was: received RTP packet with unknown payload type: 50
2026/09/29 08:39:14 WAR [path cam_5064cd2c] [RTSP source] 5 decode errors, last was: received RTP packet with unknown payload type: 50
2026/09/29 08:39:15 WAR [path cam_3059f25c] [RTSP source] 5 decode errors, last was: received RTP packet with unknown payload type: 50
2026/09/29 08:39:15 WAR [path cam_5064cd2c] [RTSP source] 5 decode errors, last was: received RTP packet with unknown payload type: 50
2026/09/29 08:39:16 WAR [path cam_3059f25c] [RTSP source] 5 decode errors, last was: received RTP packet with unknown payload type: 50
2026/09/29 08:39:16 WAR [path cam_5064cd2c] [RTSP source] 5 decode errors, last was: received RTP packet with unknown payload type: 50
2026/09/29 08:39:17 WAR [path cam_3059f25c] [RTSP source] 5 decode errors, last was: received RTP packet with unknown payload type: 50
2026/09/29 08:39:17 WAR [path cam_5064cd2c] [RTSP source] 5 decode errors, last was: received RTP packet with unknown payload type: 50
2026/09/29 08:39:18 WAR [path cam_3059f25c] [RTSP source] 5 decode errors, last was: received RTP packet with unknown payload type: 50
2026/09/29 08:39:18 WAR [path cam_5064cd2c] [RTSP source] 5 decode errors, last was: received RTP packet with unknown payload type: 50
2026/09/29 08:39:19 WAR [path cam_5064cd2c] [RTSP source] 5 decode errors, last was: received RTP packet with unknown payload type: 50
2026/09/29 08:39:19 WAR [path cam_3059f25c] [RTSP source] 5 decode errors, last was: received RTP packet with unknown payload type: 50
2026/09/29 08:39:20 WAR [path cam_3059f25c] [RTSP source] 5 decode errors, last was: received RTP packet with unknown payload type: 50
2026/09/29 08:39:20 WAR [path cam_5064cd2c] [RTSP source] 5 decode errors, last was: received RTP packet with unknown payload type: 50
2026/09/29 08:39:21 WAR [path cam_3059f25c] [RTSP source] 5 decode errors, last was: received RTP packet with unknown payload type: 50
2026/09/29 08:39:21 WAR [path cam_5064cd2c] [RTSP source] 5 decode errors, last was: received RTP packet with unknown payload type: 50
2026/09/29 08:39:22 WAR [path cam_3059f25c] [RTSP source] 5 decode errors, last was: received RTP packet with unknown payload type: 50
2026/09/29 08:39:22 WAR [path cam_5064cd2c] [RTSP source] 5 decode errors, last was: received RTP packet with unknown payload type: 50
2026/09/29 08:39:23 WAR [path cam_5064cd2c] [RTSP source] 5 decode errors, last was: received RTP packet with unknown payload type: 50
2026/09/29 08:39:23 WAR [path cam_3059f25c] [RTSP source] 5 decode errors, last was: received RTP packet with unknown payload type: 50
2026/09/29 08:39:24 WAR [path cam_3059f25c] [RTSP source] 5 decode errors, last was: received RTP packet with unknown payload type: 50
2026/09/29 08:39:24 WAR [path cam_5064cd2c] [RTSP source] 5 decode errors, last was: received RTP packet with unknown payload type: 50
2026/09/29 08:39:25 WAR [path cam_5064cd2c] [RTSP source] 5 decode errors, last was: received RTP packet with unknown payload type: 50
2026/09/29 08:39:25 WAR [path cam_3059f25c] [RTSP source] 5 decode errors, last was: received RTP packet with unknown payload type: 50
2026/09/29 08:39:26 WAR [path cam_5064cd2c] [RTSP source] 5 decode errors, last was: received RTP packet with unknown payload type: 50
2026/09/29 08:39:26 WAR [path cam_3059f25c] [RTSP source] 5 decode errors, last was: received RTP packet with unknown payload type: 50
2026/09/29 08:39:27 WAR [path cam_3059f25c] [RTSP source] 5 decode errors, last was: received RTP packet with unknown payload type: 50
2026/09/29 08:39:27 WAR [path cam_5064cd2c] [RTSP source] 5 decode errors, last was: received RTP packet with unknown payload type: 50
2026/09/29 08:39:28 WAR [path cam_5064cd2c] [RTSP source] 5 decode errors, last was: received RTP packet with unknown payload type: 50
2026/09/29 08:39:28 WAR [path cam_3059f25c] [RTSP source] 5 decode errors, last was: received RTP packet with unknown payload type: 50
2026/09/29 08:39:29 WAR [path cam_3059f25c] [RTSP source] 5 decode errors, last was: received RTP packet with unknown payload type: 50
2026/09/29 08:39:29 WAR [path cam_5064cd2c] [RTSP source] 5 decode errors, last was: received RTP packet with unknown payload type: 50
2026/09/29 08:39:30 WAR [path cam_3059f25c] [RTSP source] 5 decode errors, last was: received RTP packet with unknown payload type: 50
2026/09/29 08:39:30 WAR [path cam_5064cd2c] [RTSP source] 5 decode errors, last was: received RTP packet with unknown payload type: 50
2026/09/29 08:39:31 WAR [path cam_5064cd2c] [RTSP source] 5 decode errors, last was: received RTP packet with unknown payload type: 50
2026/09/29 08:39:31 WAR [path cam_3059f25c] [RTSP source] 5 decode errors, last was: received RTP packet with unknown payload type: 50
2026/09/29 08:39:32 WAR [path cam_3059f25c] [RTSP source] 5 decode errors, last was: received RTP packet with unknown payload type: 50
2026/09/29 08:39:32 WAR [path cam_5064cd2c] [RTSP source] 5 decode errors, last was: received RTP packet with unknown payload type: 50
2026/09/29 08:39:32 WAR [path cam_1e437edf] [RTSP source] 91 RTP packets lost
2026/09/29 08:39:33 WAR [path cam_5064cd2c] [RTSP source] 5 decode errors, last was: received RTP packet with unknown payload type: 50
2026/09/29 08:39:33 WAR [path cam_3059f25c] [RTSP source] 5 decode errors, last was: received RTP packet with unknown payload type: 50
2026/09/29 08:39:34 WAR [path cam_3059f25c] [RTSP source] 5 decode errors, last was: received RTP packet with unknown payload type: 50
2026/09/29 08:39:34 WAR [path cam_5064cd2c] [RTSP source] 5 decode errors, last was: received RTP packet with unknown payload type: 50
2026/09/29 08:39:35 WAR [path cam_3059f25c] [RTSP source] 5 decode errors, last was: received RTP packet with unknown payload type: 50
2026/09/29 08:39:35 WAR [path cam_5064cd2c] [RTSP source] 5 decode errors, last was: received RTP packet with unknown payload type: 50
2026/09/29 08:39:36 WAR [path cam_5064cd2c] [RTSP source] 5 decode errors, last was: received RTP packet with unknown payload type: 50
2026/09/29 08:39:36 WAR [path cam_3059f25c] [RTSP source] 5 decode errors, last was: received RTP packet with unknown payload type: 50
2026/09/29 08:39:37 WAR [path cam_3059f25c] [RTSP source] 5 decode errors, last was: received RTP packet with unknown payload type: 50
2026/09/29 08:39:37 WAR [path cam_5064cd2c] [RTSP source] 5 decode errors, last was: received RTP packet with unknown payload type: 50
2026/09/29 08:39:38 WAR [path cam_3059f25c] [RTSP source] 5 decode errors, last was: received RTP packet with unknown payload type: 50
2026/09/29 08:39:38 WAR [path cam_5064cd2c] [RTSP source] 5 decode errors, last was: received RTP packet with unknown payload type: 50
2026/09/29 08:39:39 WAR [path cam_5064cd2c] [RTSP source] 5 decode errors, last was: received RTP packet with unknown payload type: 50
2026/09/29 08:39:39 WAR [path cam_3059f25c] [RTSP source] 5 decode errors, last was: received RTP packet with unknown payload type: 50
2026/09/29 08:39:40 WAR [path cam_3059f25c] [RTSP source] 5 decode errors, last was: received RTP packet with unknown payload type: 50
2026/09/29 08:39:40 WAR [path cam_5064cd2c] [RTSP source] 5 decode errors, last was: received RTP packet with unknown payload type: 50
2026/09/29 08:39:41 WAR [path cam_5064cd2c] [RTSP source] 5 decode errors, last was: received RTP packet with unknown payload type: 50
2026/09/29 08:39:41 WAR [path cam_3059f25c] [RTSP source] 5 decode errors, last was: received RTP packet with unknown payload type: 50
2026/09/29 08:39:42 WAR [path cam_3059f25c] [RTSP source] 5 decode errors, last was: received RTP packet with unknown payload type: 50
2026/09/29 08:39:42 WAR [path cam_5064cd2c] [RTSP source] 5 decode errors, last was: received RTP packet with unknown payload type: 50
2026/09/29 08:39:43 WAR [path cam_5064cd2c] [RTSP source] 5 decode errors, last was: received RTP packet with unknown payload type: 50
2026/09/29 08:39:43 WAR [path cam_3059f25c] [RTSP source] 5 decode errors, last was: received RTP packet with unknown payload type: 50
2026/09/29 08:39:44 WAR [path cam_5064cd2c] [RTSP source] 5 decode errors, last was: received RTP packet with unknown payload type: 50
2026/09/29 08:39:44 WAR [path cam_3059f25c] [RTSP source] 5 decode errors, last was: received RTP packet with unknown payload type: 50
2026/09/29 08:39:45 WAR [path cam_3059f25c] [RTSP source] 5 decode errors, last was: received RTP packet with unknown payload type: 50
2026/09/29 08:39:45 WAR [path cam_5064cd2c] [RTSP source] 5 decode errors, last was: received RTP packet with unknown payload type: 50
2026/09/29 08:39:46 WAR [path cam_5064cd2c] [RTSP source] 5 decode errors, last was: received RTP packet with unknown payload type: 50
2026/09/29 08:39:46 WAR [path cam_3059f25c] [RTSP source] 5 decode errors, last was: received RTP packet with unknown payload type: 50
2026/09/29 08:39:47 WAR [path cam_3059f25c] [RTSP source] 5 decode errors, last was: received RTP packet with unknown payload type: 50
2026/09/29 08:39:47 WAR [path cam_5064cd2c] [RTSP source] 5 decode errors, last was: received RTP packet with unknown payload type: 50
2026/09/29 08:39:48 WAR [path cam_3059f25c] [RTSP source] 5 decode errors, last was: received RTP packet with unknown payload type: 50
2026/09/29 08:39:48 WAR [path cam_5064cd2c] [RTSP source] 5 decode errors, last was: received RTP packet with unknown payload type: 50
2026/09/29 08:39:49 WAR [path cam_5064cd2c] [RTSP source] 5 decode errors, last was: received RTP packet with unknown payload type: 50
2026/09/29 08:39:49 WAR [path cam_3059f25c] [RTSP source] 5 decode errors, last was: received RTP packet with unknown payload type: 50
2026/09/29 08:39:50 WAR [path cam_3059f25c] [RTSP source] 5 decode errors, last was: received RTP packet with unknown payload type: 50
2026/09/29 08:39:50 WAR [path cam_5064cd2c] [RTSP source] 5 decode errors, last was: received RTP packet with unknown payload type: 50
2026/09/29 08:39:51 WAR [path cam_5064cd2c] [RTSP source] 5 decode errors, last was: received RTP packet with unknown payload type: 50
2026/09/29 08:39:51 WAR [path cam_3059f25c] [RTSP source] 5 decode errors, last was: received RTP packet with unknown payload type: 50
2026/09/29 08:39:52 WAR [path cam_3059f25c] [RTSP source] 5 decode errors, last was: received RTP packet with unknown payload type: 50
2026/09/29 08:39:52 WAR [path cam_5064cd2c] [RTSP source] 5 decode errors, last was: received RTP packet with unknown payload type: 50
2026/09/29 08:39:53 WAR [path cam_3059f25c] [RTSP source] 5 decode errors, last was: received RTP packet with unknown payload type: 50
2026/09/29 08:39:53 WAR [path cam_5064cd2c] [RTSP source] 5 decode errors, last was: received RTP packet with unknown payload type: 50
2026/09/29 08:39:54 WAR [path cam_5064cd2c] [RTSP source] 5 decode errors, last was: received RTP packet with unknown payload type: 50
2026/09/29 08:39:54 WAR [path cam_3059f25c] [RTSP source] 5 decode errors, last was: received RTP packet with unknown payload type: 50
2026/09/29 08:39:55 WAR [path cam_5064cd2c] [RTSP source] 5 decode errors, last was: received RTP packet with unknown payload type: 50
2026/09/29 08:39:55 WAR [path cam_3059f25c] [RTSP source] 5 decode errors, last was: received RTP packet with unknown payload type: 50
2026/09/29 08:39:56 WAR [path cam_3059f25c] [RTSP source] 5 decode errors, last was: received RTP packet with unknown payload type: 50
2026/09/29 08:39:56 WAR [path cam_5064cd2c] [RTSP source] 5 decode errors, last was: received RTP packet with unknown payload type: 50
2026/09/29 08:39:57 WAR [path cam_5064cd2c] [RTSP source] 5 decode errors, last was: received RTP packet with unknown payload type: 50
2026/09/29 08:39:57 WAR [path cam_3059f25c] [RTSP source] 5 decode errors, last was: received RTP packet with unknown payload type: 50
2026/09/29 08:39:58 WAR [path cam_3059f25c] [RTSP source] 5 decode errors, last was: received RTP packet with unknown payload type: 50
2026/09/29 08:39:58 WAR [path cam_5064cd2c] [RTSP source] 5 decode errors, last was: received RTP packet with unknown payload type: 50
2026/09/29 08:39:59 WAR [path cam_5064cd2c] [RTSP source] 5 decode errors, last was: received RTP packet with unknown payload type: 50
2026/09/29 08:39:59 WAR [path cam_3059f25c] [RTSP source] 5 decode errors, last was: received RTP packet with unknown payload type: 50
2026/09/29 08:40:00 WAR [path cam_5064cd2c] [RTSP source] 5 decode errors, last was: received RTP packet with unknown payload type: 50
2026/09/29 08:40:00 WAR [path cam_3059f25c] [RTSP source] 5 decode errors, last was: received RTP packet with unknown payload type: 50
2026/09/29 08:40:01 WAR [path cam_3059f25c] [RTSP source] 5 decode errors, last was: received RTP packet with unknown payload type: 50
2026/09/29 08:40:01 WAR [path cam_5064cd2c] [RTSP source] 5 decode errors, last was: received RTP packet with unknown payload type: 50
2026/09/29 08:40:02 WAR [path cam_3059f25c] [RTSP source] 5 decode errors, last was: received RTP packet with unknown payload type: 50
2026/09/29 08:40:02 WAR [path cam_5064cd2c] [RTSP source] 5 decode errors, last was: received RTP packet with unknown payload type: 50
2026/09/29 08:40:03 WAR [path cam_5064cd2c] [RTSP source] 5 decode errors, last was: received RTP packet with unknown payload type: 50
2026/09/29 08:40:03 WAR [path cam_3059f25c] [RTSP source] 5 decode errors, last was: received RTP packet with unknown payload type: 50
2026/09/29 08:40:04 WAR [path cam_3059f25c] [RTSP source] 5 decode errors, last was: received RTP packet with unknown payload type: 50
2026/09/29 08:40:04 WAR [path cam_5064cd2c] [RTSP source] 5 decode errors, last was: received RTP packet with unknown payload type: 50
2026/09/29 08:40:05 WAR [path cam_3059f25c] [RTSP source] 5 decode errors, last was: received RTP packet with unknown payload type: 50
2026/09/29 08:40:05 WAR [path cam_5064cd2c] [RTSP source] 5 decode errors, last was: received RTP packet with unknown payload type: 50
2026/09/29 08:40:06 WAR [path cam_5064cd2c] [RTSP source] 5 decode errors, last was: received RTP packet with unknown payload type: 50
2026/09/29 08:40:06 WAR [path cam_3059f25c] [RTSP source] 5 decode errors, last was: received RTP packet with unknown payload type: 50
2026/09/29 08:40:07 WAR [path cam_3059f25c] [RTSP source] 5 decode errors, last was: received RTP packet with unknown payload type: 50
2026/09/29 08:40:07 WAR [path cam_5064cd2c] [RTSP source] 5 decode errors, last was: received RTP packet with unknown payload type: 50
2026/09/29 08:40:08 WAR [path cam_5064cd2c] [RTSP source] 5 decode errors, last was: received RTP packet with unknown payload type: 50
2026/09/29 08:40:08 WAR [path cam_3059f25c] [RTSP source] 5 decode errors, last was: received RTP packet with unknown payload type: 50
2026/09/29 08:40:09 WAR [path cam_5064cd2c] [RTSP source] 5 decode errors, last was: received RTP packet with unknown payload type: 50
2026/09/29 08:40:09 WAR [path cam_3059f25c] [RTSP source] 5 decode errors, last was: received RTP packet with unknown payload type: 50
2026/09/29 08:40:10 WAR [path cam_5064cd2c] [RTSP source] 5 decode errors, last was: received RTP packet with unknown payload type: 50
2026/09/29 08:40:10 WAR [path cam_3059f25c] [RTSP source] 5 decode errors, last was: received RTP packet with unknown payload type: 50
2026/09/29 08:40:11 WAR [path cam_3059f25c] [RTSP source] 5 decode errors, last was: received RTP packet with unknown payload type: 50
2026/09/29 08:40:11 WAR [path cam_5064cd2c] [RTSP source] 5 decode errors, last was: received RTP packet with unknown payload type: 50
2026/09/29 08:40:12 WAR [path cam_5064cd2c] [RTSP source] 5 decode errors, last was: received RTP packet with unknown payload type: 50
2026/09/29 08:40:12 WAR [path cam_3059f25c] [RTSP source] 5 decode errors, last was: received RTP packet with unknown payload type: 50
2026/09/29 08:40:13 WAR [path cam_3059f25c] [RTSP source] 5 decode errors, last was: received RTP packet with unknown payload type: 50
2026/09/29 08:40:13 WAR [path cam_5064cd2c] [RTSP source] 5 decode errors, last was: received RTP packet with unknown payload type: 50
2026/09/29 08:40:14 WAR [path cam_5064cd2c] [RTSP source] 5 decode errors, last was: received RTP packet with unknown payload type: 50
2026/09/29 08:40:14 WAR [path cam_3059f25c] [RTSP source] 5 decode errors, last was: received RTP packet with unknown payload type: 50
2026/09/29 08:40:15 WAR [path cam_3059f25c] [RTSP source] 5 decode errors, last was: received RTP packet with unknown payload type: 50
2026/09/29 08:40:15 WAR [path cam_5064cd2c] [RTSP source] 5 decode errors, last was: received RTP packet with unknown payload type: 50
2026/09/29 08:40:16 WAR [path cam_3059f25c] [RTSP source] 5 decode errors, last was: received RTP packet with unknown payload type: 50
2026/09/29 08:40:16 WAR [path cam_5064cd2c] [RTSP source] 5 decode errors, last was: received RTP packet with unknown payload type: 50
2026/09/29 08:40:16 WAR [path cam_1e437edf_sub] [RTSP source] 20 RTP packets lost
2026/09/29 08:40:17 WAR [path cam_3059f25c] [RTSP source] 5 decode errors, last was: received RTP packet with unknown payload type: 50
2026/09/29 08:40:17 WAR [path cam_5064cd2c] [RTSP source] 5 decode errors, last was: received RTP packet with unknown payload type: 50
2026/09/29 08:40:18 WAR [path cam_3059f25c] [RTSP source] 5 decode errors, last was: received RTP packet with unknown payload type: 50
2026/09/29 08:40:18 WAR [path cam_5064cd2c] [RTSP source] 5 decode errors, last was: received RTP packet with unknown payload type: 50
2026/09/29 08:40:19 WAR [path cam_5064cd2c] [RTSP source] 5 decode errors, last was: received RTP packet with unknown payload type: 50
2026/09/29 08:40:19 WAR [path cam_3059f25c] [RTSP source] 5 decode errors, last was: received RTP packet with unknown payload type: 50
2026/09/29 08:40:20 WAR [path cam_5064cd2c] [RTSP source] 5 decode errors, last was: received RTP packet with unknown payload type: 50
2026/09/29 08:40:20 WAR [path cam_3059f25c] [RTSP source] 5 decode errors, last was: received RTP packet with unknown payload type: 50
2026/09/29 08:40:21 WAR [path cam_3059f25c] [RTSP source] 5 decode errors, last was: received RTP packet with unknown payload type: 50
2026/09/29 08:40:21 WAR [path cam_5064cd2c] [RTSP source] 5 decode errors, last was: received RTP packet with unknown payload type: 50
2026/09/29 08:40:22 WAR [path cam_5064cd2c] [RTSP source] 5 decode errors, last was: received RTP packet with unknown payload type: 50
2026/09/29 08:40:22 WAR [path cam_3059f25c] [RTSP source] 5 decode errors, last was: received RTP packet with unknown payload type: 50
2026/09/29 08:40:23 WAR [path cam_5064cd2c] [RTSP source] 5 decode errors, last was: received RTP packet with unknown payload type: 50
2026/09/29 08:40:23 WAR [path cam_3059f25c] [RTSP source] 5 decode errors, last was: received RTP packet with unknown payload type: 50
2026/09/29 08:40:24 WAR [path cam_3059f25c] [RTSP source] 5 decode errors, last was: received RTP packet with unknown payload type: 50
2026/09/29 08:40:24 WAR [path cam_5064cd2c] [RTSP source] 5 decode errors, last was: received RTP packet with unknown payload type: 50
2026/09/29 08:40:25 WAR [path cam_5064cd2c] [RTSP source] 5 decode errors, last was: received RTP packet with unknown payload type: 50
2026/09/29 08:40:25 WAR [path cam_3059f25c] [RTSP source] 5 decode errors, last was: received RTP packet with unknown payload type: 50
2026/09/29 08:40:26 WAR [path cam_3059f25c] [RTSP source] 5 decode errors, last was: received RTP packet with unknown payload type: 50
2026/09/29 08:40:26 WAR [path cam_5064cd2c] [RTSP source] 5 decode errors, last was: received RTP packet with unknown payload type: 50
2026/09/29 08:40:27 WAR [path cam_3059f25c] [RTSP source] 5 decode errors, last was: received RTP packet with unknown payload type: 50
2026/09/29 08:40:27 WAR [path cam_5064cd2c] [RTSP source] 5 decode errors, last was: received RTP packet with unknown payload type: 50
2026/09/29 08:40:28 WAR [path cam_5064cd2c] [RTSP source] 5 decode errors, last was: received RTP packet with unknown payload type: 50
2026/09/29 08:40:28 WAR [path cam_3059f25c] [RTSP source] 5 decode errors, last was: received RTP packet with unknown payload type: 50
2026/09/29 08:40:29 WAR [path cam_3059f25c] [RTSP source] 5 decode errors, last was: received RTP packet with unknown payload type: 50
2026/09/29 08:40:29 WAR [path cam_5064cd2c] [RTSP source] 5 decode errors, last was: received RTP packet with unknown payload type: 50
2026/09/29 08:40:30 WAR [path cam_3059f25c] [RTSP source] 5 decode errors, last was: received RTP packet with unknown payload type: 50
2026/09/29 08:40:30 WAR [path cam_5064cd2c] [RTSP source] 5 decode errors, last was: received RTP packet with unknown payload type: 50
2026/09/29 08:40:31 WAR [path cam_5064cd2c] [RTSP source] 5 decode errors, last was: received RTP packet with unknown payload type: 50
2026/09/29 08:40:31 WAR [path cam_3059f25c] [RTSP source] 5 decode errors, last was: received RTP packet with unknown payload type: 50
2026/09/29 08:40:32 WAR [path cam_3059f25c] [RTSP source] 5 decode errors, last was: received RTP packet with unknown payload type: 50
2026/09/29 08:40:32 WAR [path cam_5064cd2c] [RTSP source] 5 decode errors, last was: received RTP packet with unknown payload type: 50
2026/09/29 08:40:33 WAR [path cam_5064cd2c] [RTSP source] 5 decode errors, last was: received RTP packet with unknown payload type: 50
2026/09/29 08:40:33 WAR [path cam_3059f25c] [RTSP source] 5 decode errors, last was: received RTP packet with unknown payload type: 50
2026/09/29 08:40:34 WAR [path cam_5064cd2c] [RTSP source] 5 decode errors, last was: received RTP packet with unknown payload type: 50
2026/09/29 08:40:34 WAR [path cam_3059f25c] [RTSP source] 5 decode errors, last was: received RTP packet with unknown payload type: 50
2026/09/29 08:40:35 WAR [path cam_3059f25c] [RTSP source] 5 decode errors, last was: received RTP packet with unknown payload type: 50
2026/09/29 08:40:35 WAR [path cam_5064cd2c] [RTSP source] 5 decode errors, last was: received RTP packet with unknown payload type: 50
2026/09/29 08:40:36 WAR [path cam_3059f25c] [RTSP source] 5 decode errors, last was: received RTP packet with unknown payload type: 50
2026/09/29 08:40:36 WAR [path cam_5064cd2c] [RTSP source] 5 decode errors, last was: received RTP packet with unknown payload type: 50
2026/09/29 08:40:36 WAR [path cam_1e437edf] [RTSP source] 4 RTP packets lost
2026/09/29 08:40:36 WAR [path cam_1e437edf] 14 processing errors, last was: invalid fragmentation unit (non-starting)
2026/09/29 08:40:37 WAR [path cam_5064cd2c] [RTSP source] 5 decode errors, last was: received RTP packet with unknown payload type: 50
2026/09/29 08:40:37 WAR [path cam_3059f25c] [RTSP source] 5 decode errors, last was: received RTP packet with unknown payload type: 50
2026/09/29 08:40:38 WAR [path cam_3059f25c] [RTSP source] 5 decode errors, last was: received RTP packet with unknown payload type: 50
2026/09/29 08:40:38 WAR [path cam_5064cd2c] [RTSP source] 5 decode errors, last was: received RTP packet with unknown payload type: 50
2026/09/29 08:40:39 WAR [path cam_3059f25c] [RTSP source] 5 decode errors, last was: received RTP packet with unknown payload type: 50
2026/09/29 08:40:39 WAR [path cam_5064cd2c] [RTSP source] 5 decode errors, last was: received RTP packet with unknown payload type: 50
2026/09/29 08:40:40 WAR [path cam_5064cd2c] [RTSP source] 5 decode errors, last was: received RTP packet with unknown payload type: 50
2026/09/29 08:40:40 WAR [path cam_3059f25c] [RTSP source] 5 decode errors, last was: received RTP packet with unknown payload type: 50
2026/09/29 08:40:41 WAR [path cam_3059f25c] [RTSP source] 5 decode errors, last was: received RTP packet with unknown payload type: 50
2026/09/29 08:40:41 WAR [path cam_5064cd2c] [RTSP source] 5 decode errors, last was: received RTP packet with unknown payload type: 50
2026/09/29 08:40:42 WAR [path cam_3059f25c] [RTSP source] 5 decode errors, last was: received RTP packet with unknown payload type: 50
2026/09/29 08:40:42 WAR [path cam_5064cd2c] [RTSP source] 5 decode errors, last was: received RTP packet with unknown payload type: 50
2026/09/29 08:40:43 WAR [path cam_3059f25c] [RTSP source] 5 decode errors, last was: received RTP packet with unknown payload type: 50
2026/09/29 08:40:43 WAR [path cam_5064cd2c] [RTSP source] 5 decode errors, last was: received RTP packet with unknown payload type: 50
2026/09/29 08:40:44 WAR [path cam_5064cd2c] [RTSP source] 5 decode errors, last was: received RTP packet with unknown payload type: 50
2026/09/29 08:40:44 WAR [path cam_3059f25c] [RTSP source] 5 decode errors, last was: received RTP packet with unknown payload type: 50
2026/09/29 08:40:45 WAR [path cam_3059f25c] [RTSP source] 5 decode errors, last was: received RTP packet with unknown payload type: 50
2026/09/29 08:40:45 WAR [path cam_5064cd2c] [RTSP source] 5 decode errors, last was: received RTP packet with unknown payload type: 50
2026/09/29 08:40:46 WAR [path cam_5064cd2c] [RTSP source] 5 decode errors, last was: received RTP packet with unknown payload type: 50
2026/09/29 08:40:46 WAR [path cam_3059f25c] [RTSP source] 5 decode errors, last was: received RTP packet with unknown payload type: 50
2026/09/29 08:40:47 WAR [path cam_3059f25c] [RTSP source] 5 decode errors, last was: received RTP packet with unknown payload type: 50
2026/09/29 08:40:47 WAR [path cam_5064cd2c] [RTSP source] 5 decode errors, last was: received RTP packet with unknown payload type: 50
2026/09/29 08:40:48 WAR [path cam_5064cd2c] [RTSP source] 5 decode errors, last was: received RTP packet with unknown payload type: 50
2026/09/29 08:40:48 WAR [path cam_3059f25c] [RTSP source] 5 decode errors, last was: received RTP packet with unknown payload type: 50
2026/09/29 08:40:49 WAR [path cam_5064cd2c] [RTSP source] 5 decode errors, last was: received RTP packet with unknown payload type: 50
2026/09/29 08:40:49 WAR [path cam_3059f25c] [RTSP source] 5 decode errors, last was: received RTP packet with unknown payload type: 50
2026/09/29 08:40:50 WAR [path cam_3059f25c] [RTSP source] 5 decode errors, last was: received RTP packet with unknown payload type: 50
2026/09/29 08:40:50 WAR [path cam_5064cd2c] [RTSP source] 5 decode errors, last was: received RTP packet with unknown payload type: 50
2026/09/29 08:40:51 WAR [path cam_3059f25c] [RTSP source] 5 decode errors, last was: received RTP packet with unknown payload type: 50
2026/09/29 08:40:51 WAR [path cam_5064cd2c] [RTSP source] 5 decode errors, last was: received RTP packet with unknown payload type: 50
2026/09/29 08:40:52 WAR [path cam_5064cd2c] [RTSP source] 5 decode errors, last was: received RTP packet with unknown payload type: 50
2026/09/29 08:40:52 WAR [path cam_3059f25c] [RTSP source] 5 decode errors, last was: received RTP packet with unknown payload type: 50
2026/09/29 08:40:53 WAR [path cam_3059f25c] [RTSP source] 5 decode errors, last was: received RTP packet with unknown payload type: 50
2026/09/29 08:40:53 WAR [path cam_5064cd2c] [RTSP source] 5 decode errors, last was: received RTP packet with unknown payload type: 50
2026/09/29 08:40:54 WAR [path cam_5064cd2c] [RTSP source] 5 decode errors, last was: received RTP packet with unknown payload type: 50
2026/09/29 08:40:54 WAR [path cam_3059f25c] [RTSP source] 5 decode errors, last was: received RTP packet with unknown payload type: 50
2026/09/29 08:40:55 WAR [path cam_5064cd2c] [RTSP source] 5 decode errors, last was: received RTP packet with unknown payload type: 50
2026/09/29 08:40:55 WAR [path cam_3059f25c] [RTSP source] 5 decode errors, last was: received RTP packet with unknown payload type: 50
2026/09/29 08:40:56 WAR [path cam_3059f25c] [RTSP source] 5 decode errors, last was: received RTP packet with unknown payload type: 50
2026/09/29 08:40:56 WAR [path cam_5064cd2c] [RTSP source] 5 decode errors, last was: received RTP packet with unknown payload type: 50
2026/09/29 08:40:57 WAR [path cam_5064cd2c] [RTSP source] 5 decode errors, last was: received RTP packet with unknown payload type: 50
2026/09/29 08:40:57 WAR [path cam_3059f25c] [RTSP source] 5 decode errors, last was: received RTP packet with unknown payload type: 50
2026/09/29 08:40:58 WAR [path cam_5064cd2c] [RTSP source] 5 decode errors, last was: received RTP packet with unknown payload type: 50
2026/09/29 08:40:58 WAR [path cam_3059f25c] [RTSP source] 5 decode errors, last was: received RTP packet with unknown payload type: 50
2026/09/29 08:40:59 WAR [path cam_3059f25c] [RTSP source] 5 decode errors, last was: received RTP packet with unknown payload type: 50
2026/09/29 08:40:59 WAR [path cam_5064cd2c] [RTSP source] 5 decode errors, last was: received RTP packet with unknown payload type: 50
2026/09/29 08:41:00 WAR [path cam_5064cd2c] [RTSP source] 5 decode errors, last was: received RTP packet with unknown payload type: 50
2026/09/29 08:41:00 WAR [path cam_3059f25c] [RTSP source] 5 decode errors, last was: received RTP packet with unknown payload type: 50
2026/09/29 08:41:01 WAR [path cam_5064cd2c] [RTSP source] 5 decode errors, last was: received RTP packet with unknown payload type: 50
2026/09/29 08:41:01 WAR [path cam_3059f25c] [RTSP source] 5 decode errors, last was: received RTP packet with unknown payload type: 50
2026/09/29 08:41:02 WAR [path cam_5064cd2c] [RTSP source] 5 decode errors, last was: received RTP packet with unknown payload type: 50
2026/09/29 08:41:02 WAR [path cam_3059f25c] [RTSP source] 5 decode errors, last was: received RTP packet with unknown payload type: 50
2026/09/29 08:41:03 WAR [path cam_5064cd2c] [RTSP source] 5 decode errors, last was: received RTP packet with unknown payload type: 50
2026/09/29 08:41:03 WAR [path cam_3059f25c] [RTSP source] 5 decode errors, last was: received RTP packet with unknown payload type: 50
2026/09/29 08:41:04 WAR [path cam_5064cd2c] [RTSP source] 5 decode errors, last was: received RTP packet with unknown payload type: 50
2026/09/29 08:41:04 WAR [path cam_3059f25c] [RTSP source] 5 decode errors, last was: received RTP packet with unknown payload type: 50
2026/09/29 08:41:05 WAR [path cam_3059f25c] [RTSP source] 5 decode errors, last was: received RTP packet with unknown payload type: 50
2026/09/29 08:41:05 WAR [path cam_5064cd2c] [RTSP source] 5 decode errors, last was: received RTP packet with unknown payload type: 50
2026/09/29 08:41:06 WAR [path cam_5064cd2c] [RTSP source] 5 decode errors, last was: received RTP packet with unknown payload type: 50
2026/09/29 08:41:06 WAR [path cam_3059f25c] [RTSP source] 5 decode errors, last was: received RTP packet with unknown payload type: 50
2026/09/29 08:41:07 WAR [path cam_5064cd2c] [RTSP source] 5 decode errors, last was: received RTP packet with unknown payload type: 50
2026/09/29 08:41:07 WAR [path cam_3059f25c] [RTSP source] 5 decode errors, last was: received RTP packet with unknown payload type: 50
2026/09/29 08:41:08 WAR [path cam_3059f25c] [RTSP source] 5 decode errors, last was: received RTP packet with unknown payload type: 50
2026/09/29 08:41:08 WAR [path cam_5064cd2c] [RTSP source] 5 decode errors, last was: received RTP packet with unknown payload type: 50
2026/09/29 08:41:09 WAR [path cam_5064cd2c] [RTSP source] 5 decode errors, last was: received RTP packet with unknown payload type: 50
2026/09/29 08:41:09 WAR [path cam_3059f25c] [RTSP source] 5 decode errors, last was: received RTP packet with unknown payload type: 50
2026/09/29 08:41:10 WAR [path cam_5064cd2c] [RTSP source] 5 decode errors, last was: received RTP packet with unknown payload type: 50
2026/09/29 08:41:10 WAR [path cam_3059f25c] [RTSP source] 5 decode errors, last was: received RTP packet with unknown payload type: 50
2026/09/29 08:41:11 WAR [path cam_3059f25c] [RTSP source] 5 decode errors, last was: received RTP packet with unknown payload type: 50
2026/09/29 08:41:11 WAR [path cam_5064cd2c] [RTSP source] 5 decode errors, last was: received RTP packet with unknown payload type: 50
2026/09/29 08:41:12 WAR [path cam_5064cd2c] [RTSP source] 5 decode errors, last was: received RTP packet with unknown payload type: 50
2026/09/29 08:41:12 WAR [path cam_3059f25c] [RTSP source] 5 decode errors, last was: received RTP packet with unknown payload type: 50
2026/09/29 08:41:13 WAR [path cam_5064cd2c] [RTSP source] 5 decode errors, last was: received RTP packet with unknown payload type: 50
2026/09/29 08:41:13 WAR [path cam_3059f25c] [RTSP source] 5 decode errors, last was: received RTP packet with unknown payload type: 50
2026/09/29 08:41:14 WAR [path cam_3059f25c] [RTSP source] 5 decode errors, last was: received RTP packet with unknown payload type: 50
2026/09/29 08:41:14 WAR [path cam_5064cd2c] [RTSP source] 5 decode errors, last was: received RTP packet with unknown payload type: 50
2026/09/29 08:41:15 WAR [path cam_3059f25c] [RTSP source] 5 decode errors, last was: received RTP packet with unknown payload type: 50
2026/09/29 08:41:15 WAR [path cam_5064cd2c] [RTSP source] 5 decode errors, last was: received RTP packet with unknown payload type: 50
2026/09/29 08:41:16 WAR [path cam_5064cd2c] [RTSP source] 5 decode errors, last was: received RTP packet with unknown payload type: 50
2026/09/29 08:41:16 WAR [path cam_3059f25c] [RTSP source] 5 decode errors, last was: received RTP packet with unknown payload type: 50
2026/09/29 08:41:16 WAR [path cam_1e437edf_sub] [RTSP source] 2 RTP packets lost
2026/09/29 08:41:16 WAR [path cam_1e437edf_sub] 13 processing errors, last was: invalid FU-A packet (non-starting)
2026/09/29 08:41:17 WAR [path cam_3059f25c] [RTSP source] 5 decode errors, last was: received RTP packet with unknown payload type: 50
2026/09/29 08:41:17 WAR [path cam_5064cd2c] [RTSP source] 5 decode errors, last was: received RTP packet with unknown payload type: 50
2026/09/29 08:41:17 WAR [path cam_1e437edf] [RTSP source] 10 RTP packets lost
2026/09/29 08:41:17 WAR [path cam_1e437edf] 81 processing errors, last was: invalid fragmentation unit (non-starting)
2026/09/29 08:41:18 WAR [path cam_5064cd2c] [RTSP source] 5 decode errors, last was: received RTP packet with unknown payload type: 50
2026/09/29 08:41:18 WAR [path cam_3059f25c] [RTSP source] 5 decode errors, last was: received RTP packet with unknown payload type: 50
2026/09/29 08:41:19 WAR [path cam_5064cd2c] [RTSP source] 5 decode errors, last was: received RTP packet with unknown payload type: 50
2026/09/29 08:41:19 WAR [path cam_3059f25c] [RTSP source] 5 decode errors, last was: received RTP packet with unknown payload type: 50
2026/09/29 08:41:20 WAR [path cam_3059f25c] [RTSP source] 5 decode errors, last was: received RTP packet with unknown payload type: 50
2026/09/29 08:41:20 WAR [path cam_5064cd2c] [RTSP source] 5 decode errors, last was: received RTP packet with unknown payload type: 50
2026/09/29 08:41:21 WAR [path cam_5064cd2c] [RTSP source] 5 decode errors, last was: received RTP packet with unknown payload type: 50
2026/09/29 08:41:21 WAR [path cam_3059f25c] [RTSP source] 5 decode errors, last was: received RTP packet with unknown payload type: 50
2026/09/29 08:41:22 WAR [path cam_3059f25c] [RTSP source] 5 decode errors, last was: received RTP packet with unknown payload type: 50
2026/09/29 08:41:22 WAR [path cam_5064cd2c] [RTSP source] 5 decode errors, last was: received RTP packet with unknown payload type: 50
2026/09/29 08:41:23 WAR [path cam_5064cd2c] [RTSP source] 5 decode errors, last was: received RTP packet with unknown payload type: 50
2026/09/29 08:41:23 WAR [path cam_3059f25c] [RTSP source] 5 decode errors, last was: received RTP packet with unknown payload type: 50
2026/09/29 08:41:24 WAR [path cam_5064cd2c] [RTSP source] 5 decode errors, last was: received RTP packet with unknown payload type: 50
2026/09/29 08:41:24 WAR [path cam_3059f25c] [RTSP source] 5 decode errors, last was: received RTP packet with unknown payload type: 50
2026/09/29 08:41:25 WAR [path cam_3059f25c] [RTSP source] 5 decode errors, last was: received RTP packet with unknown payload type: 50
2026/09/29 08:41:25 WAR [path cam_5064cd2c] [RTSP source] 5 decode errors, last was: received RTP packet with unknown payload type: 50
2026/09/29 08:41:26 WAR [path cam_5064cd2c] [RTSP source] 5 decode errors, last was: received RTP packet with unknown payload type: 50
2026/09/29 08:41:26 WAR [path cam_3059f25c] [RTSP source] 5 decode errors, last was: received RTP packet with unknown payload type: 50
2026/09/29 08:41:27 WAR [path cam_5064cd2c] [RTSP source] 5 decode errors, last was: received RTP packet with unknown payload type: 50
2026/09/29 08:41:27 WAR [path cam_3059f25c] [RTSP source] 5 decode errors, last was: received RTP packet with unknown payload type: 50
2026/09/29 08:41:28 WAR [path cam_3059f25c] [RTSP source] 5 decode errors, last was: received RTP packet with unknown payload type: 50
2026/09/29 08:41:28 WAR [path cam_5064cd2c] [RTSP source] 5 decode errors, last was: received RTP packet with unknown payload type: 50
2026/09/29 08:41:29 WAR [path cam_5064cd2c] [RTSP source] 5 decode errors, last was: received RTP packet with unknown payload type: 50
2026/09/29 08:41:29 WAR [path cam_3059f25c] [RTSP source] 5 decode errors, last was: received RTP packet with unknown payload type: 50
2026/09/29 08:41:30 WAR [path cam_3059f25c] [RTSP source] 5 decode errors, last was: received RTP packet with unknown payload type: 50
2026/09/29 08:41:30 WAR [path cam_5064cd2c] [RTSP source] 5 decode errors, last was: received RTP packet with unknown payload type: 50
2026/09/29 08:41:31 WAR [path cam_3059f25c] [RTSP source] 5 decode errors, last was: received RTP packet with unknown payload type: 50
2026/09/29 08:41:31 WAR [path cam_5064cd2c] [RTSP source] 5 decode errors, last was: received RTP packet with unknown payload type: 50
2026/09/29 08:41:32 WAR [path cam_3059f25c] [RTSP source] 5 decode errors, last was: received RTP packet with unknown payload type: 50
2026/09/29 08:41:32 WAR [path cam_5064cd2c] [RTSP source] 5 decode errors, last was: received RTP packet with unknown payload type: 50
2026/09/29 08:41:33 WAR [path cam_3059f25c] [RTSP source] 5 decode errors, last was: received RTP packet with unknown payload type: 50
2026/09/29 08:41:33 WAR [path cam_5064cd2c] [RTSP source] 5 decode errors, last was: received RTP packet with unknown payload type: 50
2026/09/29 08:41:34 WAR [path cam_5064cd2c] [RTSP source] 5 decode errors, last was: received RTP packet with unknown payload type: 50
2026/09/29 08:41:34 WAR [path cam_3059f25c] [RTSP source] 5 decode errors, last was: received RTP packet with unknown payload type: 50
2026/09/29 08:41:35 WAR [path cam_3059f25c] [RTSP source] 5 decode errors, last was: received RTP packet with unknown payload type: 50
2026/09/29 08:41:35 WAR [path cam_5064cd2c] [RTSP source] 5 decode errors, last was: received RTP packet with unknown payload type: 50
2026/09/29 08:41:36 WAR [path cam_5064cd2c] [RTSP source] 5 decode errors, last was: received RTP packet with unknown payload type: 50
2026/09/29 08:41:36 WAR [path cam_3059f25c] [RTSP source] 5 decode errors, last was: received RTP packet with unknown payload type: 50
2026/09/29 08:41:37 WAR [path cam_5064cd2c] [RTSP source] 5 decode errors, last was: received RTP packet with unknown payload type: 50
2026/09/29 08:41:37 WAR [path cam_3059f25c] [RTSP source] 5 decode errors, last was: received RTP packet with unknown payload type: 50
2026/09/29 08:41:38 WAR [path cam_3059f25c] [RTSP source] 5 decode errors, last was: received RTP packet with unknown payload type: 50
2026/09/29 08:41:38 WAR [path cam_5064cd2c] [RTSP source] 5 decode errors, last was: received RTP packet with unknown payload type: 50
2026/09/29 08:41:39 WAR [path cam_5064cd2c] [RTSP source] 5 decode errors, last was: received RTP packet with unknown payload type: 50
2026/09/29 08:41:39 WAR [path cam_3059f25c] [RTSP source] 5 decode errors, last was: received RTP packet with unknown payload type: 50
2026/09/29 08:41:40 WAR [path cam_5064cd2c] [RTSP source] 5 decode errors, last was: received RTP packet with unknown payload type: 50
2026/09/29 08:41:40 WAR [path cam_3059f25c] [RTSP source] 5 decode errors, last was: received RTP packet with unknown payload type: 50
2026/09/29 08:41:41 WAR [path cam_3059f25c] [RTSP source] 5 decode errors, last was: received RTP packet with unknown payload type: 50
2026/09/29 08:41:41 WAR [path cam_5064cd2c] [RTSP source] 5 decode errors, last was: received RTP packet with unknown payload type: 50
2026/09/29 08:41:42 WAR [path cam_5064cd2c] [RTSP source] 5 decode errors, last was: received RTP packet with unknown payload type: 50
2026/09/29 08:41:42 WAR [path cam_3059f25c] [RTSP source] 5 decode errors, last was: received RTP packet with unknown payload type: 50
2026/09/29 08:41:43 WAR [path cam_5064cd2c] [RTSP source] 5 decode errors, last was: received RTP packet with unknown payload type: 50
2026/09/29 08:41:43 WAR [path cam_3059f25c] [RTSP source] 5 decode errors, last was: received RTP packet with unknown payload type: 50
2026/09/29 08:41:44 WAR [path cam_3059f25c] [RTSP source] 5 decode errors, last was: received RTP packet with unknown payload type: 50
2026/09/29 08:41:44 WAR [path cam_5064cd2c] [RTSP source] 5 decode errors, last was: received RTP packet with unknown payload type: 50
2026/09/29 08:41:45 WAR [path cam_5064cd2c] [RTSP source] 5 decode errors, last was: received RTP packet with unknown payload type: 50
2026/09/29 08:41:45 WAR [path cam_3059f25c] [RTSP source] 5 decode errors, last was: received RTP packet with unknown payload type: 50
2026/09/29 08:41:46 WAR [path cam_5064cd2c] [RTSP source] 5 decode errors, last was: received RTP packet with unknown payload type: 50
2026/09/29 08:41:46 WAR [path cam_3059f25c] [RTSP source] 5 decode errors, last was: received RTP packet with unknown payload type: 50
2026/09/29 08:41:47 WAR [path cam_3059f25c] [RTSP source] 5 decode errors, last was: received RTP packet with unknown payload type: 50
2026/09/29 08:41:47 WAR [path cam_5064cd2c] [RTSP source] 5 decode errors, last was: received RTP packet with unknown payload type: 50
2026/09/29 08:41:48 WAR [path cam_5064cd2c] [RTSP source] 5 decode errors, last was: received RTP packet with unknown payload type: 50
2026/09/29 08:41:48 WAR [path cam_3059f25c] [RTSP source] 5 decode errors, last was: received RTP packet with unknown payload type: 50
2026/09/29 08:41:49 WAR [path cam_5064cd2c] [RTSP source] 5 decode errors, last was: received RTP packet with unknown payload type: 50
2026/09/29 08:41:49 WAR [path cam_3059f25c] [RTSP source] 5 decode errors, last was: received RTP packet with unknown payload type: 50
2026/09/29 08:41:50 WAR [path cam_3059f25c] [RTSP source] 5 decode errors, last was: received RTP packet with unknown payload type: 50
2026/09/29 08:41:50 WAR [path cam_5064cd2c] [RTSP source] 5 decode errors, last was: received RTP packet with unknown payload type: 50
2026/09/29 08:41:51 WAR [path cam_5064cd2c] [RTSP source] 5 decode errors, last was: received RTP packet with unknown payload type: 50
2026/09/29 08:41:51 WAR [path cam_3059f25c] [RTSP source] 5 decode errors, last was: received RTP packet with unknown payload type: 50
2026/09/29 08:41:52 WAR [path cam_3059f25c] [RTSP source] 5 decode errors, last was: received RTP packet with unknown payload type: 50
2026/09/29 08:41:52 WAR [path cam_5064cd2c] [RTSP source] 5 decode errors, last was: received RTP packet with unknown payload type: 50
2026/09/29 08:41:53 WAR [path cam_3059f25c] [RTSP source] 5 decode errors, last was: received RTP packet with unknown payload type: 50
2026/09/29 08:41:53 WAR [path cam_5064cd2c] [RTSP source] 5 decode errors, last was: received RTP packet with unknown payload type: 50
2026/09/29 08:41:54 WAR [path cam_3059f25c] [RTSP source] 5 decode errors, last was: received RTP packet with unknown payload type: 50
2026/09/29 08:41:54 WAR [path cam_5064cd2c] [RTSP source] 5 decode errors, last was: received RTP packet with unknown payload type: 50
2026/09/29 08:41:55 WAR [path cam_5064cd2c] [RTSP source] 5 decode errors, last was: received RTP packet with unknown payload type: 50
2026/09/29 08:41:55 WAR [path cam_3059f25c] [RTSP source] 5 decode errors, last was: received RTP packet with unknown payload type: 50
2026/09/29 08:41:56 WAR [path cam_3059f25c] [RTSP source] 5 decode errors, last was: received RTP packet with unknown payload type: 50
2026/09/29 08:41:56 WAR [path cam_5064cd2c] [RTSP source] 5 decode errors, last was: received RTP packet with unknown payload type: 50
2026/09/29 08:41:57 WAR [path cam_5064cd2c] [RTSP source] 5 decode errors, last was: received RTP packet with unknown payload type: 50
2026/09/29 08:41:57 WAR [path cam_3059f25c] [RTSP source] 5 decode errors, last was: received RTP packet with unknown payload type: 50
2026/09/29 08:41:58 WAR [path cam_3059f25c] [RTSP source] 5 decode errors, last was: received RTP packet with unknown payload type: 50
2026/09/29 08:41:58 WAR [path cam_5064cd2c] [RTSP source] 5 decode errors, last was: received RTP packet with unknown payload type: 50
2026/09/29 08:41:59 WAR [path cam_5064cd2c] [RTSP source] 5 decode errors, last was: received RTP packet with unknown payload type: 50
2026/09/29 08:41:59 WAR [path cam_3059f25c] [RTSP source] 5 decode errors, last was: received RTP packet with unknown payload type: 50
2026/09/29 08:42:00 WAR [path cam_3059f25c] [RTSP source] 5 decode errors, last was: received RTP packet with unknown payload type: 50
2026/09/29 08:42:00 WAR [path cam_5064cd2c] [RTSP source] 5 decode errors, last was: received RTP packet with unknown payload type: 50
2026/09/29 08:42:01 WAR [path cam_5064cd2c] [RTSP source] 5 decode errors, last was: received RTP packet with unknown payload type: 50
2026/09/29 08:42:01 WAR [path cam_3059f25c] [RTSP source] 5 decode errors, last was: received RTP packet with unknown payload type: 50
2026/09/29 08:42:02 WAR [path cam_5064cd2c] [RTSP source] 5 decode errors, last was: received RTP packet with unknown payload type: 50
2026/09/29 08:42:02 WAR [path cam_3059f25c] [RTSP source] 5 decode errors, last was: received RTP packet with unknown payload type: 50
2026/09/29 08:42:03 WAR [path cam_3059f25c] [RTSP source] 5 decode errors, last was: received RTP packet with unknown payload type: 50
2026/09/29 08:42:03 WAR [path cam_5064cd2c] [RTSP source] 5 decode errors, last was: received RTP packet with unknown payload type: 50
2026/09/29 08:42:04 WAR [path cam_5064cd2c] [RTSP source] 5 decode errors, last was: received RTP packet with unknown payload type: 50
2026/09/29 08:42:04 WAR [path cam_3059f25c] [RTSP source] 5 decode errors, last was: received RTP packet with unknown payload type: 50
2026/09/29 08:42:05 WAR [path cam_3059f25c] [RTSP source] 5 decode errors, last was: received RTP packet with unknown payload type: 50
2026/09/29 08:42:05 WAR [path cam_5064cd2c] [RTSP source] 5 decode errors, last was: received RTP packet with unknown payload type: 50
2026/09/29 08:42:06 WAR [path cam_3059f25c] [RTSP source] 5 decode errors, last was: received RTP packet with unknown payload type: 50
2026/09/29 08:42:06 WAR [path cam_5064cd2c] [RTSP source] 5 decode errors, last was: received RTP packet with unknown payload type: 50
2026/09/29 08:42:07 WAR [path cam_3059f25c] [RTSP source] 5 decode errors, last was: received RTP packet with unknown payload type: 50
2026/09/29 08:42:07 WAR [path cam_5064cd2c] [RTSP source] 5 decode errors, last was: received RTP packet with unknown payload type: 50
2026/09/29 08:42:08 WAR [path cam_5064cd2c] [RTSP source] 5 decode errors, last was: received RTP packet with unknown payload type: 50
2026/09/29 08:42:08 WAR [path cam_3059f25c] [RTSP source] 5 decode errors, last was: received RTP packet with unknown payload type: 50
2026/09/29 08:42:09 WAR [path cam_3059f25c] [RTSP source] 5 decode errors, last was: received RTP packet with unknown payload type: 50
2026/09/29 08:42:09 WAR [path cam_5064cd2c] [RTSP source] 5 decode errors, last was: received RTP packet with unknown payload type: 50
2026/09/29 08:42:10 WAR [path cam_3059f25c] [RTSP source] 5 decode errors, last was: received RTP packet with unknown payload type: 50
2026/09/29 08:42:10 WAR [path cam_5064cd2c] [RTSP source] 5 decode errors, last was: received RTP packet with unknown payload type: 50
2026/09/29 08:42:11 WAR [path cam_5064cd2c] [RTSP source] 5 decode errors, last was: received RTP packet with unknown payload type: 50
2026/09/29 08:42:11 WAR [path cam_3059f25c] [RTSP source] 5 decode errors, last was: received RTP packet with unknown payload type: 50
2026/09/29 08:42:12 WAR [path cam_3059f25c] [RTSP source] 5 decode errors, last was: received RTP packet with unknown payload type: 50
2026/09/29 08:42:12 WAR [path cam_5064cd2c] [RTSP source] 5 decode errors, last was: received RTP packet with unknown payload type: 50
2026/09/29 08:42:13 WAR [path cam_3059f25c] [RTSP source] 5 decode errors, last was: received RTP packet with unknown payload type: 50
2026/09/29 08:42:13 WAR [path cam_5064cd2c] [RTSP source] 5 decode errors, last was: received RTP packet with unknown payload type: 50
2026/09/29 08:42:14 WAR [path cam_5064cd2c] [RTSP source] 5 decode errors, last was: received RTP packet with unknown payload type: 50
2026/09/29 08:42:14 WAR [path cam_3059f25c] [RTSP source] 5 decode errors, last was: received RTP packet with unknown payload type: 50
2026/09/29 08:42:15 WAR [path cam_3059f25c] [RTSP source] 5 decode errors, last was: received RTP packet with unknown payload type: 50
2026/09/29 08:42:15 WAR [path cam_5064cd2c] [RTSP source] 5 decode errors, last was: received RTP packet with unknown payload type: 50
2026/09/29 08:42:16 WAR [path cam_3059f25c] [RTSP source] 5 decode errors, last was: received RTP packet with unknown payload type: 50
2026/09/29 08:42:16 WAR [path cam_5064cd2c] [RTSP source] 5 decode errors, last was: received RTP packet with unknown payload type: 50
2026/09/29 08:42:17 WAR [path cam_5064cd2c] [RTSP source] 5 decode errors, last was: received RTP packet with unknown payload type: 50
2026/09/29 08:42:17 WAR [path cam_3059f25c] [RTSP source] 5 decode errors, last was: received RTP packet with unknown payload type: 50
2026/09/29 08:42:18 WAR [path cam_3059f25c] [RTSP source] 5 decode errors, last was: received RTP packet with unknown payload type: 50
2026/09/29 08:42:18 WAR [path cam_5064cd2c] [RTSP source] 5 decode errors, last was: received RTP packet with unknown payload type: 50
2026/09/29 08:42:19 WAR [path cam_3059f25c] [RTSP source] 5 decode errors, last was: received RTP packet with unknown payload type: 50
2026/09/29 08:42:19 WAR [path cam_5064cd2c] [RTSP source] 5 decode errors, last was: received RTP packet with unknown payload type: 50
2026/09/29 08:42:20 WAR [path cam_5064cd2c] [RTSP source] 5 decode errors, last was: received RTP packet with unknown payload type: 50
2026/09/29 08:42:20 WAR [path cam_3059f25c] [RTSP source] 5 decode errors, last was: received RTP packet with unknown payload type: 50
2026/09/29 08:42:21 WAR [path cam_3059f25c] [RTSP source] 5 decode errors, last was: received RTP packet with unknown payload type: 50
2026/09/29 08:42:21 WAR [path cam_5064cd2c] [RTSP source] 5 decode errors, last was: received RTP packet with unknown payload type: 50
2026/09/29 08:42:22 WAR [path cam_3059f25c] [RTSP source] 5 decode errors, last was: received RTP packet with unknown payload type: 50
2026/09/29 08:42:22 WAR [path cam_5064cd2c] [RTSP source] 5 decode errors, last was: received RTP packet with unknown payload type: 50
2026/09/29 08:42:23 WAR [path cam_5064cd2c] [RTSP source] 5 decode errors, last was: received RTP packet with unknown payload type: 50
2026/09/29 08:42:23 WAR [path cam_3059f25c] [RTSP source] 5 decode errors, last was: received RTP packet with unknown payload type: 50
2026/09/29 08:42:24 WAR [path cam_3059f25c] [RTSP source] 5 decode errors, last was: received RTP packet with unknown payload type: 50
2026/09/29 08:42:24 WAR [path cam_5064cd2c] [RTSP source] 5 decode errors, last was: received RTP packet with unknown payload type: 50
2026/09/29 08:42:25 WAR [path cam_5064cd2c] [RTSP source] 5 decode errors, last was: received RTP packet with unknown payload type: 50
2026/09/29 08:42:25 WAR [path cam_3059f25c] [RTSP source] 5 decode errors, last was: received RTP packet with unknown payload type: 50
2026/09/29 08:42:26 WAR [path cam_5064cd2c] [RTSP source] 5 decode errors, last was: received RTP packet with unknown payload type: 50
2026/09/29 08:42:26 WAR [path cam_3059f25c] [RTSP source] 5 decode errors, last was: received RTP packet with unknown payload type: 50
2026/09/29 08:42:27 WAR [path cam_3059f25c] [RTSP source] 5 decode errors, last was: received RTP packet with unknown payload type: 50
2026/09/29 08:42:27 WAR [path cam_5064cd2c] [RTSP source] 5 decode errors, last was: received RTP packet with unknown payload type: 50
2026/09/29 08:42:28 WAR [path cam_3059f25c] [RTSP source] 5 decode errors, last was: received RTP packet with unknown payload type: 50
2026/09/29 08:42:28 WAR [path cam_5064cd2c] [RTSP source] 5 decode errors, last was: received RTP packet with unknown payload type: 50
2026/09/29 08:42:29 WAR [path cam_5064cd2c] [RTSP source] 5 decode errors, last was: received RTP packet with unknown payload type: 50
2026/09/29 08:42:29 WAR [path cam_3059f25c] [RTSP source] 5 decode errors, last was: received RTP packet with unknown payload type: 50
2026/09/29 08:42:30 WAR [path cam_3059f25c] [RTSP source] 5 decode errors, last was: received RTP packet with unknown payload type: 50
2026/09/29 08:42:30 WAR [path cam_5064cd2c] [RTSP source] 5 decode errors, last was: received RTP packet with unknown payload type: 50
2026/09/29 08:42:31 WAR [path cam_5064cd2c] [RTSP source] 5 decode errors, last was: received RTP packet with unknown payload type: 50
2026/09/29 08:42:31 WAR [path cam_3059f25c] [RTSP source] 5 decode errors, last was: received RTP packet with unknown payload type: 50
2026/09/29 08:42:32 WAR [path cam_3059f25c] [RTSP source] 5 decode errors, last was: received RTP packet with unknown payload type: 50
2026/09/29 08:42:32 WAR [path cam_5064cd2c] [RTSP source] 5 decode errors, last was: received RTP packet with unknown payload type: 50
2026/09/29 08:42:33 WAR [path cam_3059f25c] [RTSP source] 5 decode errors, last was: received RTP packet with unknown payload type: 50
2026/09/29 08:42:33 WAR [path cam_5064cd2c] [RTSP source] 5 decode errors, last was: received RTP packet with unknown payload type: 50
2026/09/29 08:42:34 WAR [path cam_5064cd2c] [RTSP source] 5 decode errors, last was: received RTP packet with unknown payload type: 50
2026/09/29 08:42:34 WAR [path cam_3059f25c] [RTSP source] 5 decode errors, last was: received RTP packet with unknown payload type: 50
2026/09/29 08:42:35 WAR [path cam_3059f25c] [RTSP source] 5 decode errors, last was: received RTP packet with unknown payload type: 50
2026/09/29 08:42:35 WAR [path cam_5064cd2c] [RTSP source] 5 decode errors, last was: received RTP packet with unknown payload type: 50
2026/09/29 08:42:36 WAR [path cam_5064cd2c] [RTSP source] 5 decode errors, last was: received RTP packet with unknown payload type: 50
2026/09/29 08:42:36 WAR [path cam_3059f25c] [RTSP source] 5 decode errors, last was: received RTP packet with unknown payload type: 50
2026/09/29 08:42:37 WAR [path cam_5064cd2c] [RTSP source] 5 decode errors, last was: received RTP packet with unknown payload type: 50
2026/09/29 08:42:37 WAR [path cam_3059f25c] [RTSP source] 5 decode errors, last was: received RTP packet with unknown payload type: 50
2026/09/29 08:42:38 WAR [path cam_3059f25c] [RTSP source] 5 decode errors, last was: received RTP packet with unknown payload type: 50
2026/09/29 08:42:38 WAR [path cam_5064cd2c] [RTSP source] 5 decode errors, last was: received RTP packet with unknown payload type: 50
2026/09/29 08:42:39 WAR [path cam_5064cd2c] [RTSP source] 5 decode errors, last was: received RTP packet with unknown payload type: 50
2026/09/29 08:42:39 WAR [path cam_3059f25c] [RTSP source] 5 decode errors, last was: received RTP packet with unknown payload type: 50
2026/09/29 08:42:40 WAR [path cam_3059f25c] [RTSP source] 5 decode errors, last was: received RTP packet with unknown payload type: 50
2026/09/29 08:42:40 WAR [path cam_5064cd2c] [RTSP source] 5 decode errors, last was: received RTP packet with unknown payload type: 50
2026/09/29 08:42:41 WAR [path cam_3059f25c] [RTSP source] 5 decode errors, last was: received RTP packet with unknown payload type: 50
2026/09/29 08:42:41 WAR [path cam_5064cd2c] [RTSP source] 5 decode errors, last was: received RTP packet with unknown payload type: 50
2026/09/29 08:42:42 WAR [path cam_5064cd2c] [RTSP source] 5 decode errors, last was: received RTP packet with unknown payload type: 50
2026/09/29 08:42:42 WAR [path cam_3059f25c] [RTSP source] 5 decode errors, last was: received RTP packet with unknown payload type: 50
2026/09/29 08:42:43 WAR [path cam_3059f25c] [RTSP source] 5 decode errors, last was: received RTP packet with unknown payload type: 50
2026/09/29 08:42:43 WAR [path cam_5064cd2c] [RTSP source] 5 decode errors, last was: received RTP packet with unknown payload type: 50
2026/09/29 08:42:44 WAR [path cam_3059f25c] [RTSP source] 5 decode errors, last was: received RTP packet with unknown payload type: 50
2026/09/29 08:42:44 WAR [path cam_5064cd2c] [RTSP source] 5 decode errors, last was: received RTP packet with unknown payload type: 50
2026/09/29 08:42:45 WAR [path cam_5064cd2c] [RTSP source] 5 decode errors, last was: received RTP packet with unknown payload type: 50
2026/09/29 08:42:45 WAR [path cam_3059f25c] [RTSP source] 5 decode errors, last was: received RTP packet with unknown payload type: 50
2026/09/29 08:42:46 WAR [path cam_3059f25c] [RTSP source] 5 decode errors, last was: received RTP packet with unknown payload type: 50
2026/09/29 08:42:46 WAR [path cam_5064cd2c] [RTSP source] 5 decode errors, last was: received RTP packet with unknown payload type: 50
2026/09/29 08:42:47 WAR [path cam_3059f25c] [RTSP source] 5 decode errors, last was: received RTP packet with unknown payload type: 50
2026/09/29 08:42:47 WAR [path cam_5064cd2c] [RTSP source] 5 decode errors, last was: received RTP packet with unknown payload type: 50
2026/09/29 08:42:48 WAR [path cam_5064cd2c] [RTSP source] 5 decode errors, last was: received RTP packet with unknown payload type: 50
2026/09/29 08:42:48 WAR [path cam_3059f25c] [RTSP source] 5 decode errors, last was: received RTP packet with unknown payload type: 50
2026/09/29 08:42:49 WAR [path cam_3059f25c] [RTSP source] 5 decode errors, last was: received RTP packet with unknown payload type: 50
2026/09/29 08:42:49 WAR [path cam_5064cd2c] [RTSP source] 5 decode errors, last was: received RTP packet with unknown payload type: 50
2026/09/29 08:42:50 WAR [path cam_3059f25c] [RTSP source] 5 decode errors, last was: received RTP packet with unknown payload type: 50
2026/09/29 08:42:50 WAR [path cam_5064cd2c] [RTSP source] 5 decode errors, last was: received RTP packet with unknown payload type: 50
2026/09/29 08:42:51 WAR [path cam_5064cd2c] [RTSP source] 5 decode errors, last was: received RTP packet with unknown payload type: 50
2026/09/29 08:42:51 WAR [path cam_3059f25c] [RTSP source] 5 decode errors, last was: received RTP packet with unknown payload type: 50
2026/09/29 08:42:52 WAR [path cam_3059f25c] [RTSP source] 5 decode errors, last was: received RTP packet with unknown payload type: 50
2026/09/29 08:42:52 WAR [path cam_5064cd2c] [RTSP source] 5 decode errors, last was: received RTP packet with unknown payload type: 50
2026/09/29 08:42:53 WAR [path cam_5064cd2c] [RTSP source] 5 decode errors, last was: received RTP packet with unknown payload type: 50
2026/09/29 08:42:53 WAR [path cam_3059f25c] [RTSP source] 5 decode errors, last was: received RTP packet with unknown payload type: 50
2026/09/29 08:42:54 WAR [path cam_3059f25c] [RTSP source] 5 decode errors, last was: received RTP packet with unknown payload type: 50
2026/09/29 08:42:54 WAR [path cam_5064cd2c] [RTSP source] 5 decode errors, last was: received RTP packet with unknown payload type: 50
2026/09/29 08:42:55 WAR [path cam_3059f25c] [RTSP source] 5 decode errors, last was: received RTP packet with unknown payload type: 50
2026/09/29 08:42:55 WAR [path cam_5064cd2c] [RTSP source] 5 decode errors, last was: received RTP packet with unknown payload type: 50
2026/09/29 08:42:56 WAR [path cam_5064cd2c] [RTSP source] 5 decode errors, last was: received RTP packet with unknown payload type: 50
2026/09/29 08:42:56 WAR [path cam_3059f25c] [RTSP source] 5 decode errors, last was: received RTP packet with unknown payload type: 50
2026/09/29 08:42:57 WAR [path cam_3059f25c] [RTSP source] 5 decode errors, last was: received RTP packet with unknown payload type: 50
2026/09/29 08:42:57 WAR [path cam_5064cd2c] [RTSP source] 5 decode errors, last was: received RTP packet with unknown payload type: 50
2026/09/29 08:42:58 WAR [path cam_3059f25c] [RTSP source] 5 decode errors, last was: received RTP packet with unknown payload type: 50
2026/09/29 08:42:58 WAR [path cam_5064cd2c] [RTSP source] 5 decode errors, last was: received RTP packet with unknown payload type: 50
2026/09/29 08:42:59 WAR [path cam_5064cd2c] [RTSP source] 5 decode errors, last was: received RTP packet with unknown payload type: 50
2026/09/29 08:42:59 WAR [path cam_3059f25c] [RTSP source] 5 decode errors, last was: received RTP packet with unknown payload type: 50
2026/09/29 08:43:00 WAR [path cam_3059f25c] [RTSP source] 5 decode errors, last was: received RTP packet with unknown payload type: 50
2026/09/29 08:43:00 WAR [path cam_5064cd2c] [RTSP source] 5 decode errors, last was: received RTP packet with unknown payload type: 50
2026/09/29 08:43:01 WAR [path cam_3059f25c] [RTSP source] 5 decode errors, last was: received RTP packet with unknown payload type: 50
2026/09/29 08:43:01 WAR [path cam_5064cd2c] [RTSP source] 5 decode errors, last was: received RTP packet with unknown payload type: 50
2026/09/29 08:43:02 WAR [path cam_3059f25c] [RTSP source] 5 decode errors, last was: received RTP packet with unknown payload type: 50
2026/09/29 08:43:02 WAR [path cam_5064cd2c] [RTSP source] 5 decode errors, last was: received RTP packet with unknown payload type: 50
2026/09/29 08:43:03 WAR [path cam_3059f25c] [RTSP source] 5 decode errors, last was: received RTP packet with unknown payload type: 50
2026/09/29 08:43:03 WAR [path cam_5064cd2c] [RTSP source] 5 decode errors, last was: received RTP packet with unknown payload type: 50
2026/09/29 08:43:04 WAR [path cam_3059f25c] [RTSP source] 5 decode errors, last was: received RTP packet with unknown payload type: 50
2026/09/29 08:43:04 WAR [path cam_5064cd2c] [RTSP source] 5 decode errors, last was: received RTP packet with unknown payload type: 50
2026/09/29 08:43:05 WAR [path cam_5064cd2c] [RTSP source] 5 decode errors, last was: received RTP packet with unknown payload type: 50
2026/09/29 08:43:05 WAR [path cam_3059f25c] [RTSP source] 5 decode errors, last was: received RTP packet with unknown payload type: 50
2026/09/29 08:43:06 WAR [path cam_3059f25c] [RTSP source] 5 decode errors, last was: received RTP packet with unknown payload type: 50
2026/09/29 08:43:06 WAR [path cam_5064cd2c] [RTSP source] 5 decode errors, last was: received RTP packet with unknown payload type: 50
2026/09/29 08:43:07 WAR [path cam_3059f25c] [RTSP source] 5 decode errors, last was: received RTP packet with unknown payload type: 50
2026/09/29 08:43:07 WAR [path cam_5064cd2c] [RTSP source] 5 decode errors, last was: received RTP packet with unknown payload type: 50
2026/09/29 08:43:08 WAR [path cam_5064cd2c] [RTSP source] 5 decode errors, last was: received RTP packet with unknown payload type: 50
2026/09/29 08:43:08 WAR [path cam_3059f25c] [RTSP source] 5 decode errors, last was: received RTP packet with unknown payload type: 50
2026/09/29 08:43:09 WAR [path cam_3059f25c] [RTSP source] 5 decode errors, last was: received RTP packet with unknown payload type: 50
2026/09/29 08:43:09 WAR [path cam_5064cd2c] [RTSP source] 5 decode errors, last was: received RTP packet with unknown payload type: 50
2026/09/29 08:43:10 WAR [path cam_3059f25c] [RTSP source] 5 decode errors, last was: received RTP packet with unknown payload type: 50
2026/09/29 08:43:10 WAR [path cam_5064cd2c] [RTSP source] 5 decode errors, last was: received RTP packet with unknown payload type: 50
2026/09/29 08:43:11 WAR [path cam_5064cd2c] [RTSP source] 5 decode errors, last was: received RTP packet with unknown payload type: 50
2026/09/29 08:43:11 WAR [path cam_3059f25c] [RTSP source] 5 decode errors, last was: received RTP packet with unknown payload type: 50
2026/09/29 08:43:12 WAR [path cam_3059f25c] [RTSP source] 5 decode errors, last was: received RTP packet with unknown payload type: 50
2026/09/29 08:43:12 WAR [path cam_5064cd2c] [RTSP source] 5 decode errors, last was: received RTP packet with unknown payload type: 50
2026/09/29 08:43:13 WAR [path cam_3059f25c] [RTSP source] 5 decode errors, last was: received RTP packet with unknown payload type: 50
2026/09/29 08:43:13 WAR [path cam_5064cd2c] [RTSP source] 5 decode errors, last was: received RTP packet with unknown payload type: 50
2026/09/29 08:43:14 WAR [path cam_5064cd2c] [RTSP source] 5 decode errors, last was: received RTP packet with unknown payload type: 50
2026/09/29 08:43:14 WAR [path cam_3059f25c] [RTSP source] 5 decode errors, last was: received RTP packet with unknown payload type: 50
2026/09/29 08:43:15 WAR [path cam_3059f25c] [RTSP source] 5 decode errors, last was: received RTP packet with unknown payload type: 50
2026/09/29 08:43:15 WAR [path cam_5064cd2c] [RTSP source] 5 decode errors, last was: received RTP packet with unknown payload type: 50
2026/09/29 08:43:16 WAR [path cam_5064cd2c] [RTSP source] 5 decode errors, last was: received RTP packet with unknown payload type: 50
2026/09/29 08:43:16 WAR [path cam_3059f25c] [RTSP source] 5 decode errors, last was: received RTP packet with unknown payload type: 50
2026/09/29 08:43:17 WAR [path cam_3059f25c] [RTSP source] 5 decode errors, last was: received RTP packet with unknown payload type: 50
2026/09/29 08:43:17 WAR [path cam_5064cd2c] [RTSP source] 5 decode errors, last was: received RTP packet with unknown payload type: 50
2026/09/29 08:43:18 WAR [path cam_5064cd2c] [RTSP source] 5 decode errors, last was: received RTP packet with unknown payload type: 50
2026/09/29 08:43:18 WAR [path cam_3059f25c] [RTSP source] 5 decode errors, last was: received RTP packet with unknown payload type: 50
2026/09/29 08:43:19 WAR [path cam_5064cd2c] [RTSP source] 5 decode errors, last was: received RTP packet with unknown payload type: 50
2026/09/29 08:43:19 WAR [path cam_3059f25c] [RTSP source] 5 decode errors, last was: received RTP packet with unknown payload type: 50
2026/09/29 08:43:20 WAR [path cam_5064cd2c] [RTSP source] 5 decode errors, last was: received RTP packet with unknown payload type: 50
2026/09/29 08:43:20 WAR [path cam_3059f25c] [RTSP source] 5 decode errors, last was: received RTP packet with unknown payload type: 50
2026/09/29 08:43:21 WAR [path cam_5064cd2c] [RTSP source] 5 decode errors, last was: received RTP packet with unknown payload type: 50
2026/09/29 08:43:21 WAR [path cam_3059f25c] [RTSP source] 5 decode errors, last was: received RTP packet with unknown payload type: 50
2026/09/29 08:43:22 WAR [path cam_3059f25c] [RTSP source] 5 decode errors, last was: received RTP packet with unknown payload type: 50
2026/09/29 08:43:22 WAR [path cam_5064cd2c] [RTSP source] 5 decode errors, last was: received RTP packet with unknown payload type: 50
2026/09/29 08:43:23 WAR [path cam_5064cd2c] [RTSP source] 5 decode errors, last was: received RTP packet with unknown payload type: 50
2026/09/29 08:43:23 WAR [path cam_3059f25c] [RTSP source] 5 decode errors, last was: received RTP packet with unknown payload type: 50
2026/09/29 08:43:24 WAR [path cam_3059f25c] [RTSP source] 5 decode errors, last was: received RTP packet with unknown payload type: 50
2026/09/29 08:43:24 WAR [path cam_5064cd2c] [RTSP source] 5 decode errors, last was: received RTP packet with unknown payload type: 50
2026/09/29 08:43:25 WAR [path cam_5064cd2c] [RTSP source] 5 decode errors, last was: received RTP packet with unknown payload type: 50
2026/09/29 08:43:25 WAR [path cam_3059f25c] [RTSP source] 5 decode errors, last was: received RTP packet with unknown payload type: 50
2026/09/29 08:43:26 WAR [path cam_5064cd2c] [RTSP source] 5 decode errors, last was: received RTP packet with unknown payload type: 50
2026/09/29 08:43:26 WAR [path cam_3059f25c] [RTSP source] 5 decode errors, last was: received RTP packet with unknown payload type: 50
2026/09/29 08:43:27 WAR [path cam_3059f25c] [RTSP source] 5 decode errors, last was: received RTP packet with unknown payload type: 50
2026/09/29 08:43:27 WAR [path cam_5064cd2c] [RTSP source] 5 decode errors, last was: received RTP packet with unknown payload type: 50
2026/09/29 08:43:28 WAR [path cam_5064cd2c] [RTSP source] 5 decode errors, last was: received RTP packet with unknown payload type: 50
2026/09/29 08:43:28 WAR [path cam_3059f25c] [RTSP source] 5 decode errors, last was: received RTP packet with unknown payload type: 50
2026/09/29 08:43:29 WAR [path cam_5064cd2c] [RTSP source] 5 decode errors, last was: received RTP packet with unknown payload type: 50
2026/09/29 08:43:29 WAR [path cam_3059f25c] [RTSP source] 5 decode errors, last was: received RTP packet with unknown payload type: 50
2026/09/29 08:43:30 WAR [path cam_3059f25c] [RTSP source] 5 decode errors, last was: received RTP packet with unknown payload type: 50
2026/09/29 08:43:30 WAR [path cam_5064cd2c] [RTSP source] 5 decode errors, last was: received RTP packet with unknown payload type: 50
2026/09/29 08:43:31 WAR [path cam_5064cd2c] [RTSP source] 5 decode errors, last was: received RTP packet with unknown payload type: 50
2026/09/29 08:43:31 WAR [path cam_3059f25c] [RTSP source] 5 decode errors, last was: received RTP packet with unknown payload type: 50
2026/09/29 08:43:32 WAR [path cam_5064cd2c] [RTSP source] 5 decode errors, last was: received RTP packet with unknown payload type: 50
2026/09/29 08:43:32 WAR [path cam_3059f25c] [RTSP source] 5 decode errors, last was: received RTP packet with unknown payload type: 50
2026/09/29 08:43:33 WAR [path cam_3059f25c] [RTSP source] 5 decode errors, last was: received RTP packet with unknown payload type: 50
2026/09/29 08:43:33 WAR [path cam_5064cd2c] [RTSP source] 5 decode errors, last was: received RTP packet with unknown payload type: 50
2026/09/29 08:43:34 WAR [path cam_5064cd2c] [RTSP source] 5 decode errors, last was: received RTP packet with unknown payload type: 50
2026/09/29 08:43:34 WAR [path cam_3059f25c] [RTSP source] 5 decode errors, last was: received RTP packet with unknown payload type: 50
2026/09/29 08:43:35 WAR [path cam_3059f25c] [RTSP source] 5 decode errors, last was: received RTP packet with unknown payload type: 50
2026/09/29 08:43:35 WAR [path cam_5064cd2c] [RTSP source] 5 decode errors, last was: received RTP packet with unknown payload type: 50
2026/09/29 08:43:36 WAR [path cam_3059f25c] [RTSP source] 5 decode errors, last was: received RTP packet with unknown payload type: 50
2026/09/29 08:43:36 WAR [path cam_5064cd2c] [RTSP source] 5 decode errors, last was: received RTP packet with unknown payload type: 50
2026/09/29 08:43:37 WAR [path cam_5064cd2c] [RTSP source] 5 decode errors, last was: received RTP packet with unknown payload type: 50
2026/09/29 08:43:37 WAR [path cam_3059f25c] [RTSP source] 5 decode errors, last was: received RTP packet with unknown payload type: 50
2026/09/29 08:43:38 WAR [path cam_5064cd2c] [RTSP source] 5 decode errors, last was: received RTP packet with unknown payload type: 50
2026/09/29 08:43:38 WAR [path cam_3059f25c] [RTSP source] 5 decode errors, last was: received RTP packet with unknown payload type: 50
2026/09/29 08:43:39 WAR [path cam_3059f25c] [RTSP source] 5 decode errors, last was: received RTP packet with unknown payload type: 50
2026/09/29 08:43:39 WAR [path cam_5064cd2c] [RTSP source] 5 decode errors, last was: received RTP packet with unknown payload type: 50
2026/09/29 08:43:40 WAR [path cam_5064cd2c] [RTSP source] 5 decode errors, last was: received RTP packet with unknown payload type: 50
2026/09/29 08:43:40 WAR [path cam_3059f25c] [RTSP source] 5 decode errors, last was: received RTP packet with unknown payload type: 50
2026/09/29 08:43:41 WAR [path cam_5064cd2c] [RTSP source] 5 decode errors, last was: received RTP packet with unknown payload type: 50
2026/09/29 08:43:41 WAR [path cam_3059f25c] [RTSP source] 5 decode errors, last was: received RTP packet with unknown payload type: 50
2026/09/29 08:43:42 WAR [path cam_3059f25c] [RTSP source] 5 decode errors, last was: received RTP packet with unknown payload type: 50
2026/09/29 08:43:42 WAR [path cam_5064cd2c] [RTSP source] 5 decode errors, last was: received RTP packet with unknown payload type: 50
2026/09/29 08:43:43 WAR [path cam_5064cd2c] [RTSP source] 5 decode errors, last was: received RTP packet with unknown payload type: 50
2026/09/29 08:43:43 WAR [path cam_3059f25c] [RTSP source] 5 decode errors, last was: received RTP packet with unknown payload type: 50
2026/09/29 08:43:44 WAR [path cam_5064cd2c] [RTSP source] 5 decode errors, last was: received RTP packet with unknown payload type: 50
2026/09/29 08:43:44 WAR [path cam_3059f25c] [RTSP source] 5 decode errors, last was: received RTP packet with unknown payload type: 50
2026/09/29 08:43:45 WAR [path cam_3059f25c] [RTSP source] 5 decode errors, last was: received RTP packet with unknown payload type: 50
2026/09/29 08:43:45 WAR [path cam_5064cd2c] [RTSP source] 5 decode errors, last was: received RTP packet with unknown payload type: 50
2026/09/29 08:43:46 WAR [path cam_5064cd2c] [RTSP source] 5 decode errors, last was: received RTP packet with unknown payload type: 50
2026/09/29 08:43:46 WAR [path cam_3059f25c] [RTSP source] 5 decode errors, last was: received RTP packet with unknown payload type: 50
2026/09/29 08:43:47 WAR [path cam_3059f25c] [RTSP source] 5 decode errors, last was: received RTP packet with unknown payload type: 50
2026/09/29 08:43:47 WAR [path cam_5064cd2c] [RTSP source] 5 decode errors, last was: received RTP packet with unknown payload type: 50
2026/09/29 08:43:48 WAR [path cam_5064cd2c] [RTSP source] 5 decode errors, last was: received RTP packet with unknown payload type: 50
2026/09/29 08:43:48 WAR [path cam_3059f25c] [RTSP source] 5 decode errors, last was: received RTP packet with unknown payload type: 50
2026/09/29 08:43:49 WAR [path cam_5064cd2c] [RTSP source] 5 decode errors, last was: received RTP packet with unknown payload type: 50
2026/09/29 08:43:49 WAR [path cam_3059f25c] [RTSP source] 5 decode errors, last was: received RTP packet with unknown payload type: 50
2026/09/29 08:43:50 WAR [path cam_3059f25c] [RTSP source] 5 decode errors, last was: received RTP packet with unknown payload type: 50
2026/09/29 08:43:50 WAR [path cam_5064cd2c] [RTSP source] 5 decode errors, last was: received RTP packet with unknown payload type: 50
2026/09/29 08:43:51 WAR [path cam_5064cd2c] [RTSP source] 5 decode errors, last was: received RTP packet with unknown payload type: 50
2026/09/29 08:43:51 WAR [path cam_3059f25c] [RTSP source] 5 decode errors, last was: received RTP packet with unknown payload type: 50
2026/09/29 08:43:52 WAR [path cam_3059f25c] [RTSP source] 5 decode errors, last was: received RTP packet with unknown payload type: 50
2026/09/29 08:43:52 WAR [path cam_5064cd2c] [RTSP source] 5 decode errors, last was: received RTP packet with unknown payload type: 50
2026/09/29 08:43:53 WAR [path cam_3059f25c] [RTSP source] 5 decode errors, last was: received RTP packet with unknown payload type: 50
2026/09/29 08:43:53 WAR [path cam_5064cd2c] [RTSP source] 5 decode errors, last was: received RTP packet with unknown payload type: 50
2026/09/29 08:43:54 WAR [path cam_5064cd2c] [RTSP source] 5 decode errors, last was: received RTP packet with unknown payload type: 50
2026/09/29 08:43:54 WAR [path cam_3059f25c] [RTSP source] 5 decode errors, last was: received RTP packet with unknown payload type: 50
2026/09/29 08:43:55 WAR [path cam_5064cd2c] [RTSP source] 5 decode errors, last was: received RTP packet with unknown payload type: 50
2026/09/29 08:43:55 WAR [path cam_3059f25c] [RTSP source] 5 decode errors, last was: received RTP packet with unknown payload type: 50
2026/09/29 08:43:56 WAR [path cam_5064cd2c] [RTSP source] 5 decode errors, last was: received RTP packet with unknown payload type: 50
2026/09/29 08:43:56 WAR [path cam_3059f25c] [RTSP source] 5 decode errors, last was: received RTP packet with unknown payload type: 50
2026/09/29 08:43:57 WAR [path cam_5064cd2c] [RTSP source] 5 decode errors, last was: received RTP packet with unknown payload type: 50
2026/09/29 08:43:57 WAR [path cam_3059f25c] [RTSP source] 5 decode errors, last was: received RTP packet with unknown payload type: 50
2026/09/29 08:43:58 WAR [path cam_3059f25c] [RTSP source] 5 decode errors, last was: received RTP packet with unknown payload type: 50
2026/09/29 08:43:58 WAR [path cam_5064cd2c] [RTSP source] 5 decode errors, last was: received RTP packet with unknown payload type: 50
2026/09/29 08:43:59 WAR [path cam_5064cd2c] [RTSP source] 5 decode errors, last was: received RTP packet with unknown payload type: 50
2026/09/29 08:43:59 WAR [path cam_3059f25c] [RTSP source] 5 decode errors, last was: received RTP packet with unknown payload type: 50
2026/09/29 08:44:00 WAR [path cam_5064cd2c] [RTSP source] 5 decode errors, last was: received RTP packet with unknown payload type: 50
2026/09/29 08:44:00 WAR [path cam_3059f25c] [RTSP source] 5 decode errors, last was: received RTP packet with unknown payload type: 50
2026/09/29 08:44:01 WAR [path cam_3059f25c] [RTSP source] 5 decode errors, last was: received RTP packet with unknown payload type: 50
2026/09/29 08:44:01 WAR [path cam_5064cd2c] [RTSP source] 5 decode errors, last was: received RTP packet with unknown payload type: 50
2026/09/29 08:44:02 WAR [path cam_5064cd2c] [RTSP source] 5 decode errors, last was: received RTP packet with unknown payload type: 50
2026/09/29 08:44:02 WAR [path cam_3059f25c] [RTSP source] 5 decode errors, last was: received RTP packet with unknown payload type: 50
2026/09/29 08:44:03 WAR [path cam_5064cd2c] [RTSP source] 5 decode errors, last was: received RTP packet with unknown payload type: 50
2026/09/29 08:44:03 WAR [path cam_3059f25c] [RTSP source] 5 decode errors, last was: received RTP packet with unknown payload type: 50
2026/09/29 08:44:04 WAR [path cam_3059f25c] [RTSP source] 5 decode errors, last was: received RTP packet with unknown payload type: 50
2026/09/29 08:44:04 WAR [path cam_5064cd2c] [RTSP source] 5 decode errors, last was: received RTP packet with unknown payload type: 50
2026/09/29 08:44:05 WAR [path cam_5064cd2c] [RTSP source] 5 decode errors, last was: received RTP packet with unknown payload type: 50
2026/09/29 08:44:05 WAR [path cam_3059f25c] [RTSP source] 5 decode errors, last was: received RTP packet with unknown payload type: 50
2026/09/29 08:44:06 WAR [path cam_5064cd2c] [RTSP source] 5 decode errors, last was: received RTP packet with unknown payload type: 50
2026/09/29 08:44:06 WAR [path cam_3059f25c] [RTSP source] 5 decode errors, last was: received RTP packet with unknown payload type: 50
2026/09/29 08:44:07 WAR [path cam_3059f25c] [RTSP source] 5 decode errors, last was: received RTP packet with unknown payload type: 50
2026/09/29 08:44:07 WAR [path cam_5064cd2c] [RTSP source] 5 decode errors, last was: received RTP packet with unknown payload type: 50
2026/09/29 08:44:08 WAR [path cam_5064cd2c] [RTSP source] 5 decode errors, last was: received RTP packet with unknown payload type: 50
2026/09/29 08:44:08 WAR [path cam_3059f25c] [RTSP source] 5 decode errors, last was: received RTP packet with unknown payload type: 50
2026/09/29 08:44:09 WAR [path cam_5064cd2c] [RTSP source] 5 decode errors, last was: received RTP packet with unknown payload type: 50
2026/09/29 08:44:09 WAR [path cam_3059f25c] [RTSP source] 5 decode errors, last was: received RTP packet with unknown payload type: 50
2026/09/29 08:44:10 WAR [path cam_3059f25c] [RTSP source] 5 decode errors, last was: received RTP packet with unknown payload type: 50
2026/09/29 08:44:10 WAR [path cam_5064cd2c] [RTSP source] 5 decode errors, last was: received RTP packet with unknown payload type: 50
2026/09/29 08:44:11 WAR [path cam_5064cd2c] [RTSP source] 5 decode errors, last was: received RTP packet with unknown payload type: 50
2026/09/29 08:44:11 WAR [path cam_3059f25c] [RTSP source] 5 decode errors, last was: received RTP packet with unknown payload type: 50
2026/09/29 08:44:12 WAR [path cam_5064cd2c] [RTSP source] 5 decode errors, last was: received RTP packet with unknown payload type: 50
2026/09/29 08:44:12 WAR [path cam_3059f25c] [RTSP source] 5 decode errors, last was: received RTP packet with unknown payload type: 50
2026/09/29 08:44:13 WAR [path cam_3059f25c] [RTSP source] 5 decode errors, last was: received RTP packet with unknown payload type: 50
2026/09/29 08:44:13 WAR [path cam_5064cd2c] [RTSP source] 5 decode errors, last was: received RTP packet with unknown payload type: 50
2026/09/29 08:44:14 WAR [path cam_3059f25c] [RTSP source] 5 decode errors, last was: received RTP packet with unknown payload type: 50
2026/09/29 08:44:14 WAR [path cam_5064cd2c] [RTSP source] 5 decode errors, last was: received RTP packet with unknown payload type: 50
2026/09/29 08:44:15 WAR [path cam_5064cd2c] [RTSP source] 5 decode errors, last was: received RTP packet with unknown payload type: 50
2026/09/29 08:44:15 WAR [path cam_3059f25c] [RTSP source] 5 decode errors, last was: received RTP packet with unknown payload type: 50
2026/09/29 08:44:16 WAR [path cam_3059f25c] [RTSP source] 5 decode errors, last was: received RTP packet with unknown payload type: 50
2026/09/29 08:44:16 WAR [path cam_5064cd2c] [RTSP source] 5 decode errors, last was: received RTP packet with unknown payload type: 50
2026/09/29 08:44:17 WAR [path cam_5064cd2c] [RTSP source] 5 decode errors, last was: received RTP packet with unknown payload type: 50
2026/09/29 08:44:17 WAR [path cam_3059f25c] [RTSP source] 5 decode errors, last was: received RTP packet with unknown payload type: 50
2026/09/29 08:44:18 WAR [path cam_3059f25c] [RTSP source] 5 decode errors, last was: received RTP packet with unknown payload type: 50
2026/09/29 08:44:18 WAR [path cam_5064cd2c] [RTSP source] 5 decode errors, last was: received RTP packet with unknown payload type: 50
2026/09/29 08:44:19 WAR [path cam_3059f25c] [RTSP source] 5 decode errors, last was: received RTP packet with unknown payload type: 50
2026/09/29 08:44:19 WAR [path cam_5064cd2c] [RTSP source] 5 decode errors, last was: received RTP packet with unknown payload type: 50
2026/09/29 08:44:20 WAR [path cam_5064cd2c] [RTSP source] 5 decode errors, last was: received RTP packet with unknown payload type: 50
2026/09/29 08:44:20 WAR [path cam_3059f25c] [RTSP source] 5 decode errors, last was: received RTP packet with unknown payload type: 50
2026/09/29 08:44:21 WAR [path cam_3059f25c] [RTSP source] 5 decode errors, last was: received RTP packet with unknown payload type: 50
2026/09/29 08:44:21 WAR [path cam_5064cd2c] [RTSP source] 5 decode errors, last was: received RTP packet with unknown payload type: 50
2026/09/29 08:44:22 WAR [path cam_5064cd2c] [RTSP source] 5 decode errors, last was: received RTP packet with unknown payload type: 50
2026/09/29 08:44:22 WAR [path cam_3059f25c] [RTSP source] 5 decode errors, last was: received RTP packet with unknown payload type: 50
2026/09/29 08:44:23 WAR [path cam_5064cd2c] [RTSP source] 5 decode errors, last was: received RTP packet with unknown payload type: 50
2026/09/29 08:44:23 WAR [path cam_3059f25c] [RTSP source] 5 decode errors, last was: received RTP packet with unknown payload type: 50
2026/09/29 08:44:24 WAR [path cam_3059f25c] [RTSP source] 5 decode errors, last was: received RTP packet with unknown payload type: 50
2026/09/29 08:44:24 WAR [path cam_5064cd2c] [RTSP source] 5 decode errors, last was: received RTP packet with unknown payload type: 50
2026/09/29 08:44:25 WAR [path cam_3059f25c] [RTSP source] 5 decode errors, last was: received RTP packet with unknown payload type: 50
2026/09/29 08:44:25 WAR [path cam_5064cd2c] [RTSP source] 5 decode errors, last was: received RTP packet with unknown payload type: 50
2026/09/29 08:44:26 WAR [path cam_5064cd2c] [RTSP source] 5 decode errors, last was: received RTP packet with unknown payload type: 50
2026/09/29 08:44:26 WAR [path cam_3059f25c] [RTSP source] 5 decode errors, last was: received RTP packet with unknown payload type: 50
2026/09/29 08:44:27 WAR [path cam_5064cd2c] [RTSP source] 5 decode errors, last was: received RTP packet with unknown payload type: 50
2026/09/29 08:44:27 WAR [path cam_3059f25c] [RTSP source] 5 decode errors, last was: received RTP packet with unknown payload type: 50
2026/09/29 08:44:28 WAR [path cam_5064cd2c] [RTSP source] 5 decode errors, last was: received RTP packet with unknown payload type: 50
2026/09/29 08:44:28 WAR [path cam_3059f25c] [RTSP source] 5 decode errors, last was: received RTP packet with unknown payload type: 50
2026/09/29 08:44:29 WAR [path cam_3059f25c] [RTSP source] 5 decode errors, last was: received RTP packet with unknown payload type: 50
2026/09/29 08:44:29 WAR [path cam_5064cd2c] [RTSP source] 5 decode errors, last was: received RTP packet with unknown payload type: 50
2026/09/29 08:44:30 WAR [path cam_3059f25c] [RTSP source] 5 decode errors, last was: received RTP packet with unknown payload type: 50
2026/09/29 08:44:30 WAR [path cam_5064cd2c] [RTSP source] 5 decode errors, last was: received RTP packet with unknown payload type: 50
2026/09/29 08:44:31 WAR [path cam_5064cd2c] [RTSP source] 5 decode errors, last was: received RTP packet with unknown payload type: 50
2026/09/29 08:44:31 WAR [path cam_3059f25c] [RTSP source] 5 decode errors, last was: received RTP packet with unknown payload type: 50
2026/09/29 08:44:32 WAR [path cam_3059f25c] [RTSP source] 5 decode errors, last was: received RTP packet with unknown payload type: 50
2026/09/29 08:44:32 WAR [path cam_5064cd2c] [RTSP source] 5 decode errors, last was: received RTP packet with unknown payload type: 50
2026/09/29 08:44:33 WAR [path cam_5064cd2c] [RTSP source] 5 decode errors, last was: received RTP packet with unknown payload type: 50
2026/09/29 08:44:33 WAR [path cam_3059f25c] [RTSP source] 5 decode errors, last was: received RTP packet with unknown payload type: 50
2026/09/29 08:44:33 WAR [path cam_1e437edf] [RTSP source] 5 RTP packets lost
2026/09/29 08:44:33 WAR [path cam_1e437edf] 42 processing errors, last was: invalid fragmentation unit (non-starting)
2026/09/29 08:44:34 WAR [path cam_5064cd2c] [RTSP source] 5 decode errors, last was: received RTP packet with unknown payload type: 50
2026/09/29 08:44:34 WAR [path cam_3059f25c] [RTSP source] 5 decode errors, last was: received RTP packet with unknown payload type: 50
2026/09/29 08:44:35 WAR [path cam_3059f25c] [RTSP source] 5 decode errors, last was: received RTP packet with unknown payload type: 50
2026/09/29 08:44:35 WAR [path cam_5064cd2c] [RTSP source] 5 decode errors, last was: received RTP packet with unknown payload type: 50
2026/09/29 08:44:36 WAR [path cam_3059f25c] [RTSP source] 5 decode errors, last was: received RTP packet with unknown payload type: 50
2026/09/29 08:44:36 WAR [path cam_5064cd2c] [RTSP source] 5 decode errors, last was: received RTP packet with unknown payload type: 50
2026/09/29 08:44:37 WAR [path cam_5064cd2c] [RTSP source] 5 decode errors, last was: received RTP packet with unknown payload type: 50
2026/09/29 08:44:37 WAR [path cam_3059f25c] [RTSP source] 5 decode errors, last was: received RTP packet with unknown payload type: 50
2026/09/29 08:44:38 WAR [path cam_3059f25c] [RTSP source] 5 decode errors, last was: received RTP packet with unknown payload type: 50
2026/09/29 08:44:38 WAR [path cam_5064cd2c] [RTSP source] 5 decode errors, last was: received RTP packet with unknown payload type: 50
2026/09/29 08:44:39 WAR [path cam_3059f25c] [RTSP source] 5 decode errors, last was: received RTP packet with unknown payload type: 50
2026/09/29 08:44:39 WAR [path cam_5064cd2c] [RTSP source] 5 decode errors, last was: received RTP packet with unknown payload type: 50
2026/09/29 08:44:40 WAR [path cam_5064cd2c] [RTSP source] 5 decode errors, last was: received RTP packet with unknown payload type: 50
2026/09/29 08:44:40 WAR [path cam_3059f25c] [RTSP source] 5 decode errors, last was: received RTP packet with unknown payload type: 50
2026/09/29 08:44:41 WAR [path cam_3059f25c] [RTSP source] 5 decode errors, last was: received RTP packet with unknown payload type: 50
2026/09/29 08:44:41 WAR [path cam_5064cd2c] [RTSP source] 5 decode errors, last was: received RTP packet with unknown payload type: 50
2026/09/29 08:44:42 WAR [path cam_3059f25c] [RTSP source] 5 decode errors, last was: received RTP packet with unknown payload type: 50
2026/09/29 08:44:42 WAR [path cam_5064cd2c] [RTSP source] 5 decode errors, last was: received RTP packet with unknown payload type: 50
2026/09/29 08:44:43 WAR [path cam_5064cd2c] [RTSP source] 5 decode errors, last was: received RTP packet with unknown payload type: 50
2026/09/29 08:44:43 WAR [path cam_3059f25c] [RTSP source] 5 decode errors, last was: received RTP packet with unknown payload type: 50
2026/09/29 08:44:44 WAR [path cam_5064cd2c] [RTSP source] 5 decode errors, last was: received RTP packet with unknown payload type: 50
2026/09/29 08:44:44 WAR [path cam_3059f25c] [RTSP source] 5 decode errors, last was: received RTP packet with unknown payload type: 50
2026/09/29 08:44:45 WAR [path cam_3059f25c] [RTSP source] 5 decode errors, last was: received RTP packet with unknown payload type: 50
2026/09/29 08:44:45 WAR [path cam_5064cd2c] [RTSP source] 5 decode errors, last was: received RTP packet with unknown payload type: 50
2026/09/29 08:44:46 WAR [path cam_3059f25c] [RTSP source] 5 decode errors, last was: received RTP packet with unknown payload type: 50
2026/09/29 08:44:46 WAR [path cam_5064cd2c] [RTSP source] 5 decode errors, last was: received RTP packet with unknown payload type: 50
2026/09/29 08:44:47 WAR [path cam_3059f25c] [RTSP source] 5 decode errors, last was: received RTP packet with unknown payload type: 50
2026/09/29 08:44:47 WAR [path cam_5064cd2c] [RTSP source] 5 decode errors, last was: received RTP packet with unknown payload type: 50
2026/09/29 08:44:48 WAR [path cam_3059f25c] [RTSP source] 5 decode errors, last was: received RTP packet with unknown payload type: 50
2026/09/29 08:44:48 WAR [path cam_5064cd2c] [RTSP source] 5 decode errors, last was: received RTP packet with unknown payload type: 50
